"date","day","temp","time","tank","day_tank","pot","treatment","stand_water","individual","line_length","deltaL","datetime","week","labels_datetime","Temperature","ccLabel"
"10/24/2019","D1",20,"10:30","tank4","D1_H1","HW","heating","yes","Red",225,0,"10/24/2019 10:30","week1","tank4_heating_yes_10/24/2019 10:30",16.13195031,"tank4_heating_yes_Red"
"10/24/2019","D1",20,"10:30","tank4","D1_H1","HNW","heating","no","Red",225,0,"10/24/2019 10:30","week1","tank4_heating_no_10/24/2019 10:30",16.46689584,"tank4_heating_no_Red"
"10/24/2019","D1",20,"10:30","tank3","D1_H2","HW","heating","yes","Red",224,0,"10/24/2019 10:30","week1","tank3_heating_yes_10/24/2019 10:30",16.4615505,"tank3_heating_yes_Red"
"10/24/2019","D1",20,"10:30","tank3","D1_H2","HNW","heating","no","Red",229,0,"10/24/2019 10:30","week1","tank3_heating_no_10/24/2019 10:30",16.41601503,"tank3_heating_no_Red"
"10/24/2019","D1",20,"10:30","tank2","D1_C2","CW","control","yes","Red",224,0,"10/24/2019 10:30","week1","tank2_control_yes_10/24/2019 10:30",16.96576056,"tank2_control_yes_Red"
"10/24/2019","D1",20,"10:30","tank2","D1_C2","CNW","control","no","Red",226,0,"10/24/2019 10:30","week1","tank2_control_no_10/24/2019 10:30",17.25855592,"tank2_control_no_Red"
"10/24/2019","D1",20,"10:30","tank1","D1_C1","CW","control","yes","Red",231,0,"10/24/2019 10:30","week1","tank1_control_yes_10/24/2019 10:30",17.07868083,"tank1_control_yes_Red"
"10/24/2019","D1",20,"10:30","tank1","D1_C1","CNW","control","no","Red",224,0,"10/24/2019 10:30","week1","tank1_control_no_10/24/2019 10:30",16.62181199,"tank1_control_no_Red"
"10/25/2019","D2",20,"10:30","tank4","D2_H1","HW","heating","yes","Red",227,0,"10/25/2019 10:30","week1","tank4_heating_yes_10/25/2019 10:30",15.99672912,"tank4_heating_yes_Red"
"10/25/2019","D2",20,"10:30","tank4","D2_H1","HNW","heating","no","Red",227,0,"10/25/2019 10:30","week1","tank4_heating_no_10/25/2019 10:30",16.3132698,"tank4_heating_no_Red"
"10/25/2019","D2",20,"10:30","tank3","D2_H2","HW","heating","yes","Red",224,0,"10/25/2019 10:30","week1","tank3_heating_yes_10/25/2019 10:30",16.30756819,"tank3_heating_yes_Red"
"10/25/2019","D2",20,"10:30","tank3","D2_H2","HNW","heating","no","Red",232,0,"10/25/2019 10:30","week1","tank3_heating_no_10/25/2019 10:30",16.2815378,"tank3_heating_no_Red"
"10/25/2019","D2",20,"10:30","tank2","D2_C2","CW","control","yes","Red",228,0,"10/25/2019 10:30","week1","tank2_control_yes_10/25/2019 10:30",16.81996719,"tank2_control_yes_Red"
"10/25/2019","D2",20,"10:30","tank2","D2_C2","CNW","control","no","Red",228,0,"10/25/2019 10:30","week1","tank2_control_no_10/25/2019 10:30",17.01749214,"tank2_control_no_Red"
"10/25/2019","D2",20,"10:30","tank1","D2_C1","CW","control","yes","Red",229,0,"10/25/2019 10:30","week1","tank1_control_yes_10/25/2019 10:30",16.90558492,"tank1_control_yes_Red"
"10/25/2019","D2",20,"10:30","tank1","D2_C1","CNW","control","no","Red",226,0,"10/25/2019 10:30","week1","tank1_control_no_10/25/2019 10:30",16.42026704,"tank1_control_no_Red"
"10/26/2019","D3",20,"10:30","tank4","D3_H1","HW","heating","yes","Red",226,0,"10/26/2019 10:30","week1","tank4_heating_yes_10/26/2019 10:30",16.03536374,"tank4_heating_yes_Red"
"10/26/2019","D3",20,"10:30","tank4","D3_H1","HNW","heating","no","Red",227,0,"10/26/2019 10:30","week1","tank4_heating_no_10/26/2019 10:30",16.40928607,"tank4_heating_no_Red"
"10/26/2019","D3",20,"10:30","tank3","D3_H2","HW","heating","yes","Red",226,0,"10/26/2019 10:30","week1","tank3_heating_yes_10/26/2019 10:30",16.32681598,"tank3_heating_yes_Red"
"10/26/2019","D3",20,"10:30","tank3","D3_H2","HNW","heating","no","Red",228,0,"10/26/2019 10:30","week1","tank3_heating_no_10/26/2019 10:30",16.30074883,"tank3_heating_no_Red"
"10/26/2019","D3",20,"10:30","tank2","D3_C2","CW","control","yes","Red",228,0,"10/26/2019 10:30","week1","tank2_control_yes_10/26/2019 10:30",16.81996719,"tank2_control_yes_Red"
"10/26/2019","D3",20,"10:30","tank2","D3_C2","CNW","control","no","Red",226,0,"10/26/2019 10:30","week1","tank2_control_no_10/26/2019 10:30",17.03677724,"tank2_control_no_Red"
"10/26/2019","D3",20,"10:30","tank1","D3_C1","CW","control","yes","Red",232,0,"10/26/2019 10:30","week1","tank1_control_yes_10/26/2019 10:30",16.83826984,"tank1_control_yes_Red"
"10/26/2019","D3",20,"10:30","tank1","D3_C1","CNW","control","no","Red",224,0,"10/26/2019 10:30","week1","tank1_control_no_10/26/2019 10:30",16.34348802,"tank1_control_no_Red"
"10/27/2019","D4",20,"10:30","tank4","D4_H1","HW","heating","yes","Red",225,0,"10/27/2019 10:30","week1","tank4_heating_yes_10/27/2019 10:30",16.05468106,"tank4_heating_yes_Red"
"10/27/2019","D4",20,"10:30","tank4","D4_H1","HNW","heating","no","Red",228,0,"10/27/2019 10:30","week1","tank4_heating_no_10/27/2019 10:30",16.33247306,"tank4_heating_no_Red"
"10/27/2019","D4",20,"10:30","tank3","D4_H2","HW","heating","yes","Red",222,0,"10/27/2019 10:30","week1","tank3_heating_yes_10/27/2019 10:30",16.27869651,"tank3_heating_yes_Red"
"10/27/2019","D4",20,"10:30","tank3","D4_H2","HNW","heating","no","Red",231,0,"10/27/2019 10:30","week1","tank3_heating_no_10/27/2019 10:30",16.21429918,"tank3_heating_no_Red"
"10/27/2019","D4",20,"10:30","tank2","D4_C2","CW","control","yes","Red",227,0,"10/27/2019 10:30","week1","tank2_control_yes_10/27/2019 10:30",16.78108896,"tank2_control_yes_Red"
"10/27/2019","D4",20,"10:30","tank2","D4_C2","CNW","control","no","Red",226,0,"10/27/2019 10:30","week1","tank2_control_no_10/27/2019 10:30",17.01749214,"tank2_control_no_Red"
"10/27/2019","D4",20,"10:30","tank1","D4_C1","CW","control","yes","Red",229,0,"10/27/2019 10:30","week1","tank1_control_yes_10/27/2019 10:30",16.7805712,"tank1_control_yes_Red"
"10/27/2019","D4",20,"10:30","tank1","D4_C1","CNW","control","no","Red",225,0,"10/27/2019 10:30","week1","tank1_control_no_10/27/2019 10:30",16.25711161,"tank1_control_no_Red"
"10/28/2019","D5",20,"10:30","tank4","D5_H1","HW","heating","yes","Red",225,0,"10/28/2019 10:30","week1","tank4_heating_yes_10/28/2019 10:30",16.06433971,"tank4_heating_yes_Red"
"10/28/2019","D5",20,"10:30","tank4","D5_H1","HNW","heating","no","Red",227,0,"10/28/2019 10:30","week1","tank4_heating_no_10/28/2019 10:30",16.27486329,"tank4_heating_no_Red"
"10/28/2019","D5",20,"10:30","tank3","D5_H2","HW","heating","yes","Red",224,0,"10/28/2019 10:30","week1","tank3_heating_yes_10/28/2019 10:30",16.24982483,"tank3_heating_yes_Red"
"10/28/2019","D5",20,"10:30","tank3","D5_H2","HNW","heating","no","Red",230,0,"10/28/2019 10:30","week1","tank3_heating_no_10/28/2019 10:30",16.30074883,"tank3_heating_no_Red"
"10/28/2019","D5",20,"10:30","tank2","D5_C2","CW","control","yes","Red",227,0,"10/28/2019 10:30","week1","tank2_control_yes_10/28/2019 10:30",16.86856498,"tank2_control_yes_Red"
"10/28/2019","D5",20,"10:30","tank2","D5_C2","CNW","control","no","Red",225,0,"10/28/2019 10:30","week1","tank2_control_no_10/28/2019 10:30",17.08498999,"tank2_control_no_Red"
"10/28/2019","D5",20,"10:30","tank1","D5_C1","CW","control","yes","Red",227,0,"10/28/2019 10:30","week1","tank1_control_yes_10/28/2019 10:30",16.79018764,"tank1_control_yes_Red"
"10/28/2019","D5",20,"10:30","tank1","D5_C1","CNW","control","no","Red",224,0,"10/28/2019 10:30","week1","tank1_control_no_10/28/2019 10:30",16.32429326,"tank1_control_no_Red"
"10/24/2019","D1",20,"10:30","tank4","D1_H1","HW","heating","yes","Yellow",223,0,"10/24/2019 10:30","week1","tank4_heating_yes_10/24/2019 10:30",16.13195031,"tank4_heating_yes_Yellow"
"10/24/2019","D1",20,"10:30","tank4","D1_H1","HNW","heating","no","Yellow",228,0,"10/24/2019 10:30","week1","tank4_heating_no_10/24/2019 10:30",16.46689584,"tank4_heating_no_Yellow"
"10/24/2019","D1",20,"10:30","tank3","D1_H2","HW","heating","yes","Yellow",223,0,"10/24/2019 10:30","week1","tank3_heating_yes_10/24/2019 10:30",16.4615505,"tank3_heating_yes_Yellow"
"10/24/2019","D1",20,"10:30","tank3","D1_H2","HNW","heating","no","Yellow",226,0,"10/24/2019 10:30","week1","tank3_heating_no_10/24/2019 10:30",16.41601503,"tank3_heating_no_Yellow"
"10/24/2019","D1",20,"10:30","tank2","D1_C2","CW","control","yes","Yellow",229,0,"10/24/2019 10:30","week1","tank2_control_yes_10/24/2019 10:30",16.96576056,"tank2_control_yes_Yellow"
"10/24/2019","D1",20,"10:30","tank2","D1_C2","CNW","control","no","Yellow",224,0,"10/24/2019 10:30","week1","tank2_control_no_10/24/2019 10:30",17.25855592,"tank2_control_no_Yellow"
"10/24/2019","D1",20,"10:30","tank1","D1_C1","CW","control","yes","Yellow",227,0,"10/24/2019 10:30","week1","tank1_control_yes_10/24/2019 10:30",17.07868083,"tank1_control_yes_Yellow"
"10/24/2019","D1",20,"10:30","tank1","D1_C1","CNW","control","no","Yellow",230,0,"10/24/2019 10:30","week1","tank1_control_no_10/24/2019 10:30",16.62181199,"tank1_control_no_Yellow"
"10/25/2019","D2",20,"10:30","tank4","D2_H1","HW","heating","yes","Yellow",225,0,"10/25/2019 10:30","week1","tank4_heating_yes_10/25/2019 10:30",15.99672912,"tank4_heating_yes_Yellow"
"10/25/2019","D2",20,"10:30","tank4","D2_H1","HNW","heating","no","Yellow",227,0,"10/25/2019 10:30","week1","tank4_heating_no_10/25/2019 10:30",16.3132698,"tank4_heating_no_Yellow"
"10/25/2019","D2",20,"10:30","tank3","D2_H2","HW","heating","yes","Yellow",224,0,"10/25/2019 10:30","week1","tank3_heating_yes_10/25/2019 10:30",16.30756819,"tank3_heating_yes_Yellow"
"10/25/2019","D2",20,"10:30","tank3","D2_H2","HNW","heating","no","Yellow",223,0,"10/25/2019 10:30","week1","tank3_heating_no_10/25/2019 10:30",16.2815378,"tank3_heating_no_Yellow"
"10/25/2019","D2",20,"10:30","tank2","D2_C2","CW","control","yes","Yellow",232,0,"10/25/2019 10:30","week1","tank2_control_yes_10/25/2019 10:30",16.81996719,"tank2_control_yes_Yellow"
"10/25/2019","D2",20,"10:30","tank2","D2_C2","CNW","control","no","Yellow",219,0,"10/25/2019 10:30","week1","tank2_control_no_10/25/2019 10:30",17.01749214,"tank2_control_no_Yellow"
"10/25/2019","D2",20,"10:30","tank1","D2_C1","CW","control","yes","Yellow",227,0,"10/25/2019 10:30","week1","tank1_control_yes_10/25/2019 10:30",16.90558492,"tank1_control_yes_Yellow"
"10/25/2019","D2",20,"10:30","tank1","D2_C1","CNW","control","no","Yellow",229,0,"10/25/2019 10:30","week1","tank1_control_no_10/25/2019 10:30",16.42026704,"tank1_control_no_Yellow"
"10/26/2019","D3",20,"10:30","tank4","D3_H1","HW","heating","yes","Yellow",227,0,"10/26/2019 10:30","week1","tank4_heating_yes_10/26/2019 10:30",16.03536374,"tank4_heating_yes_Yellow"
"10/26/2019","D3",20,"10:30","tank4","D3_H1","HNW","heating","no","Yellow",233,0,"10/26/2019 10:30","week1","tank4_heating_no_10/26/2019 10:30",16.40928607,"tank4_heating_no_Yellow"
"10/26/2019","D3",20,"10:30","tank3","D3_H2","HW","heating","yes","Yellow",223,0,"10/26/2019 10:30","week1","tank3_heating_yes_10/26/2019 10:30",16.32681598,"tank3_heating_yes_Yellow"
"10/26/2019","D3",20,"10:30","tank3","D3_H2","HNW","heating","no","Yellow",223,0,"10/26/2019 10:30","week1","tank3_heating_no_10/26/2019 10:30",16.30074883,"tank3_heating_no_Yellow"
"10/26/2019","D3",20,"10:30","tank2","D3_C2","CW","control","yes","Yellow",230,0,"10/26/2019 10:30","week1","tank2_control_yes_10/26/2019 10:30",16.81996719,"tank2_control_yes_Yellow"
"10/26/2019","D3",20,"10:30","tank2","D3_C2","CNW","control","no","Yellow",221,0,"10/26/2019 10:30","week1","tank2_control_no_10/26/2019 10:30",17.03677724,"tank2_control_no_Yellow"
"10/26/2019","D3",20,"10:30","tank1","D3_C1","CW","control","yes","Yellow",226,0,"10/26/2019 10:30","week1","tank1_control_yes_10/26/2019 10:30",16.83826984,"tank1_control_yes_Yellow"
"10/26/2019","D3",20,"10:30","tank1","D3_C1","CNW","control","no","Yellow",223,0,"10/26/2019 10:30","week1","tank1_control_no_10/26/2019 10:30",16.34348802,"tank1_control_no_Yellow"
"10/27/2019","D4",20,"10:30","tank4","D4_H1","HW","heating","yes","Yellow",226,0,"10/27/2019 10:30","week1","tank4_heating_yes_10/27/2019 10:30",16.05468106,"tank4_heating_yes_Yellow"
"10/27/2019","D4",20,"10:30","tank4","D4_H1","HNW","heating","no","Yellow",230,0,"10/27/2019 10:30","week1","tank4_heating_no_10/27/2019 10:30",16.33247306,"tank4_heating_no_Yellow"
"10/27/2019","D4",20,"10:30","tank3","D4_H2","HW","heating","yes","Yellow",225,0,"10/27/2019 10:30","week1","tank3_heating_yes_10/27/2019 10:30",16.27869651,"tank3_heating_yes_Yellow"
"10/27/2019","D4",20,"10:30","tank3","D4_H2","HNW","heating","no","Yellow",226,0,"10/27/2019 10:30","week1","tank3_heating_no_10/27/2019 10:30",16.21429918,"tank3_heating_no_Yellow"
"10/27/2019","D4",20,"10:30","tank2","D4_C2","CW","control","yes","Yellow",229,0,"10/27/2019 10:30","week1","tank2_control_yes_10/27/2019 10:30",16.78108896,"tank2_control_yes_Yellow"
"10/27/2019","D4",20,"10:30","tank2","D4_C2","CNW","control","no","Yellow",222,0,"10/27/2019 10:30","week1","tank2_control_no_10/27/2019 10:30",17.01749214,"tank2_control_no_Yellow"
"10/27/2019","D4",20,"10:30","tank1","D4_C1","CW","control","yes","Yellow",228,0,"10/27/2019 10:30","week1","tank1_control_yes_10/27/2019 10:30",16.7805712,"tank1_control_yes_Yellow"
"10/27/2019","D4",20,"10:30","tank1","D4_C1","CNW","control","no","Yellow",223,0,"10/27/2019 10:30","week1","tank1_control_no_10/27/2019 10:30",16.25711161,"tank1_control_no_Yellow"
"10/28/2019","D5",20,"10:30","tank4","D5_H1","HW","heating","yes","Yellow",224,0,"10/28/2019 10:30","week1","tank4_heating_yes_10/28/2019 10:30",16.06433971,"tank4_heating_yes_Yellow"
"10/28/2019","D5",20,"10:30","tank4","D5_H1","HNW","heating","no","Yellow",231,0,"10/28/2019 10:30","week1","tank4_heating_no_10/28/2019 10:30",16.27486329,"tank4_heating_no_Yellow"
"10/28/2019","D5",20,"10:30","tank3","D5_H2","HW","heating","yes","Yellow",225,0,"10/28/2019 10:30","week1","tank3_heating_yes_10/28/2019 10:30",16.24982483,"tank3_heating_yes_Yellow"
"10/28/2019","D5",20,"10:30","tank3","D5_H2","HNW","heating","no","Yellow",224,0,"10/28/2019 10:30","week1","tank3_heating_no_10/28/2019 10:30",16.30074883,"tank3_heating_no_Yellow"
"10/28/2019","D5",20,"10:30","tank2","D5_C2","CW","control","yes","Yellow",228,0,"10/28/2019 10:30","week1","tank2_control_yes_10/28/2019 10:30",16.86856498,"tank2_control_yes_Yellow"
"10/28/2019","D5",20,"10:30","tank2","D5_C2","CNW","control","no","Yellow",222,0,"10/28/2019 10:30","week1","tank2_control_no_10/28/2019 10:30",17.08498999,"tank2_control_no_Yellow"
"10/28/2019","D5",20,"10:30","tank1","D5_C1","CW","control","yes","Yellow",226,0,"10/28/2019 10:30","week1","tank1_control_yes_10/28/2019 10:30",16.79018764,"tank1_control_yes_Yellow"
"10/28/2019","D5",20,"10:30","tank1","D5_C1","CNW","control","no","Yellow",223,0,"10/28/2019 10:30","week1","tank1_control_no_10/28/2019 10:30",16.32429326,"tank1_control_no_Yellow"
"10/24/2019","D1",20,"10:30","tank4","D1_H1","HW","heating","yes","Black",222,0,"10/24/2019 10:30","week1","tank4_heating_yes_10/24/2019 10:30",16.13195031,"tank4_heating_yes_Black"
"10/24/2019","D1",20,"10:30","tank4","D1_H1","HNW","heating","no","Black",226,0,"10/24/2019 10:30","week1","tank4_heating_no_10/24/2019 10:30",16.46689584,"tank4_heating_no_Black"
"10/24/2019","D1",20,"10:30","tank3","D1_H2","HW","heating","yes","Black",223,0,"10/24/2019 10:30","week1","tank3_heating_yes_10/24/2019 10:30",16.4615505,"tank3_heating_yes_Black"
"10/24/2019","D1",20,"10:30","tank3","D1_H2","HNW","heating","no","Black",226,0,"10/24/2019 10:30","week1","tank3_heating_no_10/24/2019 10:30",16.41601503,"tank3_heating_no_Black"
"10/24/2019","D1",20,"10:30","tank2","D1_C2","CW","control","yes","Black",225,0,"10/24/2019 10:30","week1","tank2_control_yes_10/24/2019 10:30",16.96576056,"tank2_control_yes_Black"
"10/24/2019","D1",20,"10:30","tank2","D1_C2","CNW","control","no","Black",224,0,"10/24/2019 10:30","week1","tank2_control_no_10/24/2019 10:30",17.25855592,"tank2_control_no_Black"
"10/24/2019","D1",20,"10:30","tank1","D1_C1","CW","control","yes","Black",230,0,"10/24/2019 10:30","week1","tank1_control_yes_10/24/2019 10:30",17.07868083,"tank1_control_yes_Black"
"10/24/2019","D1",20,"10:30","tank1","D1_C1","CNW","control","no","Black",224,0,"10/24/2019 10:30","week1","tank1_control_no_10/24/2019 10:30",16.62181199,"tank1_control_no_Black"
"10/25/2019","D2",20,"10:30","tank4","D2_H1","HW","heating","yes","Black",225,0,"10/25/2019 10:30","week1","tank4_heating_yes_10/25/2019 10:30",15.99672912,"tank4_heating_yes_Black"
"10/25/2019","D2",20,"10:30","tank4","D2_H1","HNW","heating","no","Black",225,0,"10/25/2019 10:30","week1","tank4_heating_no_10/25/2019 10:30",16.3132698,"tank4_heating_no_Black"
"10/25/2019","D2",20,"10:30","tank3","D2_H2","HW","heating","yes","Black",223,0,"10/25/2019 10:30","week1","tank3_heating_yes_10/25/2019 10:30",16.30756819,"tank3_heating_yes_Black"
"10/25/2019","D2",20,"10:30","tank3","D2_H2","HNW","heating","no","Black",218,0,"10/25/2019 10:30","week1","tank3_heating_no_10/25/2019 10:30",16.2815378,"tank3_heating_no_Black"
"10/25/2019","D2",20,"10:30","tank2","D2_C2","CW","control","yes","Black",222,0,"10/25/2019 10:30","week1","tank2_control_yes_10/25/2019 10:30",16.81996719,"tank2_control_yes_Black"
"10/25/2019","D2",20,"10:30","tank2","D2_C2","CNW","control","no","Black",223,0,"10/25/2019 10:30","week1","tank2_control_no_10/25/2019 10:30",17.01749214,"tank2_control_no_Black"
"10/25/2019","D2",20,"10:30","tank1","D2_C1","CW","control","yes","Black",229,0,"10/25/2019 10:30","week1","tank1_control_yes_10/25/2019 10:30",16.90558492,"tank1_control_yes_Black"
"10/25/2019","D2",20,"10:30","tank1","D2_C1","CNW","control","no","Black",232,0,"10/25/2019 10:30","week1","tank1_control_no_10/25/2019 10:30",16.42026704,"tank1_control_no_Black"
"10/26/2019","D3",20,"10:30","tank4","D3_H1","HW","heating","yes","Black",225,0,"10/26/2019 10:30","week1","tank4_heating_yes_10/26/2019 10:30",16.03536374,"tank4_heating_yes_Black"
"10/26/2019","D3",20,"10:30","tank4","D3_H1","HNW","heating","no","Black",226,0,"10/26/2019 10:30","week1","tank4_heating_no_10/26/2019 10:30",16.40928607,"tank4_heating_no_Black"
"10/26/2019","D3",20,"10:30","tank3","D3_H2","HW","heating","yes","Black",223,0,"10/26/2019 10:30","week1","tank3_heating_yes_10/26/2019 10:30",16.32681598,"tank3_heating_yes_Black"
"10/26/2019","D3",20,"10:30","tank3","D3_H2","HNW","heating","no","Black",222,0,"10/26/2019 10:30","week1","tank3_heating_no_10/26/2019 10:30",16.30074883,"tank3_heating_no_Black"
"10/26/2019","D3",20,"10:30","tank2","D3_C2","CW","control","yes","Black",226,0,"10/26/2019 10:30","week1","tank2_control_yes_10/26/2019 10:30",16.81996719,"tank2_control_yes_Black"
"10/26/2019","D3",20,"10:30","tank2","D3_C2","CNW","control","no","Black",222,0,"10/26/2019 10:30","week1","tank2_control_no_10/26/2019 10:30",17.03677724,"tank2_control_no_Black"
"10/26/2019","D3",20,"10:30","tank1","D3_C1","CW","control","yes","Black",228,0,"10/26/2019 10:30","week1","tank1_control_yes_10/26/2019 10:30",16.83826984,"tank1_control_yes_Black"
"10/26/2019","D3",20,"10:30","tank1","D3_C1","CNW","control","no","Black",226,0,"10/26/2019 10:30","week1","tank1_control_no_10/26/2019 10:30",16.34348802,"tank1_control_no_Black"
"10/27/2019","D4",20,"10:30","tank4","D4_H1","HW","heating","yes","Black",226,0,"10/27/2019 10:30","week1","tank4_heating_yes_10/27/2019 10:30",16.05468106,"tank4_heating_yes_Black"
"10/27/2019","D4",20,"10:30","tank4","D4_H1","HNW","heating","no","Black",227,0,"10/27/2019 10:30","week1","tank4_heating_no_10/27/2019 10:30",16.33247306,"tank4_heating_no_Black"
"10/27/2019","D4",20,"10:30","tank3","D4_H2","HW","heating","yes","Black",223,0,"10/27/2019 10:30","week1","tank3_heating_yes_10/27/2019 10:30",16.27869651,"tank3_heating_yes_Black"
"10/27/2019","D4",20,"10:30","tank3","D4_H2","HNW","heating","no","Black",225,0,"10/27/2019 10:30","week1","tank3_heating_no_10/27/2019 10:30",16.21429918,"tank3_heating_no_Black"
"10/27/2019","D4",20,"10:30","tank2","D4_C2","CW","control","yes","Black",225,0,"10/27/2019 10:30","week1","tank2_control_yes_10/27/2019 10:30",16.78108896,"tank2_control_yes_Black"
"10/27/2019","D4",20,"10:30","tank2","D4_C2","CNW","control","no","Black",223,0,"10/27/2019 10:30","week1","tank2_control_no_10/27/2019 10:30",17.01749214,"tank2_control_no_Black"
"10/27/2019","D4",20,"10:30","tank1","D4_C1","CW","control","yes","Black",232,0,"10/27/2019 10:30","week1","tank1_control_yes_10/27/2019 10:30",16.7805712,"tank1_control_yes_Black"
"10/27/2019","D4",20,"10:30","tank1","D4_C1","CNW","control","no","Black",225,0,"10/27/2019 10:30","week1","tank1_control_no_10/27/2019 10:30",16.25711161,"tank1_control_no_Black"
"10/28/2019","D5",20,"10:30","tank4","D5_H1","HW","heating","yes","Black",224,0,"10/28/2019 10:30","week1","tank4_heating_yes_10/28/2019 10:30",16.06433971,"tank4_heating_yes_Black"
"10/28/2019","D5",20,"10:30","tank4","D5_H1","HNW","heating","no","Black",228,0,"10/28/2019 10:30","week1","tank4_heating_no_10/28/2019 10:30",16.27486329,"tank4_heating_no_Black"
"10/28/2019","D5",20,"10:30","tank3","D5_H2","HW","heating","yes","Black",221,0,"10/28/2019 10:30","week1","tank3_heating_yes_10/28/2019 10:30",16.24982483,"tank3_heating_yes_Black"
"10/28/2019","D5",20,"10:30","tank3","D5_H2","HNW","heating","no","Black",221,0,"10/28/2019 10:30","week1","tank3_heating_no_10/28/2019 10:30",16.30074883,"tank3_heating_no_Black"
"10/28/2019","D5",20,"10:30","tank2","D5_C2","CW","control","yes","Black",224,0,"10/28/2019 10:30","week1","tank2_control_yes_10/28/2019 10:30",16.86856498,"tank2_control_yes_Black"
"10/28/2019","D5",20,"10:30","tank2","D5_C2","CNW","control","no","Black",224,0,"10/28/2019 10:30","week1","tank2_control_no_10/28/2019 10:30",17.08498999,"tank2_control_no_Black"
"10/28/2019","D5",20,"10:30","tank1","D5_C1","CW","control","yes","Black",229,0,"10/28/2019 10:30","week1","tank1_control_yes_10/28/2019 10:30",16.79018764,"tank1_control_yes_Black"
"10/28/2019","D5",20,"10:30","tank1","D5_C1","CNW","control","no","Black",226,0,"10/28/2019 10:30","week1","tank1_control_no_10/28/2019 10:30",16.32429326,"tank1_control_no_Black"
"10/24/2019","D1",20,"10:30","tank4","D1_H1","HW","heating","yes","White",224,0,"10/24/2019 10:30","week1","tank4_heating_yes_10/24/2019 10:30",16.13195031,"tank4_heating_yes_White"
"10/24/2019","D1",20,"10:30","tank4","D1_H1","HNW","heating","no","White",220,0,"10/24/2019 10:30","week1","tank4_heating_no_10/24/2019 10:30",16.46689584,"tank4_heating_no_White"
"10/24/2019","D1",20,"10:30","tank3","D1_H2","HW","heating","yes","White",232,0,"10/24/2019 10:30","week1","tank3_heating_yes_10/24/2019 10:30",16.4615505,"tank3_heating_yes_White"
"10/24/2019","D1",20,"10:30","tank3","D1_H2","HNW","heating","no","White",230,0,"10/24/2019 10:30","week1","tank3_heating_no_10/24/2019 10:30",16.41601503,"tank3_heating_no_White"
"10/24/2019","D1",20,"10:30","tank2","D1_C2","CW","control","yes","White",227,0,"10/24/2019 10:30","week1","tank2_control_yes_10/24/2019 10:30",16.96576056,"tank2_control_yes_White"
"10/24/2019","D1",20,"10:30","tank2","D1_C2","CNW","control","no","White",228,0,"10/24/2019 10:30","week1","tank2_control_no_10/24/2019 10:30",17.25855592,"tank2_control_no_White"
"10/24/2019","D1",20,"10:30","tank1","D1_C1","CW","control","yes","White",216,0,"10/24/2019 10:30","week1","tank1_control_yes_10/24/2019 10:30",17.07868083,"tank1_control_yes_White"
"10/24/2019","D1",20,"10:30","tank1","D1_C1","CNW","control","no","White",223,0,"10/24/2019 10:30","week1","tank1_control_no_10/24/2019 10:30",16.62181199,"tank1_control_no_White"
"10/25/2019","D2",20,"10:30","tank4","D2_H1","HW","heating","yes","White",228,0,"10/25/2019 10:30","week1","tank4_heating_yes_10/25/2019 10:30",15.99672912,"tank4_heating_yes_White"
"10/25/2019","D2",20,"10:30","tank4","D2_H1","HNW","heating","no","White",221,0,"10/25/2019 10:30","week1","tank4_heating_no_10/25/2019 10:30",16.3132698,"tank4_heating_no_White"
"10/25/2019","D2",20,"10:30","tank3","D2_H2","HW","heating","yes","White",227,0,"10/25/2019 10:30","week1","tank3_heating_yes_10/25/2019 10:30",16.30756819,"tank3_heating_yes_White"
"10/25/2019","D2",20,"10:30","tank3","D2_H2","HNW","heating","no","White",230,0,"10/25/2019 10:30","week1","tank3_heating_no_10/25/2019 10:30",16.2815378,"tank3_heating_no_White"
"10/25/2019","D2",20,"10:30","tank2","D2_C2","CW","control","yes","White",223,0,"10/25/2019 10:30","week1","tank2_control_yes_10/25/2019 10:30",16.81996719,"tank2_control_yes_White"
"10/25/2019","D2",20,"10:30","tank2","D2_C2","CNW","control","no","White",226,0,"10/25/2019 10:30","week1","tank2_control_no_10/25/2019 10:30",17.01749214,"tank2_control_no_White"
"10/25/2019","D2",20,"10:30","tank1","D2_C1","CW","control","yes","White",222,0,"10/25/2019 10:30","week1","tank1_control_yes_10/25/2019 10:30",16.90558492,"tank1_control_yes_White"
"10/25/2019","D2",20,"10:30","tank1","D2_C1","CNW","control","no","White",224,0,"10/25/2019 10:30","week1","tank1_control_no_10/25/2019 10:30",16.42026704,"tank1_control_no_White"
"10/26/2019","D3",20,"10:30","tank4","D3_H1","HW","heating","yes","White",224,0,"10/26/2019 10:30","week1","tank4_heating_yes_10/26/2019 10:30",16.03536374,"tank4_heating_yes_White"
"10/26/2019","D3",20,"10:30","tank4","D3_H1","HNW","heating","no","White",222,0,"10/26/2019 10:30","week1","tank4_heating_no_10/26/2019 10:30",16.40928607,"tank4_heating_no_White"
"10/26/2019","D3",20,"10:30","tank3","D3_H2","HW","heating","yes","White",228,0,"10/26/2019 10:30","week1","tank3_heating_yes_10/26/2019 10:30",16.32681598,"tank3_heating_yes_White"
"10/26/2019","D3",20,"10:30","tank3","D3_H2","HNW","heating","no","White",231,0,"10/26/2019 10:30","week1","tank3_heating_no_10/26/2019 10:30",16.30074883,"tank3_heating_no_White"
"10/26/2019","D3",20,"10:30","tank2","D3_C2","CW","control","yes","White",223,0,"10/26/2019 10:30","week1","tank2_control_yes_10/26/2019 10:30",16.81996719,"tank2_control_yes_White"
"10/26/2019","D3",20,"10:30","tank2","D3_C2","CNW","control","no","White",225,0,"10/26/2019 10:30","week1","tank2_control_no_10/26/2019 10:30",17.03677724,"tank2_control_no_White"
"10/26/2019","D3",20,"10:30","tank1","D3_C1","CW","control","yes","White",221,0,"10/26/2019 10:30","week1","tank1_control_yes_10/26/2019 10:30",16.83826984,"tank1_control_yes_White"
"10/26/2019","D3",20,"10:30","tank1","D3_C1","CNW","control","no","White",223,0,"10/26/2019 10:30","week1","tank1_control_no_10/26/2019 10:30",16.34348802,"tank1_control_no_White"
"10/27/2019","D4",20,"10:30","tank4","D4_H1","HW","heating","yes","White",227,0,"10/27/2019 10:30","week1","tank4_heating_yes_10/27/2019 10:30",16.05468106,"tank4_heating_yes_White"
"10/27/2019","D4",20,"10:30","tank4","D4_H1","HNW","heating","no","White",221,0,"10/27/2019 10:30","week1","tank4_heating_no_10/27/2019 10:30",16.33247306,"tank4_heating_no_White"
"10/27/2019","D4",20,"10:30","tank3","D4_H2","HW","heating","yes","White",227,0,"10/27/2019 10:30","week1","tank3_heating_yes_10/27/2019 10:30",16.27869651,"tank3_heating_yes_White"
"10/27/2019","D4",20,"10:30","tank3","D4_H2","HNW","heating","no","White",231,0,"10/27/2019 10:30","week1","tank3_heating_no_10/27/2019 10:30",16.21429918,"tank3_heating_no_White"
"10/27/2019","D4",20,"10:30","tank2","D4_C2","CW","control","yes","White",227,0,"10/27/2019 10:30","week1","tank2_control_yes_10/27/2019 10:30",16.78108896,"tank2_control_yes_White"
"10/27/2019","D4",20,"10:30","tank2","D4_C2","CNW","control","no","White",226,0,"10/27/2019 10:30","week1","tank2_control_no_10/27/2019 10:30",17.01749214,"tank2_control_no_White"
"10/27/2019","D4",20,"10:30","tank1","D4_C1","CW","control","yes","White",224,0,"10/27/2019 10:30","week1","tank1_control_yes_10/27/2019 10:30",16.7805712,"tank1_control_yes_White"
"10/27/2019","D4",20,"10:30","tank1","D4_C1","CNW","control","no","White",224,0,"10/27/2019 10:30","week1","tank1_control_no_10/27/2019 10:30",16.25711161,"tank1_control_no_White"
"10/28/2019","D5",20,"10:30","tank4","D5_H1","HW","heating","yes","White",227,0,"10/28/2019 10:30","week1","tank4_heating_yes_10/28/2019 10:30",16.06433971,"tank4_heating_yes_White"
"10/28/2019","D5",20,"10:30","tank4","D5_H1","HNW","heating","no","White",221,0,"10/28/2019 10:30","week1","tank4_heating_no_10/28/2019 10:30",16.27486329,"tank4_heating_no_White"
"10/28/2019","D5",20,"10:30","tank3","D5_H2","HW","heating","yes","White",230,0,"10/28/2019 10:30","week1","tank3_heating_yes_10/28/2019 10:30",16.24982483,"tank3_heating_yes_White"
"10/28/2019","D5",20,"10:30","tank3","D5_H2","HNW","heating","no","White",228,0,"10/28/2019 10:30","week1","tank3_heating_no_10/28/2019 10:30",16.30074883,"tank3_heating_no_White"
"10/28/2019","D5",20,"10:30","tank2","D5_C2","CW","control","yes","White",225,0,"10/28/2019 10:30","week1","tank2_control_yes_10/28/2019 10:30",16.86856498,"tank2_control_yes_White"
"10/28/2019","D5",20,"10:30","tank2","D5_C2","CNW","control","no","White",227,0,"10/28/2019 10:30","week1","tank2_control_no_10/28/2019 10:30",17.08498999,"tank2_control_no_White"
"10/28/2019","D5",20,"10:30","tank1","D5_C1","CW","control","yes","White",224,0,"10/28/2019 10:30","week1","tank1_control_yes_10/28/2019 10:30",16.79018764,"tank1_control_yes_White"
"10/28/2019","D5",20,"10:30","tank1","D5_C1","CNW","control","no","White",225,0,"10/28/2019 10:30","week1","tank1_control_no_10/28/2019 10:30",16.32429326,"tank1_control_no_White"
"10/24/2019","D1",20,"12:30","tank4","D1_H1","HW","heating","yes","Red",224,-1,"10/24/2019 12:30","week1","tank4_heating_yes_10/24/2019 12:30",15.97741181,"tank4_heating_yes_Red"
"10/24/2019","D1",20,"12:30","tank4","D1_H1","HNW","heating","no","Red",227,2,"10/24/2019 12:30","week1","tank4_heating_no_10/24/2019 12:30",15.96761123,"tank4_heating_no_Red"
"10/24/2019","D1",20,"12:30","tank3","D1_H2","HW","heating","yes","Red",225,1,"10/24/2019 12:30","week1","tank3_heating_yes_10/24/2019 12:30",16.25944872,"tank3_heating_yes_Red"
"10/24/2019","D1",20,"12:30","tank3","D1_H2","HNW","heating","no","Red",227,-2,"10/24/2019 12:30","week1","tank3_heating_no_10/24/2019 12:30",16.32956538,"tank3_heating_no_Red"
"10/24/2019","D1",20,"12:30","tank2","D1_C2","CW","control","yes","Red",224,0,"10/24/2019 12:30","week1","tank2_control_yes_10/24/2019 12:30",16.69361294,"tank2_control_yes_Red"
"10/24/2019","D1",20,"12:30","tank2","D1_C2","CNW","control","no","Red",222,-4,"10/24/2019 12:30","week1","tank2_control_no_10/24/2019 12:30",16.85356876,"tank2_control_no_Red"
"10/24/2019","D1",20,"12:30","tank1","D1_C1","CW","control","yes","Red",230,-1,"10/24/2019 12:30","week1","tank1_control_yes_10/24/2019 12:30",17.09791371,"tank1_control_yes_Red"
"10/24/2019","D1",20,"12:30","tank1","D1_C1","CNW","control","no","Red",224,0,"10/24/2019 12:30","week1","tank1_control_no_10/24/2019 12:30",16.3530854,"tank1_control_no_Red"
"10/25/2019","D2",20,"12:30","tank4","D2_H1","HW","heating","yes","Red",227,0,"10/25/2019 12:30","week1","tank4_heating_yes_10/25/2019 12:30",15.86150793,"tank4_heating_yes_Red"
"10/25/2019","D2",20,"12:30","tank4","D2_H1","HNW","heating","no","Red",226,-1,"10/25/2019 12:30","week1","tank4_heating_no_10/25/2019 12:30",15.87159495,"tank4_heating_no_Red"
"10/25/2019","D2",20,"12:30","tank3","D2_H2","HW","heating","yes","Red",225,1,"10/25/2019 12:30","week1","tank3_heating_yes_10/25/2019 12:30",16.05734694,"tank3_heating_yes_Red"
"10/25/2019","D2",20,"12:30","tank3","D2_H2","HNW","heating","no","Red",228,-4,"10/25/2019 12:30","week1","tank3_heating_no_10/25/2019 12:30",15.7532344,"tank3_heating_no_Red"
"10/25/2019","D2",20,"12:30","tank2","D2_C2","CW","control","yes","Red",229,1,"10/25/2019 12:30","week1","tank2_control_yes_10/25/2019 12:30",16.76164984,"tank2_control_yes_Red"
"10/25/2019","D2",20,"12:30","tank2","D2_C2","CNW","control","no","Red",224,-4,"10/25/2019 12:30","week1","tank2_control_no_10/25/2019 12:30",16.88249642,"tank2_control_no_Red"
"10/25/2019","D2",20,"12:30","tank1","D2_C1","CW","control","yes","Red",229,0,"10/25/2019 12:30","week1","tank1_control_yes_10/25/2019 12:30",16.84788628,"tank1_control_yes_Red"
"10/25/2019","D2",20,"12:30","tank1","D2_C1","CNW","control","no","Red",226,0,"10/25/2019 12:30","week1","tank1_control_no_10/25/2019 12:30",16.2187221,"tank1_control_no_Red"
"10/26/2019","D3",20,"12:30","tank4","D3_H1","HW","heating","yes","Red",226,0,"10/26/2019 12:30","week1","tank4_heating_yes_10/26/2019 12:30",15.99672912,"tank4_heating_yes_Red"
"10/26/2019","D3",20,"12:30","tank4","D3_H1","HNW","heating","no","Red",226,-1,"10/26/2019 12:30","week1","tank4_heating_no_10/26/2019 12:30",16.33247306,"tank4_heating_no_Red"
"10/26/2019","D3",20,"12:30","tank3","D3_H2","HW","heating","yes","Red",225,-1,"10/26/2019 12:30","week1","tank3_heating_yes_10/26/2019 12:30",16.18245757,"tank3_heating_yes_Red"
"10/26/2019","D3",20,"12:30","tank3","D3_H2","HNW","heating","no","Red",229,1,"10/26/2019 12:30","week1","tank3_heating_no_10/26/2019 12:30",15.93573921,"tank3_heating_no_Red"
"10/26/2019","D3",20,"12:30","tank2","D3_C2","CW","control","yes","Red",226,-2,"10/26/2019 12:30","week1","tank2_control_yes_10/26/2019 12:30",16.74221073,"tank2_control_yes_Red"
"10/26/2019","D3",20,"12:30","tank2","D3_C2","CNW","control","no","Red",224,-2,"10/26/2019 12:30","week1","tank2_control_no_10/26/2019 12:30",17.27784102,"tank2_control_no_Red"
"10/26/2019","D3",20,"12:30","tank1","D3_C1","CW","control","yes","Red",231,-1,"10/26/2019 12:30","week1","tank1_control_yes_10/26/2019 12:30",16.7805712,"tank1_control_yes_Red"
"10/26/2019","D3",20,"12:30","tank1","D3_C1","CNW","control","no","Red",222,-2,"10/26/2019 12:30","week1","tank1_control_no_10/26/2019 12:30",16.28590375,"tank1_control_no_Red"
"10/27/2019","D4",20,"12:30","tank4","D4_H1","HW","heating","yes","Red",226,1,"10/27/2019 12:30","week1","tank4_heating_yes_10/27/2019 12:30",16.05468106,"tank4_heating_yes_Red"
"10/27/2019","D4",20,"12:30","tank4","D4_H1","HNW","heating","no","Red",226,-2,"10/27/2019 12:30","week1","tank4_heating_no_10/27/2019 12:30",16.40928607,"tank4_heating_no_Red"
"10/27/2019","D4",20,"12:30","tank3","D4_H2","HW","heating","yes","Red",222,0,"10/27/2019 12:30","week1","tank3_heating_yes_10/27/2019 12:30",16.31719209,"tank3_heating_yes_Red"
"10/27/2019","D4",20,"12:30","tank3","D4_H2","HNW","heating","no","Red",229,-2,"10/27/2019 12:30","week1","tank3_heating_no_10/27/2019 12:30",16.31995986,"tank3_heating_no_Red"
"10/27/2019","D4",20,"12:30","tank2","D4_C2","CW","control","yes","Red",225,-2,"10/27/2019 12:30","week1","tank2_control_yes_10/27/2019 12:30",16.85884543,"tank2_control_yes_Red"
"10/27/2019","D4",20,"12:30","tank2","D4_C2","CNW","control","no","Red",225,-1,"10/27/2019 12:30","week1","tank2_control_no_10/27/2019 12:30",16.97892193,"tank2_control_no_Red"
"10/27/2019","D4",20,"12:30","tank1","D4_C1","CW","control","yes","Red",229,0,"10/27/2019 12:30","week1","tank1_control_yes_10/27/2019 12:30",16.79980408,"tank1_control_yes_Red"
"10/27/2019","D4",20,"12:30","tank1","D4_C1","CNW","control","no","Red",224,-1,"10/27/2019 12:30","week1","tank1_control_no_10/27/2019 12:30",16.31469588,"tank1_control_no_Red"
"10/28/2019","D5",20,"12:30","tank4","D5_H1","HW","heating","yes","Red",226,1,"10/28/2019 12:30","week1","tank4_heating_yes_10/28/2019 12:30",15.96775315,"tank4_heating_yes_Red"
"10/28/2019","D5",20,"12:30","tank4","D5_H1","HNW","heating","no","Red",227,0,"10/28/2019 12:30","week1","tank4_heating_no_10/28/2019 12:30",16.34207468,"tank4_heating_no_Red"
"10/28/2019","D5",20,"12:30","tank3","D5_H2","HW","heating","yes","Red",225,1,"10/28/2019 12:30","week1","tank3_heating_yes_10/28/2019 12:30",16.30756819,"tank3_heating_yes_Red"
"10/28/2019","D5",20,"12:30","tank3","D5_H2","HNW","heating","no","Red",228,-2,"10/28/2019 12:30","week1","tank3_heating_no_10/28/2019 12:30",16.2815378,"tank3_heating_no_Red"
"10/28/2019","D5",20,"12:30","tank2","D5_C2","CW","control","yes","Red",226,-1,"10/28/2019 12:30","week1","tank2_control_yes_10/28/2019 12:30",16.86856498,"tank2_control_yes_Red"
"10/28/2019","D5",20,"12:30","tank2","D5_C2","CNW","control","no","Red",224,-1,"10/28/2019 12:30","week1","tank2_control_no_10/28/2019 12:30",17.1235602,"tank2_control_no_Red"
"10/28/2019","D5",20,"12:30","tank1","D5_C1","CW","control","yes","Red",228,1,"10/28/2019 12:30","week1","tank1_control_yes_10/28/2019 12:30",16.84788628,"tank1_control_yes_Red"
"10/28/2019","D5",20,"12:30","tank1","D5_C1","CNW","control","no","Red",223,-1,"10/28/2019 12:30","week1","tank1_control_no_10/28/2019 12:30",16.26670899,"tank1_control_no_Red"
"10/24/2019","D1",20,"12:30","tank4","D1_H1","HW","heating","yes","Yellow",225,2,"10/24/2019 12:30","week1","tank4_heating_yes_10/24/2019 12:30",15.97741181,"tank4_heating_yes_Yellow"
"10/24/2019","D1",20,"12:30","tank4","D1_H1","HNW","heating","no","Yellow",227,-1,"10/24/2019 12:30","week1","tank4_heating_no_10/24/2019 12:30",15.96761123,"tank4_heating_no_Yellow"
"10/24/2019","D1",20,"12:30","tank3","D1_H2","HW","heating","yes","Yellow",222,-1,"10/24/2019 12:30","week1","tank3_heating_yes_10/24/2019 12:30",16.25944872,"tank3_heating_yes_Yellow"
"10/24/2019","D1",20,"12:30","tank3","D1_H2","HNW","heating","no","Yellow",223,-3,"10/24/2019 12:30","week1","tank3_heating_no_10/24/2019 12:30",16.32956538,"tank3_heating_no_Yellow"
"10/24/2019","D1",20,"12:30","tank2","D1_C2","CW","control","yes","Yellow",226,-3,"10/24/2019 12:30","week1","tank2_control_yes_10/24/2019 12:30",16.69361294,"tank2_control_yes_Yellow"
"10/24/2019","D1",20,"12:30","tank2","D1_C2","CNW","control","no","Yellow",220,-4,"10/24/2019 12:30","week1","tank2_control_no_10/24/2019 12:30",16.85356876,"tank2_control_no_Yellow"
"10/24/2019","D1",20,"12:30","tank1","D1_C1","CW","control","yes","Yellow",227,0,"10/24/2019 12:30","week1","tank1_control_yes_10/24/2019 12:30",17.09791371,"tank1_control_yes_Yellow"
"10/24/2019","D1",20,"12:30","tank1","D1_C1","CNW","control","no","Yellow",227,-3,"10/24/2019 12:30","week1","tank1_control_no_10/24/2019 12:30",16.3530854,"tank1_control_no_Yellow"
"10/25/2019","D2",20,"12:30","tank4","D2_H1","HW","heating","yes","Yellow",226,1,"10/25/2019 12:30","week1","tank4_heating_yes_10/25/2019 12:30",15.86150793,"tank4_heating_yes_Yellow"
"10/25/2019","D2",20,"12:30","tank4","D2_H1","HNW","heating","no","Yellow",227,0,"10/25/2019 12:30","week1","tank4_heating_no_10/25/2019 12:30",15.87159495,"tank4_heating_no_Yellow"
"10/25/2019","D2",20,"12:30","tank3","D2_H2","HW","heating","yes","Yellow",223,-1,"10/25/2019 12:30","week1","tank3_heating_yes_10/25/2019 12:30",16.05734694,"tank3_heating_yes_Yellow"
"10/25/2019","D2",20,"12:30","tank3","D2_H2","HNW","heating","no","Yellow",222,-1,"10/25/2019 12:30","week1","tank3_heating_no_10/25/2019 12:30",15.7532344,"tank3_heating_no_Yellow"
"10/25/2019","D2",20,"12:30","tank2","D2_C2","CW","control","yes","Yellow",229,-3,"10/25/2019 12:30","week1","tank2_control_yes_10/25/2019 12:30",16.76164984,"tank2_control_yes_Yellow"
"10/25/2019","D2",20,"12:30","tank2","D2_C2","CNW","control","no","Yellow",219,0,"10/25/2019 12:30","week1","tank2_control_no_10/25/2019 12:30",16.88249642,"tank2_control_no_Yellow"
"10/25/2019","D2",20,"12:30","tank1","D2_C1","CW","control","yes","Yellow",225,-2,"10/25/2019 12:30","week1","tank1_control_yes_10/25/2019 12:30",16.84788628,"tank1_control_yes_Yellow"
"10/25/2019","D2",20,"12:30","tank1","D2_C1","CNW","control","no","Yellow",226,-3,"10/25/2019 12:30","week1","tank1_control_no_10/25/2019 12:30",16.2187221,"tank1_control_no_Yellow"
"10/26/2019","D3",20,"12:30","tank4","D3_H1","HW","heating","yes","Yellow",227,0,"10/26/2019 12:30","week1","tank4_heating_yes_10/26/2019 12:30",15.99672912,"tank4_heating_yes_Yellow"
"10/26/2019","D3",20,"12:30","tank4","D3_H1","HNW","heating","no","Yellow",228,-5,"10/26/2019 12:30","week1","tank4_heating_no_10/26/2019 12:30",16.33247306,"tank4_heating_no_Yellow"
"10/26/2019","D3",20,"12:30","tank3","D3_H2","HW","heating","yes","Yellow",226,3,"10/26/2019 12:30","week1","tank3_heating_yes_10/26/2019 12:30",16.18245757,"tank3_heating_yes_Yellow"
"10/26/2019","D3",20,"12:30","tank3","D3_H2","HNW","heating","no","Yellow",223,0,"10/26/2019 12:30","week1","tank3_heating_no_10/26/2019 12:30",15.93573921,"tank3_heating_no_Yellow"
"10/26/2019","D3",20,"12:30","tank2","D3_C2","CW","control","yes","Yellow",228,-2,"10/26/2019 12:30","week1","tank2_control_yes_10/26/2019 12:30",16.74221073,"tank2_control_yes_Yellow"
"10/26/2019","D3",20,"12:30","tank2","D3_C2","CNW","control","no","Yellow",220,-1,"10/26/2019 12:30","week1","tank2_control_no_10/26/2019 12:30",17.27784102,"tank2_control_no_Yellow"
"10/26/2019","D3",20,"12:30","tank1","D3_C1","CW","control","yes","Yellow",226,0,"10/26/2019 12:30","week1","tank1_control_yes_10/26/2019 12:30",16.7805712,"tank1_control_yes_Yellow"
"10/26/2019","D3",20,"12:30","tank1","D3_C1","CNW","control","no","Yellow",222,-1,"10/26/2019 12:30","week1","tank1_control_no_10/26/2019 12:30",16.28590375,"tank1_control_no_Yellow"
"10/27/2019","D4",20,"12:30","tank4","D4_H1","HW","heating","yes","Yellow",227,1,"10/27/2019 12:30","week1","tank4_heating_yes_10/27/2019 12:30",16.05468106,"tank4_heating_yes_Yellow"
"10/27/2019","D4",20,"12:30","tank4","D4_H1","HNW","heating","no","Yellow",228,-2,"10/27/2019 12:30","week1","tank4_heating_no_10/27/2019 12:30",16.40928607,"tank4_heating_no_Yellow"
"10/27/2019","D4",20,"12:30","tank3","D4_H2","HW","heating","yes","Yellow",225,0,"10/27/2019 12:30","week1","tank3_heating_yes_10/27/2019 12:30",16.31719209,"tank3_heating_yes_Yellow"
"10/27/2019","D4",20,"12:30","tank3","D4_H2","HNW","heating","no","Yellow",225,-1,"10/27/2019 12:30","week1","tank3_heating_no_10/27/2019 12:30",16.31995986,"tank3_heating_no_Yellow"
"10/27/2019","D4",20,"12:30","tank2","D4_C2","CW","control","yes","Yellow",228,-1,"10/27/2019 12:30","week1","tank2_control_yes_10/27/2019 12:30",16.85884543,"tank2_control_yes_Yellow"
"10/27/2019","D4",20,"12:30","tank2","D4_C2","CNW","control","no","Yellow",221,-1,"10/27/2019 12:30","week1","tank2_control_no_10/27/2019 12:30",16.97892193,"tank2_control_no_Yellow"
"10/27/2019","D4",20,"12:30","tank1","D4_C1","CW","control","yes","Yellow",228,0,"10/27/2019 12:30","week1","tank1_control_yes_10/27/2019 12:30",16.79980408,"tank1_control_yes_Yellow"
"10/27/2019","D4",20,"12:30","tank1","D4_C1","CNW","control","no","Yellow",223,0,"10/27/2019 12:30","week1","tank1_control_no_10/27/2019 12:30",16.31469588,"tank1_control_no_Yellow"
"10/28/2019","D5",20,"12:30","tank4","D5_H1","HW","heating","yes","Yellow",226,2,"10/28/2019 12:30","week1","tank4_heating_yes_10/28/2019 12:30",15.96775315,"tank4_heating_yes_Yellow"
"10/28/2019","D5",20,"12:30","tank4","D5_H1","HNW","heating","no","Yellow",231,0,"10/28/2019 12:30","week1","tank4_heating_no_10/28/2019 12:30",16.34207468,"tank4_heating_no_Yellow"
"10/28/2019","D5",20,"12:30","tank3","D5_H2","HW","heating","yes","Yellow",226,1,"10/28/2019 12:30","week1","tank3_heating_yes_10/28/2019 12:30",16.30756819,"tank3_heating_yes_Yellow"
"10/28/2019","D5",20,"12:30","tank3","D5_H2","HNW","heating","no","Yellow",224,0,"10/28/2019 12:30","week1","tank3_heating_no_10/28/2019 12:30",16.2815378,"tank3_heating_no_Yellow"
"10/28/2019","D5",20,"12:30","tank2","D5_C2","CW","control","yes","Yellow",226,-2,"10/28/2019 12:30","week1","tank2_control_yes_10/28/2019 12:30",16.86856498,"tank2_control_yes_Yellow"
"10/28/2019","D5",20,"12:30","tank2","D5_C2","CNW","control","no","Yellow",221,-1,"10/28/2019 12:30","week1","tank2_control_no_10/28/2019 12:30",17.1235602,"tank2_control_no_Yellow"
"10/28/2019","D5",20,"12:30","tank1","D5_C1","CW","control","yes","Yellow",227,1,"10/28/2019 12:30","week1","tank1_control_yes_10/28/2019 12:30",16.84788628,"tank1_control_yes_Yellow"
"10/28/2019","D5",20,"12:30","tank1","D5_C1","CNW","control","no","Yellow",224,1,"10/28/2019 12:30","week1","tank1_control_no_10/28/2019 12:30",16.26670899,"tank1_control_no_Yellow"
"10/24/2019","D1",20,"12:30","tank4","D1_H1","HW","heating","yes","Black",224,2,"10/24/2019 12:30","week1","tank4_heating_yes_10/24/2019 12:30",15.97741181,"tank4_heating_yes_Black"
"10/24/2019","D1",20,"12:30","tank4","D1_H1","HNW","heating","no","Black",224,-2,"10/24/2019 12:30","week1","tank4_heating_no_10/24/2019 12:30",15.96761123,"tank4_heating_no_Black"
"10/24/2019","D1",20,"12:30","tank3","D1_H2","HW","heating","yes","Black",223,0,"10/24/2019 12:30","week1","tank3_heating_yes_10/24/2019 12:30",16.25944872,"tank3_heating_yes_Black"
"10/24/2019","D1",20,"12:30","tank3","D1_H2","HNW","heating","no","Black",218,-8,"10/24/2019 12:30","week1","tank3_heating_no_10/24/2019 12:30",16.32956538,"tank3_heating_no_Black"
"10/24/2019","D1",20,"12:30","tank2","D1_C2","CW","control","yes","Black",223,-2,"10/24/2019 12:30","week1","tank2_control_yes_10/24/2019 12:30",16.69361294,"tank2_control_yes_Black"
"10/24/2019","D1",20,"12:30","tank2","D1_C2","CNW","control","no","Black",220,-4,"10/24/2019 12:30","week1","tank2_control_no_10/24/2019 12:30",16.85356876,"tank2_control_no_Black"
"10/24/2019","D1",20,"12:30","tank1","D1_C1","CW","control","yes","Black",229,-1,"10/24/2019 12:30","week1","tank1_control_yes_10/24/2019 12:30",17.09791371,"tank1_control_yes_Black"
"10/24/2019","D1",20,"12:30","tank1","D1_C1","CNW","control","no","Black",224,0,"10/24/2019 12:30","week1","tank1_control_no_10/24/2019 12:30",16.3530854,"tank1_control_no_Black"
"10/25/2019","D2",20,"12:30","tank4","D2_H1","HW","heating","yes","Black",225,0,"10/25/2019 12:30","week1","tank4_heating_yes_10/25/2019 12:30",15.86150793,"tank4_heating_yes_Black"
"10/25/2019","D2",20,"12:30","tank4","D2_H1","HNW","heating","no","Black",225,0,"10/25/2019 12:30","week1","tank4_heating_no_10/25/2019 12:30",15.87159495,"tank4_heating_no_Black"
"10/25/2019","D2",20,"12:30","tank3","D2_H2","HW","heating","yes","Black",221,-2,"10/25/2019 12:30","week1","tank3_heating_yes_10/25/2019 12:30",16.05734694,"tank3_heating_yes_Black"
"10/25/2019","D2",20,"12:30","tank3","D2_H2","HNW","heating","no","Black",217,-1,"10/25/2019 12:30","week1","tank3_heating_no_10/25/2019 12:30",15.7532344,"tank3_heating_no_Black"
"10/25/2019","D2",20,"12:30","tank2","D2_C2","CW","control","yes","Black",219,-3,"10/25/2019 12:30","week1","tank2_control_yes_10/25/2019 12:30",16.76164984,"tank2_control_yes_Black"
"10/25/2019","D2",20,"12:30","tank2","D2_C2","CNW","control","no","Black",223,0,"10/25/2019 12:30","week1","tank2_control_no_10/25/2019 12:30",16.88249642,"tank2_control_no_Black"
"10/25/2019","D2",20,"12:30","tank1","D2_C1","CW","control","yes","Black",231,2,"10/25/2019 12:30","week1","tank1_control_yes_10/25/2019 12:30",16.84788628,"tank1_control_yes_Black"
"10/25/2019","D2",20,"12:30","tank1","D2_C1","CNW","control","no","Black",223,-9,"10/25/2019 12:30","week1","tank1_control_no_10/25/2019 12:30",16.2187221,"tank1_control_no_Black"
"10/26/2019","D3",20,"12:30","tank4","D3_H1","HW","heating","yes","Black",224,-1,"10/26/2019 12:30","week1","tank4_heating_yes_10/26/2019 12:30",15.99672912,"tank4_heating_yes_Black"
"10/26/2019","D3",20,"12:30","tank4","D3_H1","HNW","heating","no","Black",225,-1,"10/26/2019 12:30","week1","tank4_heating_no_10/26/2019 12:30",16.33247306,"tank4_heating_no_Black"
"10/26/2019","D3",20,"12:30","tank3","D3_H2","HW","heating","yes","Black",224,1,"10/26/2019 12:30","week1","tank3_heating_yes_10/26/2019 12:30",16.18245757,"tank3_heating_yes_Black"
"10/26/2019","D3",20,"12:30","tank3","D3_H2","HNW","heating","no","Black",220,-2,"10/26/2019 12:30","week1","tank3_heating_no_10/26/2019 12:30",15.93573921,"tank3_heating_no_Black"
"10/26/2019","D3",20,"12:30","tank2","D3_C2","CW","control","yes","Black",226,0,"10/26/2019 12:30","week1","tank2_control_yes_10/26/2019 12:30",16.74221073,"tank2_control_yes_Black"
"10/26/2019","D3",20,"12:30","tank2","D3_C2","CNW","control","no","Black",221,-1,"10/26/2019 12:30","week1","tank2_control_no_10/26/2019 12:30",17.27784102,"tank2_control_no_Black"
"10/26/2019","D3",20,"12:30","tank1","D3_C1","CW","control","yes","Black",228,0,"10/26/2019 12:30","week1","tank1_control_yes_10/26/2019 12:30",16.7805712,"tank1_control_yes_Black"
"10/26/2019","D3",20,"12:30","tank1","D3_C1","CNW","control","no","Black",224,-2,"10/26/2019 12:30","week1","tank1_control_no_10/26/2019 12:30",16.28590375,"tank1_control_no_Black"
"10/27/2019","D4",20,"12:30","tank4","D4_H1","HW","heating","yes","Black",224,-2,"10/27/2019 12:30","week1","tank4_heating_yes_10/27/2019 12:30",16.05468106,"tank4_heating_yes_Black"
"10/27/2019","D4",20,"12:30","tank4","D4_H1","HNW","heating","no","Black",226,-1,"10/27/2019 12:30","week1","tank4_heating_no_10/27/2019 12:30",16.40928607,"tank4_heating_no_Black"
"10/27/2019","D4",20,"12:30","tank3","D4_H2","HW","heating","yes","Black",223,0,"10/27/2019 12:30","week1","tank3_heating_yes_10/27/2019 12:30",16.31719209,"tank3_heating_yes_Black"
"10/27/2019","D4",20,"12:30","tank3","D4_H2","HNW","heating","no","Black",227,2,"10/27/2019 12:30","week1","tank3_heating_no_10/27/2019 12:30",16.31995986,"tank3_heating_no_Black"
"10/27/2019","D4",20,"12:30","tank2","D4_C2","CW","control","yes","Black",223,-2,"10/27/2019 12:30","week1","tank2_control_yes_10/27/2019 12:30",16.85884543,"tank2_control_yes_Black"
"10/27/2019","D4",20,"12:30","tank2","D4_C2","CNW","control","no","Black",223,0,"10/27/2019 12:30","week1","tank2_control_no_10/27/2019 12:30",16.97892193,"tank2_control_no_Black"
"10/27/2019","D4",20,"12:30","tank1","D4_C1","CW","control","yes","Black",231,-1,"10/27/2019 12:30","week1","tank1_control_yes_10/27/2019 12:30",16.79980408,"tank1_control_yes_Black"
"10/27/2019","D4",20,"12:30","tank1","D4_C1","CNW","control","no","Black",223,-2,"10/27/2019 12:30","week1","tank1_control_no_10/27/2019 12:30",16.31469588,"tank1_control_no_Black"
"10/28/2019","D5",20,"12:30","tank4","D5_H1","HW","heating","yes","Black",226,2,"10/28/2019 12:30","week1","tank4_heating_yes_10/28/2019 12:30",15.96775315,"tank4_heating_yes_Black"
"10/28/2019","D5",20,"12:30","tank4","D5_H1","HNW","heating","no","Black",226,-2,"10/28/2019 12:30","week1","tank4_heating_no_10/28/2019 12:30",16.34207468,"tank4_heating_no_Black"
"10/28/2019","D5",20,"12:30","tank3","D5_H2","HW","heating","yes","Black",222,1,"10/28/2019 12:30","week1","tank3_heating_yes_10/28/2019 12:30",16.30756819,"tank3_heating_yes_Black"
"10/28/2019","D5",20,"12:30","tank3","D5_H2","HNW","heating","no","Black",222,1,"10/28/2019 12:30","week1","tank3_heating_no_10/28/2019 12:30",16.2815378,"tank3_heating_no_Black"
"10/28/2019","D5",20,"12:30","tank2","D5_C2","CW","control","yes","Black",221,-3,"10/28/2019 12:30","week1","tank2_control_yes_10/28/2019 12:30",16.86856498,"tank2_control_yes_Black"
"10/28/2019","D5",20,"12:30","tank2","D5_C2","CNW","control","no","Black",222,-2,"10/28/2019 12:30","week1","tank2_control_no_10/28/2019 12:30",17.1235602,"tank2_control_no_Black"
"10/28/2019","D5",20,"12:30","tank1","D5_C1","CW","control","yes","Black",230,1,"10/28/2019 12:30","week1","tank1_control_yes_10/28/2019 12:30",16.84788628,"tank1_control_yes_Black"
"10/28/2019","D5",20,"12:30","tank1","D5_C1","CNW","control","no","Black",225,-1,"10/28/2019 12:30","week1","tank1_control_no_10/28/2019 12:30",16.26670899,"tank1_control_no_Black"
"10/24/2019","D1",20,"12:30","tank4","D1_H1","HW","heating","yes","White",221,-3,"10/24/2019 12:30","week1","tank4_heating_yes_10/24/2019 12:30",15.97741181,"tank4_heating_yes_White"
"10/24/2019","D1",20,"12:30","tank4","D1_H1","HNW","heating","no","White",220,0,"10/24/2019 12:30","week1","tank4_heating_no_10/24/2019 12:30",15.96761123,"tank4_heating_no_White"
"10/24/2019","D1",20,"12:30","tank3","D1_H2","HW","heating","yes","White",227,-5,"10/24/2019 12:30","week1","tank3_heating_yes_10/24/2019 12:30",16.25944872,"tank3_heating_yes_White"
"10/24/2019","D1",20,"12:30","tank3","D1_H2","HNW","heating","no","White",224,-6,"10/24/2019 12:30","week1","tank3_heating_no_10/24/2019 12:30",16.32956538,"tank3_heating_no_White"
"10/24/2019","D1",20,"12:30","tank2","D1_C2","CW","control","yes","White",220,-7,"10/24/2019 12:30","week1","tank2_control_yes_10/24/2019 12:30",16.69361294,"tank2_control_yes_White"
"10/24/2019","D1",20,"12:30","tank2","D1_C2","CNW","control","no","White",224,-4,"10/24/2019 12:30","week1","tank2_control_no_10/24/2019 12:30",16.85356876,"tank2_control_no_White"
"10/24/2019","D1",20,"12:30","tank1","D1_C1","CW","control","yes","White",219,3,"10/24/2019 12:30","week1","tank1_control_yes_10/24/2019 12:30",17.09791371,"tank1_control_yes_White"
"10/24/2019","D1",20,"12:30","tank1","D1_C1","CNW","control","no","White",224,1,"10/24/2019 12:30","week1","tank1_control_no_10/24/2019 12:30",16.3530854,"tank1_control_no_White"
"10/25/2019","D2",20,"12:30","tank4","D2_H1","HW","heating","yes","White",225,-3,"10/25/2019 12:30","week1","tank4_heating_yes_10/25/2019 12:30",15.86150793,"tank4_heating_yes_White"
"10/25/2019","D2",20,"12:30","tank4","D2_H1","HNW","heating","no","White",219,-2,"10/25/2019 12:30","week1","tank4_heating_no_10/25/2019 12:30",15.87159495,"tank4_heating_no_White"
"10/25/2019","D2",20,"12:30","tank3","D2_H2","HW","heating","yes","White",226,-1,"10/25/2019 12:30","week1","tank3_heating_yes_10/25/2019 12:30",16.05734694,"tank3_heating_yes_White"
"10/25/2019","D2",20,"12:30","tank3","D2_H2","HNW","heating","no","White",227,-3,"10/25/2019 12:30","week1","tank3_heating_no_10/25/2019 12:30",15.7532344,"tank3_heating_no_White"
"10/25/2019","D2",20,"12:30","tank2","D2_C2","CW","control","yes","White",221,-2,"10/25/2019 12:30","week1","tank2_control_yes_10/25/2019 12:30",16.76164984,"tank2_control_yes_White"
"10/25/2019","D2",20,"12:30","tank2","D2_C2","CNW","control","no","White",221,-5,"10/25/2019 12:30","week1","tank2_control_no_10/25/2019 12:30",16.88249642,"tank2_control_no_White"
"10/25/2019","D2",20,"12:30","tank1","D2_C1","CW","control","yes","White",220,-2,"10/25/2019 12:30","week1","tank1_control_yes_10/25/2019 12:30",16.84788628,"tank1_control_yes_White"
"10/25/2019","D2",20,"12:30","tank1","D2_C1","CNW","control","no","White",222,-2,"10/25/2019 12:30","week1","tank1_control_no_10/25/2019 12:30",16.2187221,"tank1_control_no_White"
"10/26/2019","D3",20,"12:30","tank4","D3_H1","HW","heating","yes","White",222,-2,"10/26/2019 12:30","week1","tank4_heating_yes_10/26/2019 12:30",15.99672912,"tank4_heating_yes_White"
"10/26/2019","D3",20,"12:30","tank4","D3_H1","HNW","heating","no","White",219,-3,"10/26/2019 12:30","week1","tank4_heating_no_10/26/2019 12:30",16.33247306,"tank4_heating_no_White"
"10/26/2019","D3",20,"12:30","tank3","D3_H2","HW","heating","yes","White",224,-4,"10/26/2019 12:30","week1","tank3_heating_yes_10/26/2019 12:30",16.18245757,"tank3_heating_yes_White"
"10/26/2019","D3",20,"12:30","tank3","D3_H2","HNW","heating","no","White",227,-4,"10/26/2019 12:30","week1","tank3_heating_no_10/26/2019 12:30",15.93573921,"tank3_heating_no_White"
"10/26/2019","D3",20,"12:30","tank2","D3_C2","CW","control","yes","White",222,-1,"10/26/2019 12:30","week1","tank2_control_yes_10/26/2019 12:30",16.74221073,"tank2_control_yes_White"
"10/26/2019","D3",20,"12:30","tank2","D3_C2","CNW","control","no","White",222,-3,"10/26/2019 12:30","week1","tank2_control_no_10/26/2019 12:30",17.27784102,"tank2_control_no_White"
"10/26/2019","D3",20,"12:30","tank1","D3_C1","CW","control","yes","White",220,-1,"10/26/2019 12:30","week1","tank1_control_yes_10/26/2019 12:30",16.7805712,"tank1_control_yes_White"
"10/26/2019","D3",20,"12:30","tank1","D3_C1","CNW","control","no","White",223,0,"10/26/2019 12:30","week1","tank1_control_no_10/26/2019 12:30",16.28590375,"tank1_control_no_White"
"10/27/2019","D4",20,"12:30","tank4","D4_H1","HW","heating","yes","White",228,1,"10/27/2019 12:30","week1","tank4_heating_yes_10/27/2019 12:30",16.05468106,"tank4_heating_yes_White"
"10/27/2019","D4",20,"12:30","tank4","D4_H1","HNW","heating","no","White",222,1,"10/27/2019 12:30","week1","tank4_heating_no_10/27/2019 12:30",16.40928607,"tank4_heating_no_White"
"10/27/2019","D4",20,"12:30","tank3","D4_H2","HW","heating","yes","White",228,1,"10/27/2019 12:30","week1","tank3_heating_yes_10/27/2019 12:30",16.31719209,"tank3_heating_yes_White"
"10/27/2019","D4",20,"12:30","tank3","D4_H2","HNW","heating","no","White",230,-1,"10/27/2019 12:30","week1","tank3_heating_no_10/27/2019 12:30",16.31995986,"tank3_heating_no_White"
"10/27/2019","D4",20,"12:30","tank2","D4_C2","CW","control","yes","White",223,-4,"10/27/2019 12:30","week1","tank2_control_yes_10/27/2019 12:30",16.85884543,"tank2_control_yes_White"
"10/27/2019","D4",20,"12:30","tank2","D4_C2","CNW","control","no","White",226,0,"10/27/2019 12:30","week1","tank2_control_no_10/27/2019 12:30",16.97892193,"tank2_control_no_White"
"10/27/2019","D4",20,"12:30","tank1","D4_C1","CW","control","yes","White",227,3,"10/27/2019 12:30","week1","tank1_control_yes_10/27/2019 12:30",16.79980408,"tank1_control_yes_White"
"10/27/2019","D4",20,"12:30","tank1","D4_C1","CNW","control","no","White",225,1,"10/27/2019 12:30","week1","tank1_control_no_10/27/2019 12:30",16.31469588,"tank1_control_no_White"
"10/28/2019","D5",20,"12:30","tank4","D5_H1","HW","heating","yes","White",228,1,"10/28/2019 12:30","week1","tank4_heating_yes_10/28/2019 12:30",15.96775315,"tank4_heating_yes_White"
"10/28/2019","D5",20,"12:30","tank4","D5_H1","HNW","heating","no","White",221,0,"10/28/2019 12:30","week1","tank4_heating_no_10/28/2019 12:30",16.34207468,"tank4_heating_no_White"
"10/28/2019","D5",20,"12:30","tank3","D5_H2","HW","heating","yes","White",227,-3,"10/28/2019 12:30","week1","tank3_heating_yes_10/28/2019 12:30",16.30756819,"tank3_heating_yes_White"
"10/28/2019","D5",20,"12:30","tank3","D5_H2","HNW","heating","no","White",226,-2,"10/28/2019 12:30","week1","tank3_heating_no_10/28/2019 12:30",16.2815378,"tank3_heating_no_White"
"10/28/2019","D5",20,"12:30","tank2","D5_C2","CW","control","yes","White",224,-1,"10/28/2019 12:30","week1","tank2_control_yes_10/28/2019 12:30",16.86856498,"tank2_control_yes_White"
"10/28/2019","D5",20,"12:30","tank2","D5_C2","CNW","control","no","White",224,-3,"10/28/2019 12:30","week1","tank2_control_no_10/28/2019 12:30",17.1235602,"tank2_control_no_White"
"10/28/2019","D5",20,"12:30","tank1","D5_C1","CW","control","yes","White",221,-3,"10/28/2019 12:30","week1","tank1_control_yes_10/28/2019 12:30",16.84788628,"tank1_control_yes_White"
"10/28/2019","D5",20,"12:30","tank1","D5_C1","CNW","control","no","White",224,-1,"10/28/2019 12:30","week1","tank1_control_no_10/28/2019 12:30",16.26670899,"tank1_control_no_White"
"10/24/2019","D1",20,"14:00","tank4","D1_H1","HW","heating","yes","Red",227,2,"10/24/2019 14:00","week1","tank4_heating_yes_10/24/2019 14:00",15.87116659,"tank4_heating_yes_Red"
"10/24/2019","D1",20,"14:00","tank4","D1_H1","HNW","heating","no","Red",226,1,"10/24/2019 14:00","week1","tank4_heating_no_10/24/2019 14:00",16.04442424,"tank4_heating_no_Red"
"10/24/2019","D1",20,"14:00","tank3","D1_H2","HW","heating","yes","Red",224,0,"10/24/2019 14:00","week1","tank3_heating_yes_10/24/2019 14:00",16.11509031,"tank3_heating_yes_Red"
"10/24/2019","D1",20,"14:00","tank3","D1_H2","HNW","heating","no","Red",227,-2,"10/24/2019 14:00","week1","tank3_heating_no_10/24/2019 14:00",16.08942747,"tank3_heating_no_Red"
"10/24/2019","D1",20,"14:00","tank2","D1_C2","CW","control","yes","Red",224,0,"10/24/2019 14:00","week1","tank2_control_yes_10/24/2019 14:00",16.45062398,"tank2_control_yes_Red"
"10/24/2019","D1",20,"14:00","tank2","D1_C2","CNW","control","no","Red",223,-3,"10/24/2019 14:00","week1","tank2_control_no_10/24/2019 14:00",16.77642835,"tank2_control_no_Red"
"10/24/2019","D1",20,"14:00","tank1","D1_C1","CW","control","yes","Red",232,1,"10/24/2019 14:00","week1","tank1_control_yes_10/24/2019 14:00",16.94405067,"tank1_control_yes_Red"
"10/24/2019","D1",20,"14:00","tank1","D1_C1","CNW","control","no","Red",224,0,"10/24/2019 14:00","week1","tank1_control_no_10/24/2019 14:00",16.31469588,"tank1_control_no_Red"
"10/25/2019","D2",20,"14:00","tank4","D2_H1","HW","heating","yes","Red",226,-1,"10/25/2019 14:00","week1","tank4_heating_yes_10/25/2019 14:00",15.65867615,"tank4_heating_yes_Red"
"10/25/2019","D2",20,"14:00","tank4","D2_H1","HNW","heating","no","Red",225,-2,"10/25/2019 14:00","week1","tank4_heating_no_10/25/2019 14:00",15.79478194,"tank4_heating_no_Red"
"10/25/2019","D2",20,"14:00","tank3","D2_H2","HW","heating","yes","Red",225,1,"10/25/2019 14:00","week1","tank3_heating_yes_10/25/2019 14:00",15.86486905,"tank3_heating_yes_Red"
"10/25/2019","D2",20,"14:00","tank3","D2_H2","HNW","heating","no","Red",226,-6,"10/25/2019 14:00","week1","tank3_heating_no_10/25/2019 14:00",15.47467443,"tank3_heating_no_Red"
"10/25/2019","D2",20,"14:00","tank2","D2_C2","CW","control","yes","Red",227,-1,"10/25/2019 14:00","week1","tank2_control_yes_10/25/2019 14:00",16.55753912,"tank2_control_yes_Red"
"10/25/2019","D2",20,"14:00","tank2","D2_C2","CNW","control","no","Red",223,-5,"10/25/2019 14:00","week1","tank2_control_no_10/25/2019 14:00",16.64143263,"tank2_control_no_Red"
"10/25/2019","D2",20,"14:00","tank1","D2_C1","CW","control","yes","Red",229,0,"10/25/2019 14:00","week1","tank1_control_yes_10/25/2019 14:00",16.62670817,"tank1_control_yes_Red"
"10/25/2019","D2",20,"14:00","tank1","D2_C1","CNW","control","no","Red",222,-4,"10/25/2019 14:00","week1","tank1_control_no_10/25/2019 14:00",16.0843588,"tank1_control_no_Red"
"10/26/2019","D3",20,"14:00","tank4","D3_H1","HW","heating","yes","Red",226,0,"10/26/2019 14:00","week1","tank4_heating_yes_10/26/2019 14:00",16.05468106,"tank4_heating_yes_Red"
"10/26/2019","D3",20,"14:00","tank4","D3_H1","HNW","heating","no","Red",227,0,"10/26/2019 14:00","week1","tank4_heating_no_10/26/2019 14:00",16.37087957,"tank4_heating_no_Red"
"10/26/2019","D3",20,"14:00","tank3","D3_H2","HW","heating","yes","Red",224,-2,"10/26/2019 14:00","week1","tank3_heating_yes_10/26/2019 14:00",15.94186021,"tank3_heating_yes_Red"
"10/26/2019","D3",20,"14:00","tank3","D3_H2","HNW","heating","no","Red",230,2,"10/26/2019 14:00","week1","tank3_heating_no_10/26/2019 14:00",15.7532344,"tank3_heating_no_Red"
"10/26/2019","D3",20,"14:00","tank2","D3_C2","CW","control","yes","Red",227,-1,"10/26/2019 14:00","week1","tank2_control_yes_10/26/2019 14:00",16.59641736,"tank2_control_yes_Red"
"10/26/2019","D3",20,"14:00","tank2","D3_C2","CNW","control","no","Red",224,-2,"10/26/2019 14:00","week1","tank2_control_no_10/26/2019 14:00",17.54783246,"tank2_control_no_Red"
"10/26/2019","D3",20,"14:00","tank1","D3_C1","CW","control","yes","Red",231,-1,"10/26/2019 14:00","week1","tank1_control_yes_10/26/2019 14:00",16.72287256,"tank1_control_yes_Red"
"10/26/2019","D3",20,"14:00","tank1","D3_C1","CNW","control","no","Red",223,-1,"10/26/2019 14:00","week1","tank1_control_no_10/26/2019 14:00",16.3050985,"tank1_control_no_Red"
"10/27/2019","D4",20,"14:00","tank4","D4_H1","HW","heating","yes","Red",226,1,"10/27/2019 14:00","week1","tank4_heating_yes_10/27/2019 14:00",15.93877718,"tank4_heating_yes_Red"
"10/27/2019","D4",20,"14:00","tank4","D4_H1","HNW","heating","no","Red",227,-1,"10/27/2019 14:00","week1","tank4_heating_no_10/27/2019 14:00",16.33247306,"tank4_heating_no_Red"
"10/27/2019","D4",20,"14:00","tank3","D4_H2","HW","heating","yes","Red",223,1,"10/27/2019 14:00","week1","tank3_heating_yes_10/27/2019 14:00",15.94186021,"tank3_heating_yes_Red"
"10/27/2019","D4",20,"14:00","tank3","D4_H2","HNW","heating","no","Red",230,-1,"10/27/2019 14:00","week1","tank3_heating_no_10/27/2019 14:00",15.77244543,"tank3_heating_no_Red"
"10/27/2019","D4",20,"14:00","tank2","D4_C2","CW","control","yes","Red",228,1,"10/27/2019 14:00","week1","tank2_control_yes_10/27/2019 14:00",16.67417382,"tank2_control_yes_Red"
"10/27/2019","D4",20,"14:00","tank2","D4_C2","CNW","control","no","Red",225,-1,"10/27/2019 14:00","week1","tank2_control_no_10/27/2019 14:00",17.36462398,"tank2_control_no_Red"
"10/27/2019","D4",20,"14:00","tank1","D4_C1","CW","control","yes","Red",230,1,"10/27/2019 14:00","week1","tank1_control_yes_10/27/2019 14:00",16.66517393,"tank1_control_yes_Red"
"10/27/2019","D4",20,"14:00","tank1","D4_C1","CNW","control","no","Red",224,-1,"10/27/2019 14:00","week1","tank1_control_no_10/27/2019 14:00",16.32429326,"tank1_control_no_Red"
"10/28/2019","D5",20,"14:00","tank4","D5_H1","HW","heating","yes","Red",226,1,"10/28/2019 14:00","week1","tank4_heating_yes_10/28/2019 14:00",15.85184927,"tank4_heating_yes_Red"
"10/28/2019","D5",20,"14:00","tank4","D5_H1","HNW","heating","no","Red",227,0,"10/28/2019 14:00","week1","tank4_heating_no_10/28/2019 14:00",16.26526167,"tank4_heating_no_Red"
"10/28/2019","D5",20,"14:00","tank3","D5_H2","HW","heating","yes","Red",226,2,"10/28/2019 14:00","week1","tank3_heating_yes_10/28/2019 14:00",15.93223631,"tank3_heating_yes_Red"
"10/28/2019","D5",20,"14:00","tank3","D5_H2","HNW","heating","no","Red",227,-3,"10/28/2019 14:00","week1","tank3_heating_no_10/28/2019 14:00",15.82047301,"tank3_heating_no_Red"
"10/28/2019","D5",20,"14:00","tank2","D5_C2","CW","control","yes","Red",226,-1,"10/28/2019 14:00","week1","tank2_control_yes_10/28/2019 14:00",16.5866978,"tank2_control_yes_Red"
"10/28/2019","D5",20,"14:00","tank2","D5_C2","CNW","control","no","Red",224,-1,"10/28/2019 14:00","week1","tank2_control_no_10/28/2019 14:00",17.37426653,"tank2_control_no_Red"
"10/28/2019","D5",20,"14:00","tank1","D5_C1","CW","control","yes","Red",229,2,"10/28/2019 14:00","week1","tank1_control_yes_10/28/2019 14:00",16.67479037,"tank1_control_yes_Red"
"10/28/2019","D5",20,"14:00","tank1","D5_C1","CNW","control","no","Red",223,-1,"10/28/2019 14:00","week1","tank1_control_no_10/28/2019 14:00",16.20912472,"tank1_control_no_Red"
"10/24/2019","D1",20,"14:00","tank4","D1_H1","HW","heating","yes","Yellow",227,4,"10/24/2019 14:00","week1","tank4_heating_yes_10/24/2019 14:00",15.87116659,"tank4_heating_yes_Yellow"
"10/24/2019","D1",20,"14:00","tank4","D1_H1","HNW","heating","no","Yellow",227,-1,"10/24/2019 14:00","week1","tank4_heating_no_10/24/2019 14:00",16.04442424,"tank4_heating_no_Yellow"
"10/24/2019","D1",20,"14:00","tank3","D1_H2","HW","heating","yes","Yellow",222,-1,"10/24/2019 14:00","week1","tank3_heating_yes_10/24/2019 14:00",16.11509031,"tank3_heating_yes_Yellow"
"10/24/2019","D1",20,"14:00","tank3","D1_H2","HNW","heating","no","Yellow",224,-2,"10/24/2019 14:00","week1","tank3_heating_no_10/24/2019 14:00",16.08942747,"tank3_heating_no_Yellow"
"10/24/2019","D1",20,"14:00","tank2","D1_C2","CW","control","yes","Yellow",227,-2,"10/24/2019 14:00","week1","tank2_control_yes_10/24/2019 14:00",16.45062398,"tank2_control_yes_Yellow"
"10/24/2019","D1",20,"14:00","tank2","D1_C2","CNW","control","no","Yellow",219,-5,"10/24/2019 14:00","week1","tank2_control_no_10/24/2019 14:00",16.77642835,"tank2_control_no_Yellow"
"10/24/2019","D1",20,"14:00","tank1","D1_C1","CW","control","yes","Yellow",228,1,"10/24/2019 14:00","week1","tank1_control_yes_10/24/2019 14:00",16.94405067,"tank1_control_yes_Yellow"
"10/24/2019","D1",20,"14:00","tank1","D1_C1","CNW","control","no","Yellow",225,-5,"10/24/2019 14:00","week1","tank1_control_no_10/24/2019 14:00",16.31469588,"tank1_control_no_Yellow"
"10/25/2019","D2",20,"14:00","tank4","D2_H1","HW","heating","yes","Yellow",224,-1,"10/25/2019 14:00","week1","tank4_heating_yes_10/25/2019 14:00",15.65867615,"tank4_heating_yes_Yellow"
"10/25/2019","D2",20,"14:00","tank4","D2_H1","HNW","heating","no","Yellow",226,-1,"10/25/2019 14:00","week1","tank4_heating_no_10/25/2019 14:00",15.79478194,"tank4_heating_no_Yellow"
"10/25/2019","D2",20,"14:00","tank3","D2_H2","HW","heating","yes","Yellow",221,-3,"10/25/2019 14:00","week1","tank3_heating_yes_10/25/2019 14:00",15.86486905,"tank3_heating_yes_Yellow"
"10/25/2019","D2",20,"14:00","tank3","D2_H2","HNW","heating","no","Yellow",221,-2,"10/25/2019 14:00","week1","tank3_heating_no_10/25/2019 14:00",15.47467443,"tank3_heating_no_Yellow"
"10/25/2019","D2",20,"14:00","tank2","D2_C2","CW","control","yes","Yellow",229,-3,"10/25/2019 14:00","week1","tank2_control_yes_10/25/2019 14:00",16.55753912,"tank2_control_yes_Yellow"
"10/25/2019","D2",20,"14:00","tank2","D2_C2","CNW","control","no","Yellow",219,0,"10/25/2019 14:00","week1","tank2_control_no_10/25/2019 14:00",16.64143263,"tank2_control_no_Yellow"
"10/25/2019","D2",20,"14:00","tank1","D2_C1","CW","control","yes","Yellow",225,-2,"10/25/2019 14:00","week1","tank1_control_yes_10/25/2019 14:00",16.62670817,"tank1_control_yes_Yellow"
"10/25/2019","D2",20,"14:00","tank1","D2_C1","CNW","control","no","Yellow",224,-5,"10/25/2019 14:00","week1","tank1_control_no_10/25/2019 14:00",16.0843588,"tank1_control_no_Yellow"
"10/26/2019","D3",20,"14:00","tank4","D3_H1","HW","heating","yes","Yellow",229,2,"10/26/2019 14:00","week1","tank4_heating_yes_10/26/2019 14:00",16.05468106,"tank4_heating_yes_Yellow"
"10/26/2019","D3",20,"14:00","tank4","D3_H1","HNW","heating","no","Yellow",231,-2,"10/26/2019 14:00","week1","tank4_heating_no_10/26/2019 14:00",16.37087957,"tank4_heating_no_Yellow"
"10/26/2019","D3",20,"14:00","tank3","D3_H2","HW","heating","yes","Yellow",224,1,"10/26/2019 14:00","week1","tank3_heating_yes_10/26/2019 14:00",15.94186021,"tank3_heating_yes_Yellow"
"10/26/2019","D3",20,"14:00","tank3","D3_H2","HNW","heating","no","Yellow",223,0,"10/26/2019 14:00","week1","tank3_heating_no_10/26/2019 14:00",15.7532344,"tank3_heating_no_Yellow"
"10/26/2019","D3",20,"14:00","tank2","D3_C2","CW","control","yes","Yellow",229,-1,"10/26/2019 14:00","week1","tank2_control_yes_10/26/2019 14:00",16.59641736,"tank2_control_yes_Yellow"
"10/26/2019","D3",20,"14:00","tank2","D3_C2","CNW","control","no","Yellow",220,-1,"10/26/2019 14:00","week1","tank2_control_no_10/26/2019 14:00",17.54783246,"tank2_control_no_Yellow"
"10/26/2019","D3",20,"14:00","tank1","D3_C1","CW","control","yes","Yellow",227,1,"10/26/2019 14:00","week1","tank1_control_yes_10/26/2019 14:00",16.72287256,"tank1_control_yes_Yellow"
"10/26/2019","D3",20,"14:00","tank1","D3_C1","CNW","control","no","Yellow",223,0,"10/26/2019 14:00","week1","tank1_control_no_10/26/2019 14:00",16.3050985,"tank1_control_no_Yellow"
"10/27/2019","D4",20,"14:00","tank4","D4_H1","HW","heating","yes","Yellow",227,1,"10/27/2019 14:00","week1","tank4_heating_yes_10/27/2019 14:00",15.93877718,"tank4_heating_yes_Yellow"
"10/27/2019","D4",20,"14:00","tank4","D4_H1","HNW","heating","no","Yellow",228,-2,"10/27/2019 14:00","week1","tank4_heating_no_10/27/2019 14:00",16.33247306,"tank4_heating_no_Yellow"
"10/27/2019","D4",20,"14:00","tank3","D4_H2","HW","heating","yes","Yellow",226,1,"10/27/2019 14:00","week1","tank3_heating_yes_10/27/2019 14:00",15.94186021,"tank3_heating_yes_Yellow"
"10/27/2019","D4",20,"14:00","tank3","D4_H2","HNW","heating","no","Yellow",225,-1,"10/27/2019 14:00","week1","tank3_heating_no_10/27/2019 14:00",15.77244543,"tank3_heating_no_Yellow"
"10/27/2019","D4",20,"14:00","tank2","D4_C2","CW","control","yes","Yellow",228,-1,"10/27/2019 14:00","week1","tank2_control_yes_10/27/2019 14:00",16.67417382,"tank2_control_yes_Yellow"
"10/27/2019","D4",20,"14:00","tank2","D4_C2","CNW","control","no","Yellow",222,0,"10/27/2019 14:00","week1","tank2_control_no_10/27/2019 14:00",17.36462398,"tank2_control_no_Yellow"
"10/27/2019","D4",20,"14:00","tank1","D4_C1","CW","control","yes","Yellow",228,0,"10/27/2019 14:00","week1","tank1_control_yes_10/27/2019 14:00",16.66517393,"tank1_control_yes_Yellow"
"10/27/2019","D4",20,"14:00","tank1","D4_C1","CNW","control","no","Yellow",223,0,"10/27/2019 14:00","week1","tank1_control_no_10/27/2019 14:00",16.32429326,"tank1_control_no_Yellow"
"10/28/2019","D5",20,"14:00","tank4","D5_H1","HW","heating","yes","Yellow",226,2,"10/28/2019 14:00","week1","tank4_heating_yes_10/28/2019 14:00",15.85184927,"tank4_heating_yes_Yellow"
"10/28/2019","D5",20,"14:00","tank4","D5_H1","HNW","heating","no","Yellow",231,0,"10/28/2019 14:00","week1","tank4_heating_no_10/28/2019 14:00",16.26526167,"tank4_heating_no_Yellow"
"10/28/2019","D5",20,"14:00","tank3","D5_H2","HW","heating","yes","Yellow",226,1,"10/28/2019 14:00","week1","tank3_heating_yes_10/28/2019 14:00",15.93223631,"tank3_heating_yes_Yellow"
"10/28/2019","D5",20,"14:00","tank3","D5_H2","HNW","heating","no","Yellow",224,0,"10/28/2019 14:00","week1","tank3_heating_no_10/28/2019 14:00",15.82047301,"tank3_heating_no_Yellow"
"10/28/2019","D5",20,"14:00","tank2","D5_C2","CW","control","yes","Yellow",226,-2,"10/28/2019 14:00","week1","tank2_control_yes_10/28/2019 14:00",16.5866978,"tank2_control_yes_Yellow"
"10/28/2019","D5",20,"14:00","tank2","D5_C2","CNW","control","no","Yellow",220,-2,"10/28/2019 14:00","week1","tank2_control_no_10/28/2019 14:00",17.37426653,"tank2_control_no_Yellow"
"10/28/2019","D5",20,"14:00","tank1","D5_C1","CW","control","yes","Yellow",227,1,"10/28/2019 14:00","week1","tank1_control_yes_10/28/2019 14:00",16.67479037,"tank1_control_yes_Yellow"
"10/28/2019","D5",20,"14:00","tank1","D5_C1","CNW","control","no","Yellow",223,0,"10/28/2019 14:00","week1","tank1_control_no_10/28/2019 14:00",16.20912472,"tank1_control_no_Yellow"
"10/24/2019","D1",20,"14:00","tank4","D1_H1","HW","heating","yes","Black",225,3,"10/24/2019 14:00","week1","tank4_heating_yes_10/24/2019 14:00",15.87116659,"tank4_heating_yes_Black"
"10/24/2019","D1",20,"14:00","tank4","D1_H1","HNW","heating","no","Black",224,-2,"10/24/2019 14:00","week1","tank4_heating_no_10/24/2019 14:00",16.04442424,"tank4_heating_no_Black"
"10/24/2019","D1",20,"14:00","tank3","D1_H2","HW","heating","yes","Black",224,1,"10/24/2019 14:00","week1","tank3_heating_yes_10/24/2019 14:00",16.11509031,"tank3_heating_yes_Black"
"10/24/2019","D1",20,"14:00","tank3","D1_H2","HNW","heating","no","Black",222,-4,"10/24/2019 14:00","week1","tank3_heating_no_10/24/2019 14:00",16.08942747,"tank3_heating_no_Black"
"10/24/2019","D1",20,"14:00","tank2","D1_C2","CW","control","yes","Black",225,0,"10/24/2019 14:00","week1","tank2_control_yes_10/24/2019 14:00",16.45062398,"tank2_control_yes_Black"
"10/24/2019","D1",20,"14:00","tank2","D1_C2","CNW","control","no","Black",221,-3,"10/24/2019 14:00","week1","tank2_control_no_10/24/2019 14:00",16.77642835,"tank2_control_no_Black"
"10/24/2019","D1",20,"14:00","tank1","D1_C1","CW","control","yes","Black",230,0,"10/24/2019 14:00","week1","tank1_control_yes_10/24/2019 14:00",16.94405067,"tank1_control_yes_Black"
"10/24/2019","D1",20,"14:00","tank1","D1_C1","CNW","control","no","Black",224,0,"10/24/2019 14:00","week1","tank1_control_no_10/24/2019 14:00",16.31469588,"tank1_control_no_Black"
"10/25/2019","D2",20,"14:00","tank4","D2_H1","HW","heating","yes","Black",224,-1,"10/25/2019 14:00","week1","tank4_heating_yes_10/25/2019 14:00",15.65867615,"tank4_heating_yes_Black"
"10/25/2019","D2",20,"14:00","tank4","D2_H1","HNW","heating","no","Black",225,0,"10/25/2019 14:00","week1","tank4_heating_no_10/25/2019 14:00",15.79478194,"tank4_heating_no_Black"
"10/25/2019","D2",20,"14:00","tank3","D2_H2","HW","heating","yes","Black",222,-1,"10/25/2019 14:00","week1","tank3_heating_yes_10/25/2019 14:00",15.86486905,"tank3_heating_yes_Black"
"10/25/2019","D2",20,"14:00","tank3","D2_H2","HNW","heating","no","Black",218,0,"10/25/2019 14:00","week1","tank3_heating_no_10/25/2019 14:00",15.47467443,"tank3_heating_no_Black"
"10/25/2019","D2",20,"14:00","tank2","D2_C2","CW","control","yes","Black",225,3,"10/25/2019 14:00","week1","tank2_control_yes_10/25/2019 14:00",16.55753912,"tank2_control_yes_Black"
"10/25/2019","D2",20,"14:00","tank2","D2_C2","CNW","control","no","Black",221,-2,"10/25/2019 14:00","week1","tank2_control_no_10/25/2019 14:00",16.64143263,"tank2_control_no_Black"
"10/25/2019","D2",20,"14:00","tank1","D2_C1","CW","control","yes","Black",228,-1,"10/25/2019 14:00","week1","tank1_control_yes_10/25/2019 14:00",16.62670817,"tank1_control_yes_Black"
"10/25/2019","D2",20,"14:00","tank1","D2_C1","CNW","control","no","Black",221,-11,"10/25/2019 14:00","week1","tank1_control_no_10/25/2019 14:00",16.0843588,"tank1_control_no_Black"
"10/26/2019","D3",20,"14:00","tank4","D3_H1","HW","heating","yes","Black",225,0,"10/26/2019 14:00","week1","tank4_heating_yes_10/26/2019 14:00",16.05468106,"tank4_heating_yes_Black"
"10/26/2019","D3",20,"14:00","tank4","D3_H1","HNW","heating","no","Black",226,0,"10/26/2019 14:00","week1","tank4_heating_no_10/26/2019 14:00",16.37087957,"tank4_heating_no_Black"
"10/26/2019","D3",20,"14:00","tank3","D3_H2","HW","heating","yes","Black",224,1,"10/26/2019 14:00","week1","tank3_heating_yes_10/26/2019 14:00",15.94186021,"tank3_heating_yes_Black"
"10/26/2019","D3",20,"14:00","tank3","D3_H2","HNW","heating","no","Black",220,-2,"10/26/2019 14:00","week1","tank3_heating_no_10/26/2019 14:00",15.7532344,"tank3_heating_no_Black"
"10/26/2019","D3",20,"14:00","tank2","D3_C2","CW","control","yes","Black",227,1,"10/26/2019 14:00","week1","tank2_control_yes_10/26/2019 14:00",16.59641736,"tank2_control_yes_Black"
"10/26/2019","D3",20,"14:00","tank2","D3_C2","CNW","control","no","Black",221,-1,"10/26/2019 14:00","week1","tank2_control_no_10/26/2019 14:00",17.54783246,"tank2_control_no_Black"
"10/26/2019","D3",20,"14:00","tank1","D3_C1","CW","control","yes","Black",229,1,"10/26/2019 14:00","week1","tank1_control_yes_10/26/2019 14:00",16.72287256,"tank1_control_yes_Black"
"10/26/2019","D3",20,"14:00","tank1","D3_C1","CNW","control","no","Black",224,-2,"10/26/2019 14:00","week1","tank1_control_no_10/26/2019 14:00",16.3050985,"tank1_control_no_Black"
"10/27/2019","D4",20,"14:00","tank4","D4_H1","HW","heating","yes","Black",226,0,"10/27/2019 14:00","week1","tank4_heating_yes_10/27/2019 14:00",15.93877718,"tank4_heating_yes_Black"
"10/27/2019","D4",20,"14:00","tank4","D4_H1","HNW","heating","no","Black",227,0,"10/27/2019 14:00","week1","tank4_heating_no_10/27/2019 14:00",16.33247306,"tank4_heating_no_Black"
"10/27/2019","D4",20,"14:00","tank3","D4_H2","HW","heating","yes","Black",223,0,"10/27/2019 14:00","week1","tank3_heating_yes_10/27/2019 14:00",15.94186021,"tank3_heating_yes_Black"
"10/27/2019","D4",20,"14:00","tank3","D4_H2","HNW","heating","no","Black",225,0,"10/27/2019 14:00","week1","tank3_heating_no_10/27/2019 14:00",15.77244543,"tank3_heating_no_Black"
"10/27/2019","D4",20,"14:00","tank2","D4_C2","CW","control","yes","Black",224,-1,"10/27/2019 14:00","week1","tank2_control_yes_10/27/2019 14:00",16.67417382,"tank2_control_yes_Black"
"10/27/2019","D4",20,"14:00","tank2","D4_C2","CNW","control","no","Black",222,-1,"10/27/2019 14:00","week1","tank2_control_no_10/27/2019 14:00",17.36462398,"tank2_control_no_Black"
"10/27/2019","D4",20,"14:00","tank1","D4_C1","CW","control","yes","Black",231,-1,"10/27/2019 14:00","week1","tank1_control_yes_10/27/2019 14:00",16.66517393,"tank1_control_yes_Black"
"10/27/2019","D4",20,"14:00","tank1","D4_C1","CNW","control","no","Black",225,0,"10/27/2019 14:00","week1","tank1_control_no_10/27/2019 14:00",16.32429326,"tank1_control_no_Black"
"10/28/2019","D5",20,"14:00","tank4","D5_H1","HW","heating","yes","Black",226,2,"10/28/2019 14:00","week1","tank4_heating_yes_10/28/2019 14:00",15.85184927,"tank4_heating_yes_Black"
"10/28/2019","D5",20,"14:00","tank4","D5_H1","HNW","heating","no","Black",226,-2,"10/28/2019 14:00","week1","tank4_heating_no_10/28/2019 14:00",16.26526167,"tank4_heating_no_Black"
"10/28/2019","D5",20,"14:00","tank3","D5_H2","HW","heating","yes","Black",222,1,"10/28/2019 14:00","week1","tank3_heating_yes_10/28/2019 14:00",15.93223631,"tank3_heating_yes_Black"
"10/28/2019","D5",20,"14:00","tank3","D5_H2","HNW","heating","no","Black",222,1,"10/28/2019 14:00","week1","tank3_heating_no_10/28/2019 14:00",15.82047301,"tank3_heating_no_Black"
"10/28/2019","D5",20,"14:00","tank2","D5_C2","CW","control","yes","Black",224,0,"10/28/2019 14:00","week1","tank2_control_yes_10/28/2019 14:00",16.5866978,"tank2_control_yes_Black"
"10/28/2019","D5",20,"14:00","tank2","D5_C2","CNW","control","no","Black",221,-3,"10/28/2019 14:00","week1","tank2_control_no_10/28/2019 14:00",17.37426653,"tank2_control_no_Black"
"10/28/2019","D5",20,"14:00","tank1","D5_C1","CW","control","yes","Black",230,1,"10/28/2019 14:00","week1","tank1_control_yes_10/28/2019 14:00",16.67479037,"tank1_control_yes_Black"
"10/28/2019","D5",20,"14:00","tank1","D5_C1","CNW","control","no","Black",224,-2,"10/28/2019 14:00","week1","tank1_control_no_10/28/2019 14:00",16.20912472,"tank1_control_no_Black"
"10/24/2019","D1",20,"14:00","tank4","D1_H1","HW","heating","yes","White",224,0,"10/24/2019 14:00","week1","tank4_heating_yes_10/24/2019 14:00",15.87116659,"tank4_heating_yes_White"
"10/24/2019","D1",20,"14:00","tank4","D1_H1","HNW","heating","no","White",220,0,"10/24/2019 14:00","week1","tank4_heating_no_10/24/2019 14:00",16.04442424,"tank4_heating_no_White"
"10/24/2019","D1",20,"14:00","tank3","D1_H2","HW","heating","yes","White",226,-6,"10/24/2019 14:00","week1","tank3_heating_yes_10/24/2019 14:00",16.11509031,"tank3_heating_yes_White"
"10/24/2019","D1",20,"14:00","tank3","D1_H2","HNW","heating","no","White",225,-5,"10/24/2019 14:00","week1","tank3_heating_no_10/24/2019 14:00",16.08942747,"tank3_heating_no_White"
"10/24/2019","D1",20,"14:00","tank2","D1_C2","CW","control","yes","White",221,-6,"10/24/2019 14:00","week1","tank2_control_yes_10/24/2019 14:00",16.45062398,"tank2_control_yes_White"
"10/24/2019","D1",20,"14:00","tank2","D1_C2","CNW","control","no","White",224,-4,"10/24/2019 14:00","week1","tank2_control_no_10/24/2019 14:00",16.77642835,"tank2_control_no_White"
"10/24/2019","D1",20,"14:00","tank1","D1_C1","CW","control","yes","White",219,3,"10/24/2019 14:00","week1","tank1_control_yes_10/24/2019 14:00",16.94405067,"tank1_control_yes_White"
"10/24/2019","D1",20,"14:00","tank1","D1_C1","CNW","control","no","White",224,1,"10/24/2019 14:00","week1","tank1_control_no_10/24/2019 14:00",16.31469588,"tank1_control_no_White"
"10/25/2019","D2",20,"14:00","tank4","D2_H1","HW","heating","yes","White",225,-3,"10/25/2019 14:00","week1","tank4_heating_yes_10/25/2019 14:00",15.65867615,"tank4_heating_yes_White"
"10/25/2019","D2",20,"14:00","tank4","D2_H1","HNW","heating","no","White",219,-2,"10/25/2019 14:00","week1","tank4_heating_no_10/25/2019 14:00",15.79478194,"tank4_heating_no_White"
"10/25/2019","D2",20,"14:00","tank3","D2_H2","HW","heating","yes","White",229,2,"10/25/2019 14:00","week1","tank3_heating_yes_10/25/2019 14:00",15.86486905,"tank3_heating_yes_White"
"10/25/2019","D2",20,"14:00","tank3","D2_H2","HNW","heating","no","White",226,-4,"10/25/2019 14:00","week1","tank3_heating_no_10/25/2019 14:00",15.47467443,"tank3_heating_no_White"
"10/25/2019","D2",20,"14:00","tank2","D2_C2","CW","control","yes","White",221,-2,"10/25/2019 14:00","week1","tank2_control_yes_10/25/2019 14:00",16.55753912,"tank2_control_yes_White"
"10/25/2019","D2",20,"14:00","tank2","D2_C2","CNW","control","no","White",226,0,"10/25/2019 14:00","week1","tank2_control_no_10/25/2019 14:00",16.64143263,"tank2_control_no_White"
"10/25/2019","D2",20,"14:00","tank1","D2_C1","CW","control","yes","White",219,-3,"10/25/2019 14:00","week1","tank1_control_yes_10/25/2019 14:00",16.62670817,"tank1_control_yes_White"
"10/25/2019","D2",20,"14:00","tank1","D2_C1","CNW","control","no","White",223,-1,"10/25/2019 14:00","week1","tank1_control_no_10/25/2019 14:00",16.0843588,"tank1_control_no_White"
"10/26/2019","D3",20,"14:00","tank4","D3_H1","HW","heating","yes","White",226,2,"10/26/2019 14:00","week1","tank4_heating_yes_10/26/2019 14:00",16.05468106,"tank4_heating_yes_White"
"10/26/2019","D3",20,"14:00","tank4","D3_H1","HNW","heating","no","White",221,-1,"10/26/2019 14:00","week1","tank4_heating_no_10/26/2019 14:00",16.37087957,"tank4_heating_no_White"
"10/26/2019","D3",20,"14:00","tank3","D3_H2","HW","heating","yes","White",225,-3,"10/26/2019 14:00","week1","tank3_heating_yes_10/26/2019 14:00",15.94186021,"tank3_heating_yes_White"
"10/26/2019","D3",20,"14:00","tank3","D3_H2","HNW","heating","no","White",229,-2,"10/26/2019 14:00","week1","tank3_heating_no_10/26/2019 14:00",15.7532344,"tank3_heating_no_White"
"10/26/2019","D3",20,"14:00","tank2","D3_C2","CW","control","yes","White",223,0,"10/26/2019 14:00","week1","tank2_control_yes_10/26/2019 14:00",16.59641736,"tank2_control_yes_White"
"10/26/2019","D3",20,"14:00","tank2","D3_C2","CNW","control","no","White",223,-2,"10/26/2019 14:00","week1","tank2_control_no_10/26/2019 14:00",17.54783246,"tank2_control_no_White"
"10/26/2019","D3",20,"14:00","tank1","D3_C1","CW","control","yes","White",221,0,"10/26/2019 14:00","week1","tank1_control_yes_10/26/2019 14:00",16.72287256,"tank1_control_yes_White"
"10/26/2019","D3",20,"14:00","tank1","D3_C1","CNW","control","no","White",224,1,"10/26/2019 14:00","week1","tank1_control_no_10/26/2019 14:00",16.3050985,"tank1_control_no_White"
"10/27/2019","D4",20,"14:00","tank4","D4_H1","HW","heating","yes","White",228,1,"10/27/2019 14:00","week1","tank4_heating_yes_10/27/2019 14:00",15.93877718,"tank4_heating_yes_White"
"10/27/2019","D4",20,"14:00","tank4","D4_H1","HNW","heating","no","White",221,0,"10/27/2019 14:00","week1","tank4_heating_no_10/27/2019 14:00",16.33247306,"tank4_heating_no_White"
"10/27/2019","D4",20,"14:00","tank3","D4_H2","HW","heating","yes","White",228,1,"10/27/2019 14:00","week1","tank3_heating_yes_10/27/2019 14:00",15.94186021,"tank3_heating_yes_White"
"10/27/2019","D4",20,"14:00","tank3","D4_H2","HNW","heating","no","White",229,-2,"10/27/2019 14:00","week1","tank3_heating_no_10/27/2019 14:00",15.77244543,"tank3_heating_no_White"
"10/27/2019","D4",20,"14:00","tank2","D4_C2","CW","control","yes","White",224,-3,"10/27/2019 14:00","week1","tank2_control_yes_10/27/2019 14:00",16.67417382,"tank2_control_yes_White"
"10/27/2019","D4",20,"14:00","tank2","D4_C2","CNW","control","no","White",226,0,"10/27/2019 14:00","week1","tank2_control_no_10/27/2019 14:00",17.36462398,"tank2_control_no_White"
"10/27/2019","D4",20,"14:00","tank1","D4_C1","CW","control","yes","White",228,4,"10/27/2019 14:00","week1","tank1_control_yes_10/27/2019 14:00",16.66517393,"tank1_control_yes_White"
"10/27/2019","D4",20,"14:00","tank1","D4_C1","CNW","control","no","White",226,2,"10/27/2019 14:00","week1","tank1_control_no_10/27/2019 14:00",16.32429326,"tank1_control_no_White"
"10/28/2019","D5",20,"14:00","tank4","D5_H1","HW","heating","yes","White",228,1,"10/28/2019 14:00","week1","tank4_heating_yes_10/28/2019 14:00",15.85184927,"tank4_heating_yes_White"
"10/28/2019","D5",20,"14:00","tank4","D5_H1","HNW","heating","no","White",221,0,"10/28/2019 14:00","week1","tank4_heating_no_10/28/2019 14:00",16.26526167,"tank4_heating_no_White"
"10/28/2019","D5",20,"14:00","tank3","D5_H2","HW","heating","yes","White",229,-1,"10/28/2019 14:00","week1","tank3_heating_yes_10/28/2019 14:00",15.93223631,"tank3_heating_yes_White"
"10/28/2019","D5",20,"14:00","tank3","D5_H2","HNW","heating","no","White",226,-2,"10/28/2019 14:00","week1","tank3_heating_no_10/28/2019 14:00",15.82047301,"tank3_heating_no_White"
"10/28/2019","D5",20,"14:00","tank2","D5_C2","CW","control","yes","White",226,1,"10/28/2019 14:00","week1","tank2_control_yes_10/28/2019 14:00",16.5866978,"tank2_control_yes_White"
"10/28/2019","D5",20,"14:00","tank2","D5_C2","CNW","control","no","White",224,-3,"10/28/2019 14:00","week1","tank2_control_no_10/28/2019 14:00",17.37426653,"tank2_control_no_White"
"10/28/2019","D5",20,"14:00","tank1","D5_C1","CW","control","yes","White",221,-3,"10/28/2019 14:00","week1","tank1_control_yes_10/28/2019 14:00",16.67479037,"tank1_control_yes_White"
"10/28/2019","D5",20,"14:00","tank1","D5_C1","CNW","control","no","White",225,0,"10/28/2019 14:00","week1","tank1_control_no_10/28/2019 14:00",16.20912472,"tank1_control_no_White"
"10/24/2019","D1",20,"15:30","tank4","D1_H1","HW","heating","yes","Red",230,5,"10/24/2019 15:30","week1","tank4_heating_yes_10/24/2019 15:30",15.77458002,"tank4_heating_yes_Red"
"10/24/2019","D1",20,"15:30","tank4","D1_H1","HNW","heating","no","Red",227,2,"10/24/2019 15:30","week1","tank4_heating_no_10/24/2019 15:30",16.22685516,"tank4_heating_no_Red"
"10/24/2019","D1",20,"15:30","tank3","D1_H2","HW","heating","yes","Red",224,0,"10/24/2019 15:30","week1","tank3_heating_yes_10/24/2019 15:30",15.961108,"tank3_heating_yes_Red"
"10/24/2019","D1",20,"15:30","tank3","D1_H2","HNW","heating","no","Red",227,-2,"10/24/2019 15:30","week1","tank3_heating_no_10/24/2019 15:30",15.8685006,"tank3_heating_no_Red"
"10/24/2019","D1",20,"15:30","tank2","D1_C2","CW","control","yes","Red",225,1,"10/24/2019 15:30","week1","tank2_control_yes_10/24/2019 15:30",16.43118487,"tank2_control_yes_Red"
"10/24/2019","D1",20,"15:30","tank2","D1_C2","CNW","control","no","Red",225,-1,"10/24/2019 15:30","week1","tank2_control_no_10/24/2019 15:30",16.81499856,"tank2_control_no_Red"
"10/24/2019","D1",20,"15:30","tank1","D1_C1","CW","control","yes","Red",232,1,"10/24/2019 15:30","week1","tank1_control_yes_10/24/2019 15:30",16.94405067,"tank1_control_yes_Red"
"10/24/2019","D1",20,"15:30","tank1","D1_C1","CNW","control","no","Red",223,-1,"10/24/2019 15:30","week1","tank1_control_no_10/24/2019 15:30",16.4394618,"tank1_control_no_Red"
"10/25/2019","D2",20,"15:30","tank4","D2_H1","HW","heating","yes","Red",225,-2,"10/25/2019 15:30","week1","tank4_heating_yes_10/25/2019 15:30",15.99672912,"tank4_heating_yes_Red"
"10/25/2019","D2",20,"15:30","tank4","D2_H1","HNW","heating","no","Red",226,-1,"10/25/2019 15:30","week1","tank4_heating_no_10/25/2019 15:30",16.45729421,"tank4_heating_no_Red"
"10/25/2019","D2",20,"15:30","tank3","D2_H2","HW","heating","yes","Red",225,1,"10/25/2019 15:30","week1","tank3_heating_yes_10/25/2019 15:30",15.90336463,"tank3_heating_yes_Red"
"10/25/2019","D2",20,"15:30","tank3","D2_H2","HNW","heating","no","Red",228,-4,"10/25/2019 15:30","week1","tank3_heating_no_10/25/2019 15:30",15.82047301,"tank3_heating_no_Red"
"10/25/2019","D2",20,"15:30","tank2","D2_C2","CW","control","yes","Red",229,1,"10/25/2019 15:30","week1","tank2_control_yes_10/25/2019 15:30",16.66445426,"tank2_control_yes_Red"
"10/25/2019","D2",20,"15:30","tank2","D2_C2","CNW","control","no","Red",222,-6,"10/25/2019 15:30","week1","tank2_control_no_10/25/2019 15:30",16.97892193,"tank2_control_no_Red"
"10/25/2019","D2",20,"15:30","tank1","D2_C1","CW","control","yes","Red",228,-1,"10/25/2019 15:30","week1","tank1_control_yes_10/25/2019 15:30",16.72287256,"tank1_control_yes_Red"
"10/25/2019","D2",20,"15:30","tank1","D2_C1","CNW","control","no","Red",224,-2,"10/25/2019 15:30","week1","tank1_control_no_10/25/2019 15:30",16.24751424,"tank1_control_no_Red"
"10/26/2019","D3",20,"15:30","tank4","D3_H1","HW","heating","yes","Red",227,1,"10/26/2019 15:30","week1","tank4_heating_yes_10/26/2019 15:30",15.93877718,"tank4_heating_yes_Red"
"10/26/2019","D3",20,"15:30","tank4","D3_H1","HNW","heating","no","Red",228,1,"10/26/2019 15:30","week1","tank4_heating_no_10/26/2019 15:30",16.05402587,"tank4_heating_no_Red"
"10/26/2019","D3",20,"15:30","tank3","D3_H2","HW","heating","yes","Red",227,1,"10/26/2019 15:30","week1","tank3_heating_yes_10/26/2019 15:30",15.72051064,"tank3_heating_yes_Red"
"10/26/2019","D3",20,"15:30","tank3","D3_H2","HNW","heating","no","Red",230,2,"10/26/2019 15:30","week1","tank3_heating_no_10/26/2019 15:30",15.51309649,"tank3_heating_no_Red"
"10/26/2019","D3",20,"15:30","tank2","D3_C2","CW","control","yes","Red",226,-2,"10/26/2019 15:30","week1","tank2_control_yes_10/26/2019 15:30",16.39230664,"tank2_control_yes_Red"
"10/26/2019","D3",20,"15:30","tank2","D3_C2","CNW","control","no","Red",224,-2,"10/26/2019 15:30","week1","tank2_control_no_10/26/2019 15:30",16.97892193,"tank2_control_no_Red"
"10/26/2019","D3",20,"15:30","tank1","D3_C1","CW","control","yes","Red",231,-1,"10/26/2019 15:30","week1","tank1_control_yes_10/26/2019 15:30",16.66517393,"tank1_control_yes_Red"
"10/26/2019","D3",20,"15:30","tank1","D3_C1","CNW","control","no","Red",223,-1,"10/26/2019 15:30","week1","tank1_control_no_10/26/2019 15:30",16.16113783,"tank1_control_no_Red"
"10/27/2019","D4",20,"15:30","tank4","D4_H1","HW","heating","yes","Red",226,1,"10/27/2019 15:30","week1","tank4_heating_yes_10/27/2019 15:30",15.8904839,"tank4_heating_yes_Red"
"10/27/2019","D4",20,"15:30","tank4","D4_H1","HNW","heating","no","Red",226,-2,"10/27/2019 15:30","week1","tank4_heating_no_10/27/2019 15:30",15.91000146,"tank4_heating_no_Red"
"10/27/2019","D4",20,"15:30","tank3","D4_H2","HW","heating","yes","Red",223,1,"10/27/2019 15:30","week1","tank3_heating_yes_10/27/2019 15:30",15.67239117,"tank3_heating_yes_Red"
"10/27/2019","D4",20,"15:30","tank3","D4_H2","HNW","heating","no","Red",230,-1,"10/27/2019 15:30","week1","tank3_heating_no_10/27/2019 15:30",15.29216962,"tank3_heating_no_Red"
"10/27/2019","D4",20,"15:30","tank2","D4_C2","CW","control","yes","Red",227,0,"10/27/2019 15:30","week1","tank2_control_yes_10/27/2019 15:30",16.45062398,"tank2_control_yes_Red"
"10/27/2019","D4",20,"15:30","tank2","D4_C2","CNW","control","no","Red",224,-2,"10/27/2019 15:30","week1","tank2_control_no_10/27/2019 15:30",16.51607947,"tank2_control_no_Red"
"10/27/2019","D4",20,"15:30","tank1","D4_C1","CW","control","yes","Red",231,2,"10/27/2019 15:30","week1","tank1_control_yes_10/27/2019 15:30",16.57862597,"tank1_control_yes_Red"
"10/27/2019","D4",20,"15:30","tank1","D4_C1","CNW","control","no","Red",224,-1,"10/27/2019 15:30","week1","tank1_control_no_10/27/2019 15:30",15.97878764,"tank1_control_no_Red"
"10/28/2019","D5",20,"15:30","tank4","D5_H1","HW","heating","yes","Red",226,1,"10/28/2019 15:30","week1","tank4_heating_yes_10/28/2019 15:30",15.83253196,"tank4_heating_yes_Red"
"10/28/2019","D5",20,"15:30","tank4","D5_H1","HNW","heating","no","Red",226,-1,"10/28/2019 15:30","week1","tank4_heating_no_10/28/2019 15:30",16.00601773,"tank4_heating_no_Red"
"10/28/2019","D5",20,"15:30","tank3","D5_H2","HW","heating","yes","Red",225,1,"10/28/2019 15:30","week1","tank3_heating_yes_10/28/2019 15:30",15.74938232,"tank3_heating_yes_Red"
"10/28/2019","D5",20,"15:30","tank3","D5_H2","HNW","heating","no","Red",228,-2,"10/28/2019 15:30","week1","tank3_heating_no_10/28/2019 15:30",15.42664684,"tank3_heating_no_Red"
"10/28/2019","D5",20,"15:30","tank2","D5_C2","CW","control","yes","Red",226,-1,"10/28/2019 15:30","week1","tank2_control_yes_10/28/2019 15:30",16.50894133,"tank2_control_yes_Red"
"10/28/2019","D5",20,"15:30","tank2","D5_C2","CNW","control","no","Red",223,-2,"10/28/2019 15:30","week1","tank2_control_no_10/28/2019 15:30",16.87285387,"tank2_control_no_Red"
"10/28/2019","D5",20,"15:30","tank1","D5_C1","CW","control","yes","Red",230,3,"10/28/2019 15:30","week1","tank1_control_yes_10/28/2019 15:30",16.63632461,"tank1_control_yes_Red"
"10/28/2019","D5",20,"15:30","tank1","D5_C1","CNW","control","no","Red",224,0,"10/28/2019 15:30","week1","tank1_control_no_10/28/2019 15:30",16.11315094,"tank1_control_no_Red"
"10/24/2019","D1",20,"15:30","tank4","D1_H1","HW","heating","yes","Yellow",227,4,"10/24/2019 15:30","week1","tank4_heating_yes_10/24/2019 15:30",15.77458002,"tank4_heating_yes_Yellow"
"10/24/2019","D1",20,"15:30","tank4","D1_H1","HNW","heating","no","Yellow",228,0,"10/24/2019 15:30","week1","tank4_heating_no_10/24/2019 15:30",16.22685516,"tank4_heating_no_Yellow"
"10/24/2019","D1",20,"15:30","tank3","D1_H2","HW","heating","yes","Yellow",223,0,"10/24/2019 15:30","week1","tank3_heating_yes_10/24/2019 15:30",15.961108,"tank3_heating_yes_Yellow"
"10/24/2019","D1",20,"15:30","tank3","D1_H2","HNW","heating","no","Yellow",224,-2,"10/24/2019 15:30","week1","tank3_heating_no_10/24/2019 15:30",15.8685006,"tank3_heating_no_Yellow"
"10/24/2019","D1",20,"15:30","tank2","D1_C2","CW","control","yes","Yellow",229,0,"10/24/2019 15:30","week1","tank2_control_yes_10/24/2019 15:30",16.43118487,"tank2_control_yes_Yellow"
"10/24/2019","D1",20,"15:30","tank2","D1_C2","CNW","control","no","Yellow",220,-4,"10/24/2019 15:30","week1","tank2_control_no_10/24/2019 15:30",16.81499856,"tank2_control_no_Yellow"
"10/24/2019","D1",20,"15:30","tank1","D1_C1","CW","control","yes","Yellow",228,1,"10/24/2019 15:30","week1","tank1_control_yes_10/24/2019 15:30",16.94405067,"tank1_control_yes_Yellow"
"10/24/2019","D1",20,"15:30","tank1","D1_C1","CNW","control","no","Yellow",225,-5,"10/24/2019 15:30","week1","tank1_control_no_10/24/2019 15:30",16.4394618,"tank1_control_no_Yellow"
"10/25/2019","D2",20,"15:30","tank4","D2_H1","HW","heating","yes","Yellow",224,-1,"10/25/2019 15:30","week1","tank4_heating_yes_10/25/2019 15:30",15.99672912,"tank4_heating_yes_Yellow"
"10/25/2019","D2",20,"15:30","tank4","D2_H1","HNW","heating","no","Yellow",227,0,"10/25/2019 15:30","week1","tank4_heating_no_10/25/2019 15:30",16.45729421,"tank4_heating_no_Yellow"
"10/25/2019","D2",20,"15:30","tank3","D2_H2","HW","heating","yes","Yellow",223,-1,"10/25/2019 15:30","week1","tank3_heating_yes_10/25/2019 15:30",15.90336463,"tank3_heating_yes_Yellow"
"10/25/2019","D2",20,"15:30","tank3","D2_H2","HNW","heating","no","Yellow",222,-1,"10/25/2019 15:30","week1","tank3_heating_no_10/25/2019 15:30",15.82047301,"tank3_heating_no_Yellow"
"10/25/2019","D2",20,"15:30","tank2","D2_C2","CW","control","yes","Yellow",230,-2,"10/25/2019 15:30","week1","tank2_control_yes_10/25/2019 15:30",16.66445426,"tank2_control_yes_Yellow"
"10/25/2019","D2",20,"15:30","tank2","D2_C2","CNW","control","no","Yellow",220,1,"10/25/2019 15:30","week1","tank2_control_no_10/25/2019 15:30",16.97892193,"tank2_control_no_Yellow"
"10/25/2019","D2",20,"15:30","tank1","D2_C1","CW","control","yes","Yellow",226,-1,"10/25/2019 15:30","week1","tank1_control_yes_10/25/2019 15:30",16.72287256,"tank1_control_yes_Yellow"
"10/25/2019","D2",20,"15:30","tank1","D2_C1","CNW","control","no","Yellow",225,-4,"10/25/2019 15:30","week1","tank1_control_no_10/25/2019 15:30",16.24751424,"tank1_control_no_Yellow"
"10/26/2019","D3",20,"15:30","tank4","D3_H1","HW","heating","yes","Yellow",227,0,"10/26/2019 15:30","week1","tank4_heating_yes_10/26/2019 15:30",15.93877718,"tank4_heating_yes_Yellow"
"10/26/2019","D3",20,"15:30","tank4","D3_H1","HNW","heating","no","Yellow",230,-3,"10/26/2019 15:30","week1","tank4_heating_no_10/26/2019 15:30",16.05402587,"tank4_heating_no_Yellow"
"10/26/2019","D3",20,"15:30","tank3","D3_H2","HW","heating","yes","Yellow",222,-1,"10/26/2019 15:30","week1","tank3_heating_yes_10/26/2019 15:30",15.72051064,"tank3_heating_yes_Yellow"
"10/26/2019","D3",20,"15:30","tank3","D3_H2","HNW","heating","no","Yellow",223,0,"10/26/2019 15:30","week1","tank3_heating_no_10/26/2019 15:30",15.51309649,"tank3_heating_no_Yellow"
"10/26/2019","D3",20,"15:30","tank2","D3_C2","CW","control","yes","Yellow",229,-1,"10/26/2019 15:30","week1","tank2_control_yes_10/26/2019 15:30",16.39230664,"tank2_control_yes_Yellow"
"10/26/2019","D3",20,"15:30","tank2","D3_C2","CNW","control","no","Yellow",220,-1,"10/26/2019 15:30","week1","tank2_control_no_10/26/2019 15:30",16.97892193,"tank2_control_no_Yellow"
"10/26/2019","D3",20,"15:30","tank1","D3_C1","CW","control","yes","Yellow",228,2,"10/26/2019 15:30","week1","tank1_control_yes_10/26/2019 15:30",16.66517393,"tank1_control_yes_Yellow"
"10/26/2019","D3",20,"15:30","tank1","D3_C1","CNW","control","no","Yellow",222,-1,"10/26/2019 15:30","week1","tank1_control_no_10/26/2019 15:30",16.16113783,"tank1_control_no_Yellow"
"10/27/2019","D4",20,"15:30","tank4","D4_H1","HW","heating","yes","Yellow",228,2,"10/27/2019 15:30","week1","tank4_heating_yes_10/27/2019 15:30",15.8904839,"tank4_heating_yes_Yellow"
"10/27/2019","D4",20,"15:30","tank4","D4_H1","HNW","heating","no","Yellow",229,-1,"10/27/2019 15:30","week1","tank4_heating_no_10/27/2019 15:30",15.91000146,"tank4_heating_no_Yellow"
"10/27/2019","D4",20,"15:30","tank3","D4_H2","HW","heating","yes","Yellow",226,1,"10/27/2019 15:30","week1","tank3_heating_yes_10/27/2019 15:30",15.67239117,"tank3_heating_yes_Yellow"
"10/27/2019","D4",20,"15:30","tank3","D4_H2","HNW","heating","no","Yellow",225,-1,"10/27/2019 15:30","week1","tank3_heating_no_10/27/2019 15:30",15.29216962,"tank3_heating_no_Yellow"
"10/27/2019","D4",20,"15:30","tank2","D4_C2","CW","control","yes","Yellow",228,-1,"10/27/2019 15:30","week1","tank2_control_yes_10/27/2019 15:30",16.45062398,"tank2_control_yes_Yellow"
"10/27/2019","D4",20,"15:30","tank2","D4_C2","CNW","control","no","Yellow",221,-1,"10/27/2019 15:30","week1","tank2_control_no_10/27/2019 15:30",16.51607947,"tank2_control_no_Yellow"
"10/27/2019","D4",20,"15:30","tank1","D4_C1","CW","control","yes","Yellow",228,0,"10/27/2019 15:30","week1","tank1_control_yes_10/27/2019 15:30",16.57862597,"tank1_control_yes_Yellow"
"10/27/2019","D4",20,"15:30","tank1","D4_C1","CNW","control","no","Yellow",223,0,"10/27/2019 15:30","week1","tank1_control_no_10/27/2019 15:30",15.97878764,"tank1_control_no_Yellow"
"10/28/2019","D5",20,"15:30","tank4","D5_H1","HW","heating","yes","Yellow",227,3,"10/28/2019 15:30","week1","tank4_heating_yes_10/28/2019 15:30",15.83253196,"tank4_heating_yes_Yellow"
"10/28/2019","D5",20,"15:30","tank4","D5_H1","HNW","heating","no","Yellow",231,0,"10/28/2019 15:30","week1","tank4_heating_no_10/28/2019 15:30",16.00601773,"tank4_heating_no_Yellow"
"10/28/2019","D5",20,"15:30","tank3","D5_H2","HW","heating","yes","Yellow",226,1,"10/28/2019 15:30","week1","tank3_heating_yes_10/28/2019 15:30",15.74938232,"tank3_heating_yes_Yellow"
"10/28/2019","D5",20,"15:30","tank3","D5_H2","HNW","heating","no","Yellow",224,0,"10/28/2019 15:30","week1","tank3_heating_no_10/28/2019 15:30",15.42664684,"tank3_heating_no_Yellow"
"10/28/2019","D5",20,"15:30","tank2","D5_C2","CW","control","yes","Yellow",228,0,"10/28/2019 15:30","week1","tank2_control_yes_10/28/2019 15:30",16.50894133,"tank2_control_yes_Yellow"
"10/28/2019","D5",20,"15:30","tank2","D5_C2","CNW","control","no","Yellow",220,-2,"10/28/2019 15:30","week1","tank2_control_no_10/28/2019 15:30",16.87285387,"tank2_control_no_Yellow"
"10/28/2019","D5",20,"15:30","tank1","D5_C1","CW","control","yes","Yellow",227,1,"10/28/2019 15:30","week1","tank1_control_yes_10/28/2019 15:30",16.63632461,"tank1_control_yes_Yellow"
"10/28/2019","D5",20,"15:30","tank1","D5_C1","CNW","control","no","Yellow",223,0,"10/28/2019 15:30","week1","tank1_control_no_10/28/2019 15:30",16.11315094,"tank1_control_no_Yellow"
"10/24/2019","D1",20,"15:30","tank4","D1_H1","HW","heating","yes","Black",224,2,"10/24/2019 15:30","week1","tank4_heating_yes_10/24/2019 15:30",15.77458002,"tank4_heating_yes_Black"
"10/24/2019","D1",20,"15:30","tank4","D1_H1","HNW","heating","no","Black",225,-1,"10/24/2019 15:30","week1","tank4_heating_no_10/24/2019 15:30",16.22685516,"tank4_heating_no_Black"
"10/24/2019","D1",20,"15:30","tank3","D1_H2","HW","heating","yes","Black",223,0,"10/24/2019 15:30","week1","tank3_heating_yes_10/24/2019 15:30",15.961108,"tank3_heating_yes_Black"
"10/24/2019","D1",20,"15:30","tank3","D1_H2","HNW","heating","no","Black",224,-2,"10/24/2019 15:30","week1","tank3_heating_no_10/24/2019 15:30",15.8685006,"tank3_heating_no_Black"
"10/24/2019","D1",20,"15:30","tank2","D1_C2","CW","control","yes","Black",225,0,"10/24/2019 15:30","week1","tank2_control_yes_10/24/2019 15:30",16.43118487,"tank2_control_yes_Black"
"10/24/2019","D1",20,"15:30","tank2","D1_C2","CNW","control","no","Black",222,-2,"10/24/2019 15:30","week1","tank2_control_no_10/24/2019 15:30",16.81499856,"tank2_control_no_Black"
"10/24/2019","D1",20,"15:30","tank1","D1_C1","CW","control","yes","Black",230,0,"10/24/2019 15:30","week1","tank1_control_yes_10/24/2019 15:30",16.94405067,"tank1_control_yes_Black"
"10/24/2019","D1",20,"15:30","tank1","D1_C1","CNW","control","no","Black",223,-1,"10/24/2019 15:30","week1","tank1_control_no_10/24/2019 15:30",16.4394618,"tank1_control_no_Black"
"10/25/2019","D2",20,"15:30","tank4","D2_H1","HW","heating","yes","Black",223,-2,"10/25/2019 15:30","week1","tank4_heating_yes_10/25/2019 15:30",15.99672912,"tank4_heating_yes_Black"
"10/25/2019","D2",20,"15:30","tank4","D2_H1","HNW","heating","no","Black",225,0,"10/25/2019 15:30","week1","tank4_heating_no_10/25/2019 15:30",16.45729421,"tank4_heating_no_Black"
"10/25/2019","D2",20,"15:30","tank3","D2_H2","HW","heating","yes","Black",222,-1,"10/25/2019 15:30","week1","tank3_heating_yes_10/25/2019 15:30",15.90336463,"tank3_heating_yes_Black"
"10/25/2019","D2",20,"15:30","tank3","D2_H2","HNW","heating","no","Black",218,0,"10/25/2019 15:30","week1","tank3_heating_no_10/25/2019 15:30",15.82047301,"tank3_heating_no_Black"
"10/25/2019","D2",20,"15:30","tank2","D2_C2","CW","control","yes","Black",226,4,"10/25/2019 15:30","week1","tank2_control_yes_10/25/2019 15:30",16.66445426,"tank2_control_yes_Black"
"10/25/2019","D2",20,"15:30","tank2","D2_C2","CNW","control","no","Black",223,0,"10/25/2019 15:30","week1","tank2_control_no_10/25/2019 15:30",16.97892193,"tank2_control_no_Black"
"10/25/2019","D2",20,"15:30","tank1","D2_C1","CW","control","yes","Black",228,-1,"10/25/2019 15:30","week1","tank1_control_yes_10/25/2019 15:30",16.72287256,"tank1_control_yes_Black"
"10/25/2019","D2",20,"15:30","tank1","D2_C1","CNW","control","no","Black",223,-9,"10/25/2019 15:30","week1","tank1_control_no_10/25/2019 15:30",16.24751424,"tank1_control_no_Black"
"10/26/2019","D3",20,"15:30","tank4","D3_H1","HW","heating","yes","Black",226,1,"10/26/2019 15:30","week1","tank4_heating_yes_10/26/2019 15:30",15.93877718,"tank4_heating_yes_Black"
"10/26/2019","D3",20,"15:30","tank4","D3_H1","HNW","heating","no","Black",225,-1,"10/26/2019 15:30","week1","tank4_heating_no_10/26/2019 15:30",16.05402587,"tank4_heating_no_Black"
"10/26/2019","D3",20,"15:30","tank3","D3_H2","HW","heating","yes","Black",224,1,"10/26/2019 15:30","week1","tank3_heating_yes_10/26/2019 15:30",15.72051064,"tank3_heating_yes_Black"
"10/26/2019","D3",20,"15:30","tank3","D3_H2","HNW","heating","no","Black",219,-3,"10/26/2019 15:30","week1","tank3_heating_no_10/26/2019 15:30",15.51309649,"tank3_heating_no_Black"
"10/26/2019","D3",20,"15:30","tank2","D3_C2","CW","control","yes","Black",226,0,"10/26/2019 15:30","week1","tank2_control_yes_10/26/2019 15:30",16.39230664,"tank2_control_yes_Black"
"10/26/2019","D3",20,"15:30","tank2","D3_C2","CNW","control","no","Black",220,-2,"10/26/2019 15:30","week1","tank2_control_no_10/26/2019 15:30",16.97892193,"tank2_control_no_Black"
"10/26/2019","D3",20,"15:30","tank1","D3_C1","CW","control","yes","Black",232,4,"10/26/2019 15:30","week1","tank1_control_yes_10/26/2019 15:30",16.66517393,"tank1_control_yes_Black"
"10/26/2019","D3",20,"15:30","tank1","D3_C1","CNW","control","no","Black",225,-1,"10/26/2019 15:30","week1","tank1_control_no_10/26/2019 15:30",16.16113783,"tank1_control_no_Black"
"10/27/2019","D4",20,"15:30","tank4","D4_H1","HW","heating","yes","Black",224,-2,"10/27/2019 15:30","week1","tank4_heating_yes_10/27/2019 15:30",15.8904839,"tank4_heating_yes_Black"
"10/27/2019","D4",20,"15:30","tank4","D4_H1","HNW","heating","no","Black",227,0,"10/27/2019 15:30","week1","tank4_heating_no_10/27/2019 15:30",15.91000146,"tank4_heating_no_Black"
"10/27/2019","D4",20,"15:30","tank3","D4_H2","HW","heating","yes","Black",223,0,"10/27/2019 15:30","week1","tank3_heating_yes_10/27/2019 15:30",15.67239117,"tank3_heating_yes_Black"
"10/27/2019","D4",20,"15:30","tank3","D4_H2","HNW","heating","no","Black",227,2,"10/27/2019 15:30","week1","tank3_heating_no_10/27/2019 15:30",15.29216962,"tank3_heating_no_Black"
"10/27/2019","D4",20,"15:30","tank2","D4_C2","CW","control","yes","Black",223,-2,"10/27/2019 15:30","week1","tank2_control_yes_10/27/2019 15:30",16.45062398,"tank2_control_yes_Black"
"10/27/2019","D4",20,"15:30","tank2","D4_C2","CNW","control","no","Black",221,-2,"10/27/2019 15:30","week1","tank2_control_no_10/27/2019 15:30",16.51607947,"tank2_control_no_Black"
"10/27/2019","D4",20,"15:30","tank1","D4_C1","CW","control","yes","Black",231,-1,"10/27/2019 15:30","week1","tank1_control_yes_10/27/2019 15:30",16.57862597,"tank1_control_yes_Black"
"10/27/2019","D4",20,"15:30","tank1","D4_C1","CNW","control","no","Black",224,-1,"10/27/2019 15:30","week1","tank1_control_no_10/27/2019 15:30",15.97878764,"tank1_control_no_Black"
"10/28/2019","D5",20,"15:30","tank4","D5_H1","HW","heating","yes","Black",225,1,"10/28/2019 15:30","week1","tank4_heating_yes_10/28/2019 15:30",15.83253196,"tank4_heating_yes_Black"
"10/28/2019","D5",20,"15:30","tank4","D5_H1","HNW","heating","no","Black",227,-1,"10/28/2019 15:30","week1","tank4_heating_no_10/28/2019 15:30",16.00601773,"tank4_heating_no_Black"
"10/28/2019","D5",20,"15:30","tank3","D5_H2","HW","heating","yes","Black",221,0,"10/28/2019 15:30","week1","tank3_heating_yes_10/28/2019 15:30",15.74938232,"tank3_heating_yes_Black"
"10/28/2019","D5",20,"15:30","tank3","D5_H2","HNW","heating","no","Black",221,0,"10/28/2019 15:30","week1","tank3_heating_no_10/28/2019 15:30",15.42664684,"tank3_heating_no_Black"
"10/28/2019","D5",20,"15:30","tank2","D5_C2","CW","control","yes","Black",223,-1,"10/28/2019 15:30","week1","tank2_control_yes_10/28/2019 15:30",16.50894133,"tank2_control_yes_Black"
"10/28/2019","D5",20,"15:30","tank2","D5_C2","CNW","control","no","Black",221,-3,"10/28/2019 15:30","week1","tank2_control_no_10/28/2019 15:30",16.87285387,"tank2_control_no_Black"
"10/28/2019","D5",20,"15:30","tank1","D5_C1","CW","control","yes","Black",231,2,"10/28/2019 15:30","week1","tank1_control_yes_10/28/2019 15:30",16.63632461,"tank1_control_yes_Black"
"10/28/2019","D5",20,"15:30","tank1","D5_C1","CNW","control","no","Black",224,-2,"10/28/2019 15:30","week1","tank1_control_no_10/28/2019 15:30",16.11315094,"tank1_control_no_Black"
"10/24/2019","D1",20,"15:30","tank4","D1_H1","HW","heating","yes","White",225,1,"10/24/2019 15:30","week1","tank4_heating_yes_10/24/2019 15:30",15.77458002,"tank4_heating_yes_White"
"10/24/2019","D1",20,"15:30","tank4","D1_H1","HNW","heating","no","White",221,1,"10/24/2019 15:30","week1","tank4_heating_no_10/24/2019 15:30",16.22685516,"tank4_heating_no_White"
"10/24/2019","D1",20,"15:30","tank3","D1_H2","HW","heating","yes","White",227,-5,"10/24/2019 15:30","week1","tank3_heating_yes_10/24/2019 15:30",15.961108,"tank3_heating_yes_White"
"10/24/2019","D1",20,"15:30","tank3","D1_H2","HNW","heating","no","White",226,-4,"10/24/2019 15:30","week1","tank3_heating_no_10/24/2019 15:30",15.8685006,"tank3_heating_no_White"
"10/24/2019","D1",20,"15:30","tank2","D1_C2","CW","control","yes","White",223,-4,"10/24/2019 15:30","week1","tank2_control_yes_10/24/2019 15:30",16.43118487,"tank2_control_yes_White"
"10/24/2019","D1",20,"15:30","tank2","D1_C2","CNW","control","no","White",225,-3,"10/24/2019 15:30","week1","tank2_control_no_10/24/2019 15:30",16.81499856,"tank2_control_no_White"
"10/24/2019","D1",20,"15:30","tank1","D1_C1","CW","control","yes","White",220,4,"10/24/2019 15:30","week1","tank1_control_yes_10/24/2019 15:30",16.94405067,"tank1_control_yes_White"
"10/24/2019","D1",20,"15:30","tank1","D1_C1","CNW","control","no","White",223,0,"10/24/2019 15:30","week1","tank1_control_no_10/24/2019 15:30",16.4394618,"tank1_control_no_White"
"10/25/2019","D2",20,"15:30","tank4","D2_H1","HW","heating","yes","White",227,-1,"10/25/2019 15:30","week1","tank4_heating_yes_10/25/2019 15:30",15.99672912,"tank4_heating_yes_White"
"10/25/2019","D2",20,"15:30","tank4","D2_H1","HNW","heating","no","White",219,-2,"10/25/2019 15:30","week1","tank4_heating_no_10/25/2019 15:30",16.45729421,"tank4_heating_no_White"
"10/25/2019","D2",20,"15:30","tank3","D2_H2","HW","heating","yes","White",228,1,"10/25/2019 15:30","week1","tank3_heating_yes_10/25/2019 15:30",15.90336463,"tank3_heating_yes_White"
"10/25/2019","D2",20,"15:30","tank3","D2_H2","HNW","heating","no","White",227,-3,"10/25/2019 15:30","week1","tank3_heating_no_10/25/2019 15:30",15.82047301,"tank3_heating_no_White"
"10/25/2019","D2",20,"15:30","tank2","D2_C2","CW","control","yes","White",221,-2,"10/25/2019 15:30","week1","tank2_control_yes_10/25/2019 15:30",16.66445426,"tank2_control_yes_White"
"10/25/2019","D2",20,"15:30","tank2","D2_C2","CNW","control","no","White",226,0,"10/25/2019 15:30","week1","tank2_control_no_10/25/2019 15:30",16.97892193,"tank2_control_no_White"
"10/25/2019","D2",20,"15:30","tank1","D2_C1","CW","control","yes","White",218,-4,"10/25/2019 15:30","week1","tank1_control_yes_10/25/2019 15:30",16.72287256,"tank1_control_yes_White"
"10/25/2019","D2",20,"15:30","tank1","D2_C1","CNW","control","no","White",221,-3,"10/25/2019 15:30","week1","tank1_control_no_10/25/2019 15:30",16.24751424,"tank1_control_no_White"
"10/26/2019","D3",20,"15:30","tank4","D3_H1","HW","heating","yes","White",225,1,"10/26/2019 15:30","week1","tank4_heating_yes_10/26/2019 15:30",15.93877718,"tank4_heating_yes_White"
"10/26/2019","D3",20,"15:30","tank4","D3_H1","HNW","heating","no","White",222,0,"10/26/2019 15:30","week1","tank4_heating_no_10/26/2019 15:30",16.05402587,"tank4_heating_no_White"
"10/26/2019","D3",20,"15:30","tank3","D3_H2","HW","heating","yes","White",226,-2,"10/26/2019 15:30","week1","tank3_heating_yes_10/26/2019 15:30",15.72051064,"tank3_heating_yes_White"
"10/26/2019","D3",20,"15:30","tank3","D3_H2","HNW","heating","no","White",228,-3,"10/26/2019 15:30","week1","tank3_heating_no_10/26/2019 15:30",15.51309649,"tank3_heating_no_White"
"10/26/2019","D3",20,"15:30","tank2","D3_C2","CW","control","yes","White",223,0,"10/26/2019 15:30","week1","tank2_control_yes_10/26/2019 15:30",16.39230664,"tank2_control_yes_White"
"10/26/2019","D3",20,"15:30","tank2","D3_C2","CNW","control","no","White",221,-4,"10/26/2019 15:30","week1","tank2_control_no_10/26/2019 15:30",16.97892193,"tank2_control_no_White"
"10/26/2019","D3",20,"15:30","tank1","D3_C1","CW","control","yes","White",222,1,"10/26/2019 15:30","week1","tank1_control_yes_10/26/2019 15:30",16.66517393,"tank1_control_yes_White"
"10/26/2019","D3",20,"15:30","tank1","D3_C1","CNW","control","no","White",224,1,"10/26/2019 15:30","week1","tank1_control_no_10/26/2019 15:30",16.16113783,"tank1_control_no_White"
"10/27/2019","D4",20,"15:30","tank4","D4_H1","HW","heating","yes","White",229,2,"10/27/2019 15:30","week1","tank4_heating_yes_10/27/2019 15:30",15.8904839,"tank4_heating_yes_White"
"10/27/2019","D4",20,"15:30","tank4","D4_H1","HNW","heating","no","White",219,-2,"10/27/2019 15:30","week1","tank4_heating_no_10/27/2019 15:30",15.91000146,"tank4_heating_no_White"
"10/27/2019","D4",20,"15:30","tank3","D4_H2","HW","heating","yes","White",229,2,"10/27/2019 15:30","week1","tank3_heating_yes_10/27/2019 15:30",15.67239117,"tank3_heating_yes_White"
"10/27/2019","D4",20,"15:30","tank3","D4_H2","HNW","heating","no","White",231,0,"10/27/2019 15:30","week1","tank3_heating_no_10/27/2019 15:30",15.29216962,"tank3_heating_no_White"
"10/27/2019","D4",20,"15:30","tank2","D4_C2","CW","control","yes","White",225,-2,"10/27/2019 15:30","week1","tank2_control_yes_10/27/2019 15:30",16.45062398,"tank2_control_yes_White"
"10/27/2019","D4",20,"15:30","tank2","D4_C2","CNW","control","no","White",226,0,"10/27/2019 15:30","week1","tank2_control_no_10/27/2019 15:30",16.51607947,"tank2_control_no_White"
"10/27/2019","D4",20,"15:30","tank1","D4_C1","CW","control","yes","White",230,6,"10/27/2019 15:30","week1","tank1_control_yes_10/27/2019 15:30",16.57862597,"tank1_control_yes_White"
"10/27/2019","D4",20,"15:30","tank1","D4_C1","CNW","control","no","White",225,1,"10/27/2019 15:30","week1","tank1_control_no_10/27/2019 15:30",15.97878764,"tank1_control_no_White"
"10/28/2019","D5",20,"15:30","tank4","D5_H1","HW","heating","yes","White",227,0,"10/28/2019 15:30","week1","tank4_heating_yes_10/28/2019 15:30",15.83253196,"tank4_heating_yes_White"
"10/28/2019","D5",20,"15:30","tank4","D5_H1","HNW","heating","no","White",222,1,"10/28/2019 15:30","week1","tank4_heating_no_10/28/2019 15:30",16.00601773,"tank4_heating_no_White"
"10/28/2019","D5",20,"15:30","tank3","D5_H2","HW","heating","yes","White",229,-1,"10/28/2019 15:30","week1","tank3_heating_yes_10/28/2019 15:30",15.74938232,"tank3_heating_yes_White"
"10/28/2019","D5",20,"15:30","tank3","D5_H2","HNW","heating","no","White",226,-2,"10/28/2019 15:30","week1","tank3_heating_no_10/28/2019 15:30",15.42664684,"tank3_heating_no_White"
"10/28/2019","D5",20,"15:30","tank2","D5_C2","CW","control","yes","White",227,2,"10/28/2019 15:30","week1","tank2_control_yes_10/28/2019 15:30",16.50894133,"tank2_control_yes_White"
"10/28/2019","D5",20,"15:30","tank2","D5_C2","CNW","control","no","White",224,-3,"10/28/2019 15:30","week1","tank2_control_no_10/28/2019 15:30",16.87285387,"tank2_control_no_White"
"10/28/2019","D5",20,"15:30","tank1","D5_C1","CW","control","yes","White",222,-2,"10/28/2019 15:30","week1","tank1_control_yes_10/28/2019 15:30",16.63632461,"tank1_control_yes_White"
"10/28/2019","D5",20,"15:30","tank1","D5_C1","CNW","control","no","White",224,-1,"10/28/2019 15:30","week1","tank1_control_no_10/28/2019 15:30",16.11315094,"tank1_control_no_White"
"10/24/2019","D1",20,"17:30","tank4","D1_H1","HW","heating","yes","Red",229,4,"10/24/2019 17:30","week1","tank4_heating_yes_10/24/2019 17:30",16.05468106,"tank4_heating_yes_Red"
"10/24/2019","D1",20,"17:30","tank4","D1_H1","HNW","heating","no","Red",226,1,"10/24/2019 17:30","week1","tank4_heating_no_10/24/2019 17:30",16.45729421,"tank4_heating_no_Red"
"10/24/2019","D1",20,"17:30","tank3","D1_H2","HW","heating","yes","Red",225,1,"10/24/2019 17:30","week1","tank3_heating_yes_10/24/2019 17:30",16.25944872,"tank3_heating_yes_Red"
"10/24/2019","D1",20,"17:30","tank3","D1_H2","HNW","heating","no","Red",228,-1,"10/24/2019 17:30","week1","tank3_heating_no_10/24/2019 17:30",16.37759296,"tank3_heating_no_Red"
"10/24/2019","D1",20,"17:30","tank2","D1_C2","CW","control","yes","Red",227,3,"10/24/2019 17:30","week1","tank2_control_yes_10/24/2019 17:30",16.83940631,"tank2_control_yes_Red"
"10/24/2019","D1",20,"17:30","tank2","D1_C2","CNW","control","no","Red",225,-1,"10/24/2019 17:30","week1","tank2_control_no_10/24/2019 17:30",17.1428453,"tank2_control_no_Red"
"10/24/2019","D1",20,"17:30","tank1","D1_C1","CW","control","yes","Red",234,3,"10/24/2019 17:30","week1","tank1_control_yes_10/24/2019 17:30",17.05944795,"tank1_control_yes_Red"
"10/24/2019","D1",20,"17:30","tank1","D1_C1","CNW","control","no","Red",226,2,"10/24/2019 17:30","week1","tank1_control_no_10/24/2019 17:30",16.60261723,"tank1_control_no_Red"
"10/25/2019","D2",20,"17:30","tank4","D2_H1","HW","heating","yes","Red",226,-1,"10/25/2019 17:30","week1","tank4_heating_yes_10/25/2019 17:30",16.01604643,"tank4_heating_yes_Red"
"10/25/2019","D2",20,"17:30","tank4","D2_H1","HNW","heating","no","Red",229,2,"10/25/2019 17:30","week1","tank4_heating_no_10/25/2019 17:30",16.3132698,"tank4_heating_no_Red"
"10/25/2019","D2",20,"17:30","tank3","D2_H2","HW","heating","yes","Red",226,2,"10/25/2019 17:30","week1","tank3_heating_yes_10/25/2019 17:30",16.1247142,"tank3_heating_yes_Red"
"10/25/2019","D2",20,"17:30","tank3","D2_H2","HNW","heating","no","Red",229,-3,"10/25/2019 17:30","week1","tank3_heating_no_10/25/2019 17:30",16.2815378,"tank3_heating_no_Red"
"10/25/2019","D2",20,"17:30","tank2","D2_C2","CW","control","yes","Red",230,2,"10/25/2019 17:30","week1","tank2_control_yes_10/25/2019 17:30",16.78108896,"tank2_control_yes_Red"
"10/25/2019","D2",20,"17:30","tank2","D2_C2","CNW","control","no","Red",224,-4,"10/25/2019 17:30","week1","tank2_control_no_10/25/2019 17:30",17.01749214,"tank2_control_no_Red"
"10/25/2019","D2",20,"17:30","tank1","D2_C1","CW","control","yes","Red",228,-1,"10/25/2019 17:30","week1","tank1_control_yes_10/25/2019 17:30",16.79980408,"tank1_control_yes_Red"
"10/25/2019","D2",20,"17:30","tank1","D2_C1","CNW","control","no","Red",225,-1,"10/25/2019 17:30","week1","tank1_control_no_10/25/2019 17:30",16.24751424,"tank1_control_no_Red"
"10/26/2019","D3",20,"17:30","tank4","D3_H1","HW","heating","yes","Red",227,1,"10/26/2019 17:30","week1","tank4_heating_yes_10/26/2019 17:30",16.10297434,"tank4_heating_yes_Red"
"10/26/2019","D3",20,"17:30","tank4","D3_H1","HNW","heating","no","Red",227,0,"10/26/2019 17:30","week1","tank4_heating_no_10/26/2019 17:30",16.43809096,"tank4_heating_no_Red"
"10/26/2019","D3",20,"17:30","tank3","D3_H2","HW","heating","yes","Red",227,1,"10/26/2019 17:30","week1","tank3_heating_yes_10/26/2019 17:30",16.10546641,"tank3_heating_yes_Red"
"10/26/2019","D3",20,"17:30","tank3","D3_H2","HNW","heating","no","Red",230,2,"10/26/2019 17:30","week1","tank3_heating_no_10/26/2019 17:30",16.26232676,"tank3_heating_no_Red"
"10/26/2019","D3",20,"17:30","tank2","D3_C2","CW","control","yes","Red",228,0,"10/26/2019 17:30","week1","tank2_control_yes_10/26/2019 17:30",16.80052808,"tank2_control_yes_Red"
"10/26/2019","D3",20,"17:30","tank2","D3_C2","CNW","control","no","Red",228,2,"10/26/2019 17:30","week1","tank2_control_no_10/26/2019 17:30",17.02713469,"tank2_control_no_Red"
"10/26/2019","D3",20,"17:30","tank1","D3_C1","CW","control","yes","Red",232,0,"10/26/2019 17:30","week1","tank1_control_yes_10/26/2019 17:30",16.74210544,"tank1_control_yes_Red"
"10/26/2019","D3",20,"17:30","tank1","D3_C1","CNW","control","no","Red",225,1,"10/26/2019 17:30","week1","tank1_control_no_10/26/2019 17:30",16.32429326,"tank1_control_no_Red"
"10/27/2019","D4",20,"17:30","tank4","D4_H1","HW","heating","yes","Red",228,3,"10/27/2019 17:30","week1","tank4_heating_yes_10/27/2019 17:30",15.88082524,"tank4_heating_yes_Red"
"10/27/2019","D4",20,"17:30","tank4","D4_H1","HNW","heating","no","Red",225,-3,"10/27/2019 17:30","week1","tank4_heating_no_10/27/2019 17:30",16.25566004,"tank4_heating_no_Red"
"10/27/2019","D4",20,"17:30","tank3","D4_H2","HW","heating","yes","Red",224,2,"10/27/2019 17:30","week1","tank3_heating_yes_10/27/2019 17:30",15.57615223,"tank3_heating_yes_Red"
"10/27/2019","D4",20,"17:30","tank3","D4_H2","HNW","heating","no","Red",231,0,"10/27/2019 17:30","week1","tank3_heating_no_10/27/2019 17:30",15.21532548,"tank3_heating_no_Red"
"10/27/2019","D4",20,"17:30","tank2","D4_C2","CW","control","yes","Red",228,1,"10/27/2019 17:30","week1","tank2_control_yes_10/27/2019 17:30",16.31455017,"tank2_control_yes_Red"
"10/27/2019","D4",20,"17:30","tank2","D4_C2","CNW","control","no","Red",226,0,"10/27/2019 17:30","week1","tank2_control_no_10/27/2019 17:30",16.63179008,"tank2_control_no_Red"
"10/27/2019","D4",20,"17:30","tank1","D4_C1","CW","control","yes","Red",230,1,"10/27/2019 17:30","week1","tank1_control_yes_10/27/2019 17:30",16.54016021,"tank1_control_yes_Red"
"10/27/2019","D4",20,"17:30","tank1","D4_C1","CNW","control","no","Red",225,0,"10/27/2019 17:30","week1","tank1_control_no_10/27/2019 17:30",15.95959289,"tank1_control_no_Red"
"10/28/2019","D5",20,"17:30","tank4","D5_H1","HW","heating","yes","Red",227,2,"10/28/2019 17:30","week1","tank4_heating_yes_10/28/2019 17:30",15.85184927,"tank4_heating_yes_Red"
"10/28/2019","D5",20,"17:30","tank4","D5_H1","HNW","heating","no","Red",227,0,"10/28/2019 17:30","week1","tank4_heating_no_10/28/2019 17:30",16.23645679,"tank4_heating_no_Red"
"10/28/2019","D5",20,"17:30","tank3","D5_H2","HW","heating","yes","Red",225,1,"10/28/2019 17:30","week1","tank3_heating_yes_10/28/2019 17:30",15.59540001,"tank3_heating_yes_Red"
"10/28/2019","D5",20,"17:30","tank3","D5_H2","HNW","heating","no","Red",231,1,"10/28/2019 17:30","week1","tank3_heating_no_10/28/2019 17:30",15.60915165,"tank3_heating_no_Red"
"10/28/2019","D5",20,"17:30","tank2","D5_C2","CW","control","yes","Red",227,0,"10/28/2019 17:30","week1","tank2_control_yes_10/28/2019 17:30",16.49922178,"tank2_control_yes_Red"
"10/28/2019","D5",20,"17:30","tank2","D5_C2","CNW","control","no","Red",225,0,"10/28/2019 17:30","week1","tank2_control_no_10/28/2019 17:30",16.71857304,"tank2_control_no_Red"
"10/28/2019","D5",20,"17:30","tank1","D5_C1","CW","control","yes","Red",230,3,"10/28/2019 17:30","week1","tank1_control_yes_10/28/2019 17:30",16.54016021,"tank1_control_yes_Red"
"10/28/2019","D5",20,"17:30","tank1","D5_C1","CNW","control","no","Red",224,0,"10/28/2019 17:30","week1","tank1_control_no_10/28/2019 17:30",15.95959289,"tank1_control_no_Red"
"10/24/2019","D1",20,"17:30","tank4","D1_H1","HW","heating","yes","Yellow",226,3,"10/24/2019 17:30","week1","tank4_heating_yes_10/24/2019 17:30",16.05468106,"tank4_heating_yes_Yellow"
"10/24/2019","D1",20,"17:30","tank4","D1_H1","HNW","heating","no","Yellow",230,2,"10/24/2019 17:30","week1","tank4_heating_no_10/24/2019 17:30",16.45729421,"tank4_heating_no_Yellow"
"10/24/2019","D1",20,"17:30","tank3","D1_H2","HW","heating","yes","Yellow",222,-1,"10/24/2019 17:30","week1","tank3_heating_yes_10/24/2019 17:30",16.25944872,"tank3_heating_yes_Yellow"
"10/24/2019","D1",20,"17:30","tank3","D1_H2","HNW","heating","no","Yellow",223,-3,"10/24/2019 17:30","week1","tank3_heating_no_10/24/2019 17:30",16.37759296,"tank3_heating_no_Yellow"
"10/24/2019","D1",20,"17:30","tank2","D1_C2","CW","control","yes","Yellow",228,-1,"10/24/2019 17:30","week1","tank2_control_yes_10/24/2019 17:30",16.83940631,"tank2_control_yes_Yellow"
"10/24/2019","D1",20,"17:30","tank2","D1_C2","CNW","control","no","Yellow",220,-4,"10/24/2019 17:30","week1","tank2_control_no_10/24/2019 17:30",17.1428453,"tank2_control_no_Yellow"
"10/24/2019","D1",20,"17:30","tank1","D1_C1","CW","control","yes","Yellow",225,-2,"10/24/2019 17:30","week1","tank1_control_yes_10/24/2019 17:30",17.05944795,"tank1_control_yes_Yellow"
"10/24/2019","D1",20,"17:30","tank1","D1_C1","CNW","control","no","Yellow",228,-2,"10/24/2019 17:30","week1","tank1_control_no_10/24/2019 17:30",16.60261723,"tank1_control_no_Yellow"
"10/25/2019","D2",20,"17:30","tank4","D2_H1","HW","heating","yes","Yellow",225,0,"10/25/2019 17:30","week1","tank4_heating_yes_10/25/2019 17:30",16.01604643,"tank4_heating_yes_Yellow"
"10/25/2019","D2",20,"17:30","tank4","D2_H1","HNW","heating","no","Yellow",228,1,"10/25/2019 17:30","week1","tank4_heating_no_10/25/2019 17:30",16.3132698,"tank4_heating_no_Yellow"
"10/25/2019","D2",20,"17:30","tank3","D2_H2","HW","heating","yes","Yellow",224,0,"10/25/2019 17:30","week1","tank3_heating_yes_10/25/2019 17:30",16.1247142,"tank3_heating_yes_Yellow"
"10/25/2019","D2",20,"17:30","tank3","D2_H2","HNW","heating","no","Yellow",223,0,"10/25/2019 17:30","week1","tank3_heating_no_10/25/2019 17:30",16.2815378,"tank3_heating_no_Yellow"
"10/25/2019","D2",20,"17:30","tank2","D2_C2","CW","control","yes","Yellow",230,-2,"10/25/2019 17:30","week1","tank2_control_yes_10/25/2019 17:30",16.78108896,"tank2_control_yes_Yellow"
"10/25/2019","D2",20,"17:30","tank2","D2_C2","CNW","control","no","Yellow",222,3,"10/25/2019 17:30","week1","tank2_control_no_10/25/2019 17:30",17.01749214,"tank2_control_no_Yellow"
"10/25/2019","D2",20,"17:30","tank1","D2_C1","CW","control","yes","Yellow",225,-2,"10/25/2019 17:30","week1","tank1_control_yes_10/25/2019 17:30",16.79980408,"tank1_control_yes_Yellow"
"10/25/2019","D2",20,"17:30","tank1","D2_C1","CNW","control","no","Yellow",229,0,"10/25/2019 17:30","week1","tank1_control_no_10/25/2019 17:30",16.24751424,"tank1_control_no_Yellow"
"10/26/2019","D3",20,"17:30","tank4","D3_H1","HW","heating","yes","Yellow",228,1,"10/26/2019 17:30","week1","tank4_heating_yes_10/26/2019 17:30",16.10297434,"tank4_heating_yes_Yellow"
"10/26/2019","D3",20,"17:30","tank4","D3_H1","HNW","heating","no","Yellow",232,-1,"10/26/2019 17:30","week1","tank4_heating_no_10/26/2019 17:30",16.43809096,"tank4_heating_no_Yellow"
"10/26/2019","D3",20,"17:30","tank3","D3_H2","HW","heating","yes","Yellow",223,0,"10/26/2019 17:30","week1","tank3_heating_yes_10/26/2019 17:30",16.10546641,"tank3_heating_yes_Yellow"
"10/26/2019","D3",20,"17:30","tank3","D3_H2","HNW","heating","no","Yellow",224,1,"10/26/2019 17:30","week1","tank3_heating_no_10/26/2019 17:30",16.26232676,"tank3_heating_no_Yellow"
"10/26/2019","D3",20,"17:30","tank2","D3_C2","CW","control","yes","Yellow",229,-1,"10/26/2019 17:30","week1","tank2_control_yes_10/26/2019 17:30",16.80052808,"tank2_control_yes_Yellow"
"10/26/2019","D3",20,"17:30","tank2","D3_C2","CNW","control","no","Yellow",220,-1,"10/26/2019 17:30","week1","tank2_control_no_10/26/2019 17:30",17.02713469,"tank2_control_no_Yellow"
"10/26/2019","D3",20,"17:30","tank1","D3_C1","CW","control","yes","Yellow",227,1,"10/26/2019 17:30","week1","tank1_control_yes_10/26/2019 17:30",16.74210544,"tank1_control_yes_Yellow"
"10/26/2019","D3",20,"17:30","tank1","D3_C1","CNW","control","no","Yellow",223,0,"10/26/2019 17:30","week1","tank1_control_no_10/26/2019 17:30",16.32429326,"tank1_control_no_Yellow"
"10/27/2019","D4",20,"17:30","tank4","D4_H1","HW","heating","yes","Yellow",224,-2,"10/27/2019 17:30","week1","tank4_heating_yes_10/27/2019 17:30",15.88082524,"tank4_heating_yes_Yellow"
"10/27/2019","D4",20,"17:30","tank4","D4_H1","HNW","heating","no","Yellow",230,0,"10/27/2019 17:30","week1","tank4_heating_no_10/27/2019 17:30",16.25566004,"tank4_heating_no_Yellow"
"10/27/2019","D4",20,"17:30","tank3","D4_H2","HW","heating","yes","Yellow",225,0,"10/27/2019 17:30","week1","tank3_heating_yes_10/27/2019 17:30",15.57615223,"tank3_heating_yes_Yellow"
"10/27/2019","D4",20,"17:30","tank3","D4_H2","HNW","heating","no","Yellow",224,-2,"10/27/2019 17:30","week1","tank3_heating_no_10/27/2019 17:30",15.21532548,"tank3_heating_no_Yellow"
"10/27/2019","D4",20,"17:30","tank2","D4_C2","CW","control","yes","Yellow",228,-1,"10/27/2019 17:30","week1","tank2_control_yes_10/27/2019 17:30",16.31455017,"tank2_control_yes_Yellow"
"10/27/2019","D4",20,"17:30","tank2","D4_C2","CNW","control","no","Yellow",221,-1,"10/27/2019 17:30","week1","tank2_control_no_10/27/2019 17:30",16.63179008,"tank2_control_no_Yellow"
"10/27/2019","D4",20,"17:30","tank1","D4_C1","CW","control","yes","Yellow",228,0,"10/27/2019 17:30","week1","tank1_control_yes_10/27/2019 17:30",16.54016021,"tank1_control_yes_Yellow"
"10/27/2019","D4",20,"17:30","tank1","D4_C1","CNW","control","no","Yellow",223,0,"10/27/2019 17:30","week1","tank1_control_no_10/27/2019 17:30",15.95959289,"tank1_control_no_Yellow"
"10/28/2019","D5",20,"17:30","tank4","D5_H1","HW","heating","yes","Yellow",226,2,"10/28/2019 17:30","week1","tank4_heating_yes_10/28/2019 17:30",15.85184927,"tank4_heating_yes_Yellow"
"10/28/2019","D5",20,"17:30","tank4","D5_H1","HNW","heating","no","Yellow",232,1,"10/28/2019 17:30","week1","tank4_heating_no_10/28/2019 17:30",16.23645679,"tank4_heating_no_Yellow"
"10/28/2019","D5",20,"17:30","tank3","D5_H2","HW","heating","yes","Yellow",224,-1,"10/28/2019 17:30","week1","tank3_heating_yes_10/28/2019 17:30",15.59540001,"tank3_heating_yes_Yellow"
"10/28/2019","D5",20,"17:30","tank3","D5_H2","HNW","heating","no","Yellow",224,0,"10/28/2019 17:30","week1","tank3_heating_no_10/28/2019 17:30",15.60915165,"tank3_heating_no_Yellow"
"10/28/2019","D5",20,"17:30","tank2","D5_C2","CW","control","yes","Yellow",228,0,"10/28/2019 17:30","week1","tank2_control_yes_10/28/2019 17:30",16.49922178,"tank2_control_yes_Yellow"
"10/28/2019","D5",20,"17:30","tank2","D5_C2","CNW","control","no","Yellow",223,1,"10/28/2019 17:30","week1","tank2_control_no_10/28/2019 17:30",16.71857304,"tank2_control_no_Yellow"
"10/28/2019","D5",20,"17:30","tank1","D5_C1","CW","control","yes","Yellow",227,1,"10/28/2019 17:30","week1","tank1_control_yes_10/28/2019 17:30",16.54016021,"tank1_control_yes_Yellow"
"10/28/2019","D5",20,"17:30","tank1","D5_C1","CNW","control","no","Yellow",226,3,"10/28/2019 17:30","week1","tank1_control_no_10/28/2019 17:30",15.95959289,"tank1_control_no_Yellow"
"10/24/2019","D1",20,"17:30","tank4","D1_H1","HW","heating","yes","Black",224,2,"10/24/2019 17:30","week1","tank4_heating_yes_10/24/2019 17:30",16.05468106,"tank4_heating_yes_Black"
"10/24/2019","D1",20,"17:30","tank4","D1_H1","HNW","heating","no","Black",224,-2,"10/24/2019 17:30","week1","tank4_heating_no_10/24/2019 17:30",16.45729421,"tank4_heating_no_Black"
"10/24/2019","D1",20,"17:30","tank3","D1_H2","HW","heating","yes","Black",222,-1,"10/24/2019 17:30","week1","tank3_heating_yes_10/24/2019 17:30",16.25944872,"tank3_heating_yes_Black"
"10/24/2019","D1",20,"17:30","tank3","D1_H2","HNW","heating","no","Black",221,-5,"10/24/2019 17:30","week1","tank3_heating_no_10/24/2019 17:30",16.37759296,"tank3_heating_no_Black"
"10/24/2019","D1",20,"17:30","tank2","D1_C2","CW","control","yes","Black",225,0,"10/24/2019 17:30","week1","tank2_control_yes_10/24/2019 17:30",16.83940631,"tank2_control_yes_Black"
"10/24/2019","D1",20,"17:30","tank2","D1_C2","CNW","control","no","Black",224,0,"10/24/2019 17:30","week1","tank2_control_no_10/24/2019 17:30",17.1428453,"tank2_control_no_Black"
"10/24/2019","D1",20,"17:30","tank1","D1_C1","CW","control","yes","Black",230,0,"10/24/2019 17:30","week1","tank1_control_yes_10/24/2019 17:30",17.05944795,"tank1_control_yes_Black"
"10/24/2019","D1",20,"17:30","tank1","D1_C1","CNW","control","no","Black",226,2,"10/24/2019 17:30","week1","tank1_control_no_10/24/2019 17:30",16.60261723,"tank1_control_no_Black"
"10/25/2019","D2",20,"17:30","tank4","D2_H1","HW","heating","yes","Black",224,-1,"10/25/2019 17:30","week1","tank4_heating_yes_10/25/2019 17:30",16.01604643,"tank4_heating_yes_Black"
"10/25/2019","D2",20,"17:30","tank4","D2_H1","HNW","heating","no","Black",224,-1,"10/25/2019 17:30","week1","tank4_heating_no_10/25/2019 17:30",16.3132698,"tank4_heating_no_Black"
"10/25/2019","D2",20,"17:30","tank3","D2_H2","HW","heating","yes","Black",224,1,"10/25/2019 17:30","week1","tank3_heating_yes_10/25/2019 17:30",16.1247142,"tank3_heating_yes_Black"
"10/25/2019","D2",20,"17:30","tank3","D2_H2","HNW","heating","no","Black",222,4,"10/25/2019 17:30","week1","tank3_heating_no_10/25/2019 17:30",16.2815378,"tank3_heating_no_Black"
"10/25/2019","D2",20,"17:30","tank2","D2_C2","CW","control","yes","Black",227,5,"10/25/2019 17:30","week1","tank2_control_yes_10/25/2019 17:30",16.78108896,"tank2_control_yes_Black"
"10/25/2019","D2",20,"17:30","tank2","D2_C2","CNW","control","no","Black",224,1,"10/25/2019 17:30","week1","tank2_control_no_10/25/2019 17:30",17.01749214,"tank2_control_no_Black"
"10/25/2019","D2",20,"17:30","tank1","D2_C1","CW","control","yes","Black",229,0,"10/25/2019 17:30","week1","tank1_control_yes_10/25/2019 17:30",16.79980408,"tank1_control_yes_Black"
"10/25/2019","D2",20,"17:30","tank1","D2_C1","CNW","control","no","Black",224,-8,"10/25/2019 17:30","week1","tank1_control_no_10/25/2019 17:30",16.24751424,"tank1_control_no_Black"
"10/26/2019","D3",20,"17:30","tank4","D3_H1","HW","heating","yes","Black",226,1,"10/26/2019 17:30","week1","tank4_heating_yes_10/26/2019 17:30",16.10297434,"tank4_heating_yes_Black"
"10/26/2019","D3",20,"17:30","tank4","D3_H1","HNW","heating","no","Black",227,1,"10/26/2019 17:30","week1","tank4_heating_no_10/26/2019 17:30",16.43809096,"tank4_heating_no_Black"
"10/26/2019","D3",20,"17:30","tank3","D3_H2","HW","heating","yes","Black",223,0,"10/26/2019 17:30","week1","tank3_heating_yes_10/26/2019 17:30",16.10546641,"tank3_heating_yes_Black"
"10/26/2019","D3",20,"17:30","tank3","D3_H2","HNW","heating","no","Black",224,2,"10/26/2019 17:30","week1","tank3_heating_no_10/26/2019 17:30",16.26232676,"tank3_heating_no_Black"
"10/26/2019","D3",20,"17:30","tank2","D3_C2","CW","control","yes","Black",227,1,"10/26/2019 17:30","week1","tank2_control_yes_10/26/2019 17:30",16.80052808,"tank2_control_yes_Black"
"10/26/2019","D3",20,"17:30","tank2","D3_C2","CNW","control","no","Black",221,-1,"10/26/2019 17:30","week1","tank2_control_no_10/26/2019 17:30",17.02713469,"tank2_control_no_Black"
"10/26/2019","D3",20,"17:30","tank1","D3_C1","CW","control","yes","Black",233,5,"10/26/2019 17:30","week1","tank1_control_yes_10/26/2019 17:30",16.74210544,"tank1_control_yes_Black"
"10/26/2019","D3",20,"17:30","tank1","D3_C1","CNW","control","no","Black",226,0,"10/26/2019 17:30","week1","tank1_control_no_10/26/2019 17:30",16.32429326,"tank1_control_no_Black"
"10/27/2019","D4",20,"17:30","tank4","D4_H1","HW","heating","yes","Black",225,-1,"10/27/2019 17:30","week1","tank4_heating_yes_10/27/2019 17:30",15.88082524,"tank4_heating_yes_Black"
"10/27/2019","D4",20,"17:30","tank4","D4_H1","HNW","heating","no","Black",226,-1,"10/27/2019 17:30","week1","tank4_heating_no_10/27/2019 17:30",16.25566004,"tank4_heating_no_Black"
"10/27/2019","D4",20,"17:30","tank3","D4_H2","HW","heating","yes","Black",223,0,"10/27/2019 17:30","week1","tank3_heating_yes_10/27/2019 17:30",15.57615223,"tank3_heating_yes_Black"
"10/27/2019","D4",20,"17:30","tank3","D4_H2","HNW","heating","no","Black",228,3,"10/27/2019 17:30","week1","tank3_heating_no_10/27/2019 17:30",15.21532548,"tank3_heating_no_Black"
"10/27/2019","D4",20,"17:30","tank2","D4_C2","CW","control","yes","Black",226,1,"10/27/2019 17:30","week1","tank2_control_yes_10/27/2019 17:30",16.31455017,"tank2_control_yes_Black"
"10/27/2019","D4",20,"17:30","tank2","D4_C2","CNW","control","no","Black",223,0,"10/27/2019 17:30","week1","tank2_control_no_10/27/2019 17:30",16.63179008,"tank2_control_no_Black"
"10/27/2019","D4",20,"17:30","tank1","D4_C1","CW","control","yes","Black",231,-1,"10/27/2019 17:30","week1","tank1_control_yes_10/27/2019 17:30",16.54016021,"tank1_control_yes_Black"
"10/27/2019","D4",20,"17:30","tank1","D4_C1","CNW","control","no","Black",224,-1,"10/27/2019 17:30","week1","tank1_control_no_10/27/2019 17:30",15.95959289,"tank1_control_no_Black"
"10/28/2019","D5",20,"17:30","tank4","D5_H1","HW","heating","yes","Black",226,2,"10/28/2019 17:30","week1","tank4_heating_yes_10/28/2019 17:30",15.85184927,"tank4_heating_yes_Black"
"10/28/2019","D5",20,"17:30","tank4","D5_H1","HNW","heating","no","Black",227,-1,"10/28/2019 17:30","week1","tank4_heating_no_10/28/2019 17:30",16.23645679,"tank4_heating_no_Black"
"10/28/2019","D5",20,"17:30","tank3","D5_H2","HW","heating","yes","Black",220,-1,"10/28/2019 17:30","week1","tank3_heating_yes_10/28/2019 17:30",15.59540001,"tank3_heating_yes_Black"
"10/28/2019","D5",20,"17:30","tank3","D5_H2","HNW","heating","no","Black",219,-2,"10/28/2019 17:30","week1","tank3_heating_no_10/28/2019 17:30",15.60915165,"tank3_heating_no_Black"
"10/28/2019","D5",20,"17:30","tank2","D5_C2","CW","control","yes","Black",227,3,"10/28/2019 17:30","week1","tank2_control_yes_10/28/2019 17:30",16.49922178,"tank2_control_yes_Black"
"10/28/2019","D5",20,"17:30","tank2","D5_C2","CNW","control","no","Black",225,1,"10/28/2019 17:30","week1","tank2_control_no_10/28/2019 17:30",16.71857304,"tank2_control_no_Black"
"10/28/2019","D5",20,"17:30","tank1","D5_C1","CW","control","yes","Black",230,1,"10/28/2019 17:30","week1","tank1_control_yes_10/28/2019 17:30",16.54016021,"tank1_control_yes_Black"
"10/28/2019","D5",20,"17:30","tank1","D5_C1","CNW","control","no","Black",226,0,"10/28/2019 17:30","week1","tank1_control_no_10/28/2019 17:30",15.95959289,"tank1_control_no_Black"
"10/24/2019","D1",20,"17:30","tank4","D1_H1","HW","heating","yes","White",225,1,"10/24/2019 17:30","week1","tank4_heating_yes_10/24/2019 17:30",16.05468106,"tank4_heating_yes_White"
"10/24/2019","D1",20,"17:30","tank4","D1_H1","HNW","heating","no","White",221,1,"10/24/2019 17:30","week1","tank4_heating_no_10/24/2019 17:30",16.45729421,"tank4_heating_no_White"
"10/24/2019","D1",20,"17:30","tank3","D1_H2","HW","heating","yes","White",227,-5,"10/24/2019 17:30","week1","tank3_heating_yes_10/24/2019 17:30",16.25944872,"tank3_heating_yes_White"
"10/24/2019","D1",20,"17:30","tank3","D1_H2","HNW","heating","no","White",229,-1,"10/24/2019 17:30","week1","tank3_heating_no_10/24/2019 17:30",16.37759296,"tank3_heating_no_White"
"10/24/2019","D1",20,"17:30","tank2","D1_C2","CW","control","yes","White",223,-4,"10/24/2019 17:30","week1","tank2_control_yes_10/24/2019 17:30",16.83940631,"tank2_control_yes_White"
"10/24/2019","D1",20,"17:30","tank2","D1_C2","CNW","control","no","White",225,-3,"10/24/2019 17:30","week1","tank2_control_no_10/24/2019 17:30",17.1428453,"tank2_control_no_White"
"10/24/2019","D1",20,"17:30","tank1","D1_C1","CW","control","yes","White",222,6,"10/24/2019 17:30","week1","tank1_control_yes_10/24/2019 17:30",17.05944795,"tank1_control_yes_White"
"10/24/2019","D1",20,"17:30","tank1","D1_C1","CNW","control","no","White",224,1,"10/24/2019 17:30","week1","tank1_control_no_10/24/2019 17:30",16.60261723,"tank1_control_no_White"
"10/25/2019","D2",20,"17:30","tank4","D2_H1","HW","heating","yes","White",225,-3,"10/25/2019 17:30","week1","tank4_heating_yes_10/25/2019 17:30",16.01604643,"tank4_heating_yes_White"
"10/25/2019","D2",20,"17:30","tank4","D2_H1","HNW","heating","no","White",221,0,"10/25/2019 17:30","week1","tank4_heating_no_10/25/2019 17:30",16.3132698,"tank4_heating_no_White"
"10/25/2019","D2",20,"17:30","tank3","D2_H2","HW","heating","yes","White",229,2,"10/25/2019 17:30","week1","tank3_heating_yes_10/25/2019 17:30",16.1247142,"tank3_heating_yes_White"
"10/25/2019","D2",20,"17:30","tank3","D2_H2","HNW","heating","no","White",229,-1,"10/25/2019 17:30","week1","tank3_heating_no_10/25/2019 17:30",16.2815378,"tank3_heating_no_White"
"10/25/2019","D2",20,"17:30","tank2","D2_C2","CW","control","yes","White",226,3,"10/25/2019 17:30","week1","tank2_control_yes_10/25/2019 17:30",16.78108896,"tank2_control_yes_White"
"10/25/2019","D2",20,"17:30","tank2","D2_C2","CNW","control","no","White",226,0,"10/25/2019 17:30","week1","tank2_control_no_10/25/2019 17:30",17.01749214,"tank2_control_no_White"
"10/25/2019","D2",20,"17:30","tank1","D2_C1","CW","control","yes","White",220,-2,"10/25/2019 17:30","week1","tank1_control_yes_10/25/2019 17:30",16.79980408,"tank1_control_yes_White"
"10/25/2019","D2",20,"17:30","tank1","D2_C1","CNW","control","no","White",222,-2,"10/25/2019 17:30","week1","tank1_control_no_10/25/2019 17:30",16.24751424,"tank1_control_no_White"
"10/26/2019","D3",20,"17:30","tank4","D3_H1","HW","heating","yes","White",226,2,"10/26/2019 17:30","week1","tank4_heating_yes_10/26/2019 17:30",16.10297434,"tank4_heating_yes_White"
"10/26/2019","D3",20,"17:30","tank4","D3_H1","HNW","heating","no","White",221,-1,"10/26/2019 17:30","week1","tank4_heating_no_10/26/2019 17:30",16.43809096,"tank4_heating_no_White"
"10/26/2019","D3",20,"17:30","tank3","D3_H2","HW","heating","yes","White",226,-2,"10/26/2019 17:30","week1","tank3_heating_yes_10/26/2019 17:30",16.10546641,"tank3_heating_yes_White"
"10/26/2019","D3",20,"17:30","tank3","D3_H2","HNW","heating","no","White",228,-3,"10/26/2019 17:30","week1","tank3_heating_no_10/26/2019 17:30",16.26232676,"tank3_heating_no_White"
"10/26/2019","D3",20,"17:30","tank2","D3_C2","CW","control","yes","White",224,1,"10/26/2019 17:30","week1","tank2_control_yes_10/26/2019 17:30",16.80052808,"tank2_control_yes_White"
"10/26/2019","D3",20,"17:30","tank2","D3_C2","CNW","control","no","White",225,0,"10/26/2019 17:30","week1","tank2_control_no_10/26/2019 17:30",17.02713469,"tank2_control_no_White"
"10/26/2019","D3",20,"17:30","tank1","D3_C1","CW","control","yes","White",223,2,"10/26/2019 17:30","week1","tank1_control_yes_10/26/2019 17:30",16.74210544,"tank1_control_yes_White"
"10/26/2019","D3",20,"17:30","tank1","D3_C1","CNW","control","no","White",225,2,"10/26/2019 17:30","week1","tank1_control_no_10/26/2019 17:30",16.32429326,"tank1_control_no_White"
"10/27/2019","D4",20,"17:30","tank4","D4_H1","HW","heating","yes","White",230,3,"10/27/2019 17:30","week1","tank4_heating_yes_10/27/2019 17:30",15.88082524,"tank4_heating_yes_White"
"10/27/2019","D4",20,"17:30","tank4","D4_H1","HNW","heating","no","White",220,-1,"10/27/2019 17:30","week1","tank4_heating_no_10/27/2019 17:30",16.25566004,"tank4_heating_no_White"
"10/27/2019","D4",20,"17:30","tank3","D4_H2","HW","heating","yes","White",230,3,"10/27/2019 17:30","week1","tank3_heating_yes_10/27/2019 17:30",15.57615223,"tank3_heating_yes_White"
"10/27/2019","D4",20,"17:30","tank3","D4_H2","HNW","heating","no","White",230,-1,"10/27/2019 17:30","week1","tank3_heating_no_10/27/2019 17:30",15.21532548,"tank3_heating_no_White"
"10/27/2019","D4",20,"17:30","tank2","D4_C2","CW","control","yes","White",227,0,"10/27/2019 17:30","week1","tank2_control_yes_10/27/2019 17:30",16.31455017,"tank2_control_yes_White"
"10/27/2019","D4",20,"17:30","tank2","D4_C2","CNW","control","no","White",226,0,"10/27/2019 17:30","week1","tank2_control_no_10/27/2019 17:30",16.63179008,"tank2_control_no_White"
"10/27/2019","D4",20,"17:30","tank1","D4_C1","CW","control","yes","White",226,2,"10/27/2019 17:30","week1","tank1_control_yes_10/27/2019 17:30",16.54016021,"tank1_control_yes_White"
"10/27/2019","D4",20,"17:30","tank1","D4_C1","CNW","control","no","White",225,1,"10/27/2019 17:30","week1","tank1_control_no_10/27/2019 17:30",15.95959289,"tank1_control_no_White"
"10/28/2019","D5",20,"17:30","tank4","D5_H1","HW","heating","yes","White",229,2,"10/28/2019 17:30","week1","tank4_heating_yes_10/28/2019 17:30",15.85184927,"tank4_heating_yes_White"
"10/28/2019","D5",20,"17:30","tank4","D5_H1","HNW","heating","no","White",221,0,"10/28/2019 17:30","week1","tank4_heating_no_10/28/2019 17:30",16.23645679,"tank4_heating_no_White"
"10/28/2019","D5",20,"17:30","tank3","D5_H2","HW","heating","yes","White",228,-2,"10/28/2019 17:30","week1","tank3_heating_yes_10/28/2019 17:30",15.59540001,"tank3_heating_yes_White"
"10/28/2019","D5",20,"17:30","tank3","D5_H2","HNW","heating","no","White",227,-1,"10/28/2019 17:30","week1","tank3_heating_no_10/28/2019 17:30",15.60915165,"tank3_heating_no_White"
"10/28/2019","D5",20,"17:30","tank2","D5_C2","CW","control","yes","White",227,2,"10/28/2019 17:30","week1","tank2_control_yes_10/28/2019 17:30",16.49922178,"tank2_control_yes_White"
"10/28/2019","D5",20,"17:30","tank2","D5_C2","CNW","control","no","White",224,-3,"10/28/2019 17:30","week1","tank2_control_no_10/28/2019 17:30",16.71857304,"tank2_control_no_White"
"10/28/2019","D5",20,"17:30","tank1","D5_C1","CW","control","yes","White",223,-1,"10/28/2019 17:30","week1","tank1_control_yes_10/28/2019 17:30",16.54016021,"tank1_control_yes_White"
"10/28/2019","D5",20,"17:30","tank1","D5_C1","CNW","control","no","White",224,-1,"10/28/2019 17:30","week1","tank1_control_no_10/28/2019 17:30",15.95959289,"tank1_control_no_White"
"11/1/2019","D1",30,"10:30","tank4","D1_H1","HW","heating","yes","Red",226,0,"11/1/2019 10:30","week2","tank4_heating_yes_11/1/2019 10:30",15.71662808,"tank4_heating_yes_Red"
"11/1/2019","D1",30,"10:30","tank4","D1_H1","HNW","heating","no","Red",227,0,"11/1/2019 10:30","week2","tank4_heating_no_11/1/2019 10:30",16.1692454,"tank4_heating_no_Red"
"11/1/2019","D1",30,"10:30","tank3","D1_H2","HW","heating","yes","Red",224,0,"11/1/2019 10:30","week2","tank3_heating_yes_11/1/2019 10:30",16.22095314,"tank3_heating_yes_Red"
"11/1/2019","D1",30,"10:30","tank3","D1_H2","HNW","heating","no","Red",230,0,"11/1/2019 10:30","week2","tank3_heating_no_11/1/2019 10:30",16.13745505,"tank3_heating_no_Red"
"11/1/2019","D1",30,"10:30","tank2","D1_C2","CW","control","yes","Red",225,0,"11/1/2019 10:30","week2","tank2_control_yes_11/1/2019 10:30",16.78108896,"tank2_control_yes_Red"
"11/1/2019","D1",30,"10:30","tank2","D1_C2","CNW","control","no","Red",225,0,"11/1/2019 10:30","week2","tank2_control_no_11/1/2019 10:30",16.95963683,"tank2_control_no_Red"
"11/1/2019","D1",30,"10:30","tank1","D1_C1","CW","control","yes","Red",228,0,"11/1/2019 10:30","week2","tank1_control_yes_11/1/2019 10:30",16.66517393,"tank1_control_yes_Red"
"11/1/2019","D1",30,"10:30","tank1","D1_C1","CNW","control","no","Red",224,0,"11/1/2019 10:30","week2","tank1_control_no_11/1/2019 10:30",16.14194307,"tank1_control_no_Red"
"11/2/2019","D2",30,"10:30","tank4","D2_H1","HW","heating","yes","Red",228,0,"11/2/2019 10:30","week2","tank4_heating_yes_11/2/2019 10:30",16.45068596,"tank4_heating_yes_Red"
"11/2/2019","D2",30,"10:30","tank4","D2_H1","HNW","heating","no","Red",227,0,"11/2/2019 10:30","week2","tank4_heating_no_11/2/2019 10:30",16.71653814,"tank4_heating_no_Red"
"11/2/2019","D2",30,"10:30","tank3","D2_H2","HW","heating","yes","Red",222,0,"11/2/2019 10:30","week2","tank3_heating_yes_11/2/2019 10:30",16.73101954,"tank3_heating_yes_Red"
"11/2/2019","D2",30,"10:30","tank3","D2_H2","HNW","heating","no","Red",229,0,"11/2/2019 10:30","week2","tank3_heating_no_11/2/2019 10:30",16.61773087,"tank3_heating_no_Red"
"11/2/2019","D2",30,"10:30","tank2","D2_C2","CW","control","yes","Red",225,0,"11/2/2019 10:30","week2","tank2_control_yes_11/2/2019 10:30",16.82968675,"tank2_control_yes_Red"
"11/2/2019","D2",30,"10:30","tank2","D2_C2","CNW","control","no","Red",225,0,"11/2/2019 10:30","week2","tank2_control_no_11/2/2019 10:30",16.88249642,"tank2_control_no_Red"
"11/2/2019","D2",30,"10:30","tank1","D2_C1","CW","control","yes","Red",228,0,"11/2/2019 10:30","week2","tank1_control_yes_11/2/2019 10:30",16.68440681,"tank1_control_yes_Red"
"11/2/2019","D2",30,"10:30","tank1","D2_C1","CNW","control","no","Red",224,0,"11/2/2019 10:30","week2","tank1_control_no_11/2/2019 10:30",16.24751424,"tank1_control_no_Red"
"11/3/2019","D3",30,"10:30","tank4","D3_H1","HW","heating","yes","Red",227,0,"11/3/2019 10:30","week2","tank4_heating_yes_11/3/2019 10:30",16.59556581,"tank4_heating_yes_Red"
"11/3/2019","D3",30,"10:30","tank4","D3_H1","HNW","heating","no","Red",227,0,"11/3/2019 10:30","week2","tank4_heating_no_11/3/2019 10:30",16.78374953,"tank4_heating_no_Red"
"11/3/2019","D3",30,"10:30","tank3","D3_H2","HW","heating","yes","Red",224,0,"11/3/2019 10:30","week2","tank3_heating_yes_11/3/2019 10:30",16.76951512,"tank3_heating_yes_Red"
"11/3/2019","D3",30,"10:30","tank3","D3_H2","HNW","heating","no","Red",230,0,"11/3/2019 10:30","week2","tank3_heating_no_11/3/2019 10:30",16.58891432,"tank3_heating_no_Red"
"11/3/2019","D3",30,"10:30","tank2","D3_C2","CW","control","yes","Red",226,0,"11/3/2019 10:30","week2","tank2_control_yes_11/3/2019 10:30",16.7713694,"tank2_control_yes_Red"
"11/3/2019","D3",30,"10:30","tank2","D3_C2","CNW","control","no","Red",225,0,"11/3/2019 10:30","week2","tank2_control_no_11/3/2019 10:30",16.90178152,"tank2_control_no_Red"
"11/3/2019","D3",30,"10:30","tank1","D3_C1","CW","control","yes","Red",230,0,"11/3/2019 10:30","week2","tank1_control_yes_11/3/2019 10:30",16.71325612,"tank1_control_yes_Red"
"11/3/2019","D3",30,"10:30","tank1","D3_C1","CNW","control","no","Red",226,0,"11/3/2019 10:30","week2","tank1_control_no_11/3/2019 10:30",16.18992997,"tank1_control_no_Red"
"11/4/2019","D4",30,"10:30","tank4","D4_H1","HW","heating","yes","Red",225,0,"11/4/2019 10:30","week2","tank4_heating_yes_11/4/2019 10:30",16.56658984,"tank4_heating_yes_Red"
"11/4/2019","D4",30,"10:30","tank4","D4_H1","HNW","heating","no","Red",228,0,"11/4/2019 10:30","week2","tank4_heating_no_11/4/2019 10:30",16.75494465,"tank4_heating_no_Red"
"11/4/2019","D4",30,"10:30","tank3","D4_H2","HW","heating","yes","Red",224,0,"11/4/2019 10:30","week2","tank3_heating_yes_11/4/2019 10:30",16.73101954,"tank3_heating_yes_Red"
"11/4/2019","D4",30,"10:30","tank3","D4_H2","HNW","heating","no","Red",232,0,"11/4/2019 10:30","week2","tank3_heating_no_11/4/2019 10:30",16.5793088,"tank3_heating_no_Red"
"11/4/2019","D4",30,"10:30","tank2","D4_C2","CW","control","yes","Red",225,0,"11/4/2019 10:30","week2","tank2_control_yes_11/4/2019 10:30",16.80052808,"tank2_control_yes_Red"
"11/4/2019","D4",30,"10:30","tank2","D4_C2","CNW","control","no","Red",225,0,"11/4/2019 10:30","week2","tank2_control_no_11/4/2019 10:30",16.94035172,"tank2_control_no_Red"
"11/4/2019","D4",30,"10:30","tank1","D4_C1","CW","control","yes","Red",230,0,"11/4/2019 10:30","week2","tank1_control_yes_11/4/2019 10:30",16.74210544,"tank1_control_yes_Red"
"11/4/2019","D4",30,"10:30","tank1","D4_C1","CNW","control","no","Red",224,0,"11/4/2019 10:30","week2","tank1_control_no_11/4/2019 10:30",16.18033259,"tank1_control_no_Red"
"11/5/2019","D5",30,"10:30","tank4","D5_H1","HW","heating","yes","Red",228,0,"11/5/2019 10:30","week2","tank4_heating_yes_11/5/2019 10:30",16.5086379,"tank4_heating_yes_Red"
"11/5/2019","D5",30,"10:30","tank4","D5_H1","HNW","heating","no","Red",227,0,"11/5/2019 10:30","week2","tank4_heating_no_11/5/2019 10:30",16.76454628,"tank4_heating_no_Red"
"11/5/2019","D5",30,"10:30","tank3","D5_H2","HW","heating","yes","Red",226,0,"11/5/2019 10:30","week2","tank3_heating_yes_11/5/2019 10:30",16.73101954,"tank3_heating_yes_Red"
"11/5/2019","D5",30,"10:30","tank3","D5_H2","HNW","heating","no","Red",231,0,"11/5/2019 10:30","week2","tank3_heating_no_11/5/2019 10:30",16.52167571,"tank3_heating_no_Red"
"11/5/2019","D5",30,"10:30","tank2","D5_C2","CW","control","yes","Red",225,0,"11/5/2019 10:30","week2","tank2_control_yes_11/5/2019 10:30",16.7713694,"tank2_control_yes_Red"
"11/5/2019","D5",30,"10:30","tank2","D5_C2","CNW","control","no","Red",226,0,"11/5/2019 10:30","week2","tank2_control_no_11/5/2019 10:30",16.80535601,"tank2_control_no_Red"
"11/5/2019","D5",30,"10:30","tank1","D5_C1","CW","control","yes","Red",227,0,"11/5/2019 10:30","week2","tank1_control_yes_11/5/2019 10:30",16.69402325,"tank1_control_yes_Red"
"11/5/2019","D5",30,"10:30","tank1","D5_C1","CNW","control","no","Red",224,0,"11/5/2019 10:30","week2","tank1_control_no_11/5/2019 10:30",16.24751424,"tank1_control_no_Red"
"11/1/2019","D1",30,"10:30","tank4","D1_H1","HW","heating","yes","Yellow",224,0,"11/1/2019 10:30","week2","tank4_heating_yes_11/1/2019 10:30",15.71662808,"tank4_heating_yes_Yellow"
"11/1/2019","D1",30,"10:30","tank4","D1_H1","HNW","heating","no","Yellow",231,0,"11/1/2019 10:30","week2","tank4_heating_no_11/1/2019 10:30",16.1692454,"tank4_heating_no_Yellow"
"11/1/2019","D1",30,"10:30","tank3","D1_H2","HW","heating","yes","Yellow",226,0,"11/1/2019 10:30","week2","tank3_heating_yes_11/1/2019 10:30",16.22095314,"tank3_heating_yes_Yellow"
"11/1/2019","D1",30,"10:30","tank3","D1_H2","HNW","heating","no","Yellow",223,0,"11/1/2019 10:30","week2","tank3_heating_no_11/1/2019 10:30",16.13745505,"tank3_heating_no_Yellow"
"11/1/2019","D1",30,"10:30","tank2","D1_C2","CW","control","yes","Yellow",228,0,"11/1/2019 10:30","week2","tank2_control_yes_11/1/2019 10:30",16.78108896,"tank2_control_yes_Yellow"
"11/1/2019","D1",30,"10:30","tank2","D1_C2","CNW","control","no","Yellow",220,0,"11/1/2019 10:30","week2","tank2_control_no_11/1/2019 10:30",16.95963683,"tank2_control_no_Yellow"
"11/1/2019","D1",30,"10:30","tank1","D1_C1","CW","control","yes","Yellow",227,0,"11/1/2019 10:30","week2","tank1_control_yes_11/1/2019 10:30",16.66517393,"tank1_control_yes_Yellow"
"11/1/2019","D1",30,"10:30","tank1","D1_C1","CNW","control","no","Yellow",225,0,"11/1/2019 10:30","week2","tank1_control_no_11/1/2019 10:30",16.14194307,"tank1_control_no_Yellow"
"11/2/2019","D2",30,"10:30","tank4","D2_H1","HW","heating","yes","Yellow",225,0,"11/2/2019 10:30","week2","tank4_heating_yes_11/2/2019 10:30",16.45068596,"tank4_heating_yes_Yellow"
"11/2/2019","D2",30,"10:30","tank4","D2_H1","HNW","heating","no","Yellow",232,0,"11/2/2019 10:30","week2","tank4_heating_no_11/2/2019 10:30",16.71653814,"tank4_heating_no_Yellow"
"11/2/2019","D2",30,"10:30","tank3","D2_H2","HW","heating","yes","Yellow",225,0,"11/2/2019 10:30","week2","tank3_heating_yes_11/2/2019 10:30",16.73101954,"tank3_heating_yes_Yellow"
"11/2/2019","D2",30,"10:30","tank3","D2_H2","HNW","heating","no","Yellow",224,0,"11/2/2019 10:30","week2","tank3_heating_no_11/2/2019 10:30",16.61773087,"tank3_heating_no_Yellow"
"11/2/2019","D2",30,"10:30","tank2","D2_C2","CW","control","yes","Yellow",227,0,"11/2/2019 10:30","week2","tank2_control_yes_11/2/2019 10:30",16.82968675,"tank2_control_yes_Yellow"
"11/2/2019","D2",30,"10:30","tank2","D2_C2","CNW","control","no","Yellow",221,0,"11/2/2019 10:30","week2","tank2_control_no_11/2/2019 10:30",16.88249642,"tank2_control_no_Yellow"
"11/2/2019","D2",30,"10:30","tank1","D2_C1","CW","control","yes","Yellow",226,0,"11/2/2019 10:30","week2","tank1_control_yes_11/2/2019 10:30",16.68440681,"tank1_control_yes_Yellow"
"11/2/2019","D2",30,"10:30","tank1","D2_C1","CNW","control","no","Yellow",223,0,"11/2/2019 10:30","week2","tank1_control_no_11/2/2019 10:30",16.24751424,"tank1_control_no_Yellow"
"11/3/2019","D3",30,"10:30","tank4","D3_H1","HW","heating","yes","Yellow",224,0,"11/3/2019 10:30","week2","tank4_heating_yes_11/3/2019 10:30",16.59556581,"tank4_heating_yes_Yellow"
"11/3/2019","D3",30,"10:30","tank4","D3_H1","HNW","heating","no","Yellow",231,0,"11/3/2019 10:30","week2","tank4_heating_no_11/3/2019 10:30",16.78374953,"tank4_heating_no_Yellow"
"11/3/2019","D3",30,"10:30","tank3","D3_H2","HW","heating","yes","Yellow",228,0,"11/3/2019 10:30","week2","tank3_heating_yes_11/3/2019 10:30",16.76951512,"tank3_heating_yes_Yellow"
"11/3/2019","D3",30,"10:30","tank3","D3_H2","HNW","heating","no","Yellow",224,0,"11/3/2019 10:30","week2","tank3_heating_no_11/3/2019 10:30",16.58891432,"tank3_heating_no_Yellow"
"11/3/2019","D3",30,"10:30","tank2","D3_C2","CW","control","yes","Yellow",228,0,"11/3/2019 10:30","week2","tank2_control_yes_11/3/2019 10:30",16.7713694,"tank2_control_yes_Yellow"
"11/3/2019","D3",30,"10:30","tank2","D3_C2","CNW","control","no","Yellow",222,0,"11/3/2019 10:30","week2","tank2_control_no_11/3/2019 10:30",16.90178152,"tank2_control_no_Yellow"
"11/3/2019","D3",30,"10:30","tank1","D3_C1","CW","control","yes","Yellow",224,0,"11/3/2019 10:30","week2","tank1_control_yes_11/3/2019 10:30",16.71325612,"tank1_control_yes_Yellow"
"11/3/2019","D3",30,"10:30","tank1","D3_C1","CNW","control","no","Yellow",229,0,"11/3/2019 10:30","week2","tank1_control_no_11/3/2019 10:30",16.18992997,"tank1_control_no_Yellow"
"11/4/2019","D4",30,"10:30","tank4","D4_H1","HW","heating","yes","Yellow",225,0,"11/4/2019 10:30","week2","tank4_heating_yes_11/4/2019 10:30",16.56658984,"tank4_heating_yes_Yellow"
"11/4/2019","D4",30,"10:30","tank4","D4_H1","HNW","heating","no","Yellow",233,0,"11/4/2019 10:30","week2","tank4_heating_no_11/4/2019 10:30",16.75494465,"tank4_heating_no_Yellow"
"11/4/2019","D4",30,"10:30","tank3","D4_H2","HW","heating","yes","Yellow",230,0,"11/4/2019 10:30","week2","tank3_heating_yes_11/4/2019 10:30",16.73101954,"tank3_heating_yes_Yellow"
"11/4/2019","D4",30,"10:30","tank3","D4_H2","HNW","heating","no","Yellow",224,0,"11/4/2019 10:30","week2","tank3_heating_no_11/4/2019 10:30",16.5793088,"tank3_heating_no_Yellow"
"11/4/2019","D4",30,"10:30","tank2","D4_C2","CW","control","yes","Yellow",228,0,"11/4/2019 10:30","week2","tank2_control_yes_11/4/2019 10:30",16.80052808,"tank2_control_yes_Yellow"
"11/4/2019","D4",30,"10:30","tank2","D4_C2","CNW","control","no","Yellow",222,0,"11/4/2019 10:30","week2","tank2_control_no_11/4/2019 10:30",16.94035172,"tank2_control_no_Yellow"
"11/4/2019","D4",30,"10:30","tank1","D4_C1","CW","control","yes","Yellow",225,0,"11/4/2019 10:30","week2","tank1_control_yes_11/4/2019 10:30",16.74210544,"tank1_control_yes_Yellow"
"11/4/2019","D4",30,"10:30","tank1","D4_C1","CNW","control","no","Yellow",223,0,"11/4/2019 10:30","week2","tank1_control_no_11/4/2019 10:30",16.18033259,"tank1_control_no_Yellow"
"11/5/2019","D5",30,"10:30","tank4","D5_H1","HW","heating","yes","Yellow",224,0,"11/5/2019 10:30","week2","tank4_heating_yes_11/5/2019 10:30",16.5086379,"tank4_heating_yes_Yellow"
"11/5/2019","D5",30,"10:30","tank4","D5_H1","HNW","heating","no","Yellow",236,0,"11/5/2019 10:30","week2","tank4_heating_no_11/5/2019 10:30",16.76454628,"tank4_heating_no_Yellow"
"11/5/2019","D5",30,"10:30","tank3","D5_H2","HW","heating","yes","Yellow",226,0,"11/5/2019 10:30","week2","tank3_heating_yes_11/5/2019 10:30",16.73101954,"tank3_heating_yes_Yellow"
"11/5/2019","D5",30,"10:30","tank3","D5_H2","HNW","heating","no","Yellow",225,0,"11/5/2019 10:30","week2","tank3_heating_no_11/5/2019 10:30",16.52167571,"tank3_heating_no_Yellow"
"11/5/2019","D5",30,"10:30","tank2","D5_C2","CW","control","yes","Yellow",230,0,"11/5/2019 10:30","week2","tank2_control_yes_11/5/2019 10:30",16.7713694,"tank2_control_yes_Yellow"
"11/5/2019","D5",30,"10:30","tank2","D5_C2","CNW","control","no","Yellow",223,0,"11/5/2019 10:30","week2","tank2_control_no_11/5/2019 10:30",16.80535601,"tank2_control_no_Yellow"
"11/5/2019","D5",30,"10:30","tank1","D5_C1","CW","control","yes","Yellow",228,0,"11/5/2019 10:30","week2","tank1_control_yes_11/5/2019 10:30",16.69402325,"tank1_control_yes_Yellow"
"11/5/2019","D5",30,"10:30","tank1","D5_C1","CNW","control","no","Yellow",228,0,"11/5/2019 10:30","week2","tank1_control_no_11/5/2019 10:30",16.24751424,"tank1_control_no_Yellow"
"11/1/2019","D1",30,"10:30","tank4","D1_H1","HW","heating","yes","Black",224,0,"11/1/2019 10:30","week2","tank4_heating_yes_11/1/2019 10:30",15.71662808,"tank4_heating_yes_Black"
"11/1/2019","D1",30,"10:30","tank4","D1_H1","HNW","heating","no","Black",226,0,"11/1/2019 10:30","week2","tank4_heating_no_11/1/2019 10:30",16.1692454,"tank4_heating_no_Black"
"11/1/2019","D1",30,"10:30","tank3","D1_H2","HW","heating","yes","Black",223,0,"11/1/2019 10:30","week2","tank3_heating_yes_11/1/2019 10:30",16.22095314,"tank3_heating_yes_Black"
"11/1/2019","D1",30,"10:30","tank3","D1_H2","HNW","heating","no","Black",213,0,"11/1/2019 10:30","week2","tank3_heating_no_11/1/2019 10:30",16.13745505,"tank3_heating_no_Black"
"11/1/2019","D1",30,"10:30","tank2","D1_C2","CW","control","yes","Black",221,0,"11/1/2019 10:30","week2","tank2_control_yes_11/1/2019 10:30",16.78108896,"tank2_control_yes_Black"
"11/1/2019","D1",30,"10:30","tank2","D1_C2","CNW","control","no","Black",223,0,"11/1/2019 10:30","week2","tank2_control_no_11/1/2019 10:30",16.95963683,"tank2_control_no_Black"
"11/1/2019","D1",30,"10:30","tank1","D1_C1","CW","control","yes","Black",229,0,"11/1/2019 10:30","week2","tank1_control_yes_11/1/2019 10:30",16.66517393,"tank1_control_yes_Black"
"11/1/2019","D1",30,"10:30","tank1","D1_C1","CNW","control","no","Black",230,0,"11/1/2019 10:30","week2","tank1_control_no_11/1/2019 10:30",16.14194307,"tank1_control_no_Black"
"11/2/2019","D2",30,"10:30","tank4","D2_H1","HW","heating","yes","Black",225,0,"11/2/2019 10:30","week2","tank4_heating_yes_11/2/2019 10:30",16.45068596,"tank4_heating_yes_Black"
"11/2/2019","D2",30,"10:30","tank4","D2_H1","HNW","heating","no","Black",225,0,"11/2/2019 10:30","week2","tank4_heating_no_11/2/2019 10:30",16.71653814,"tank4_heating_no_Black"
"11/2/2019","D2",30,"10:30","tank3","D2_H2","HW","heating","yes","Black",221,0,"11/2/2019 10:30","week2","tank3_heating_yes_11/2/2019 10:30",16.73101954,"tank3_heating_yes_Black"
"11/2/2019","D2",30,"10:30","tank3","D2_H2","HNW","heating","no","Black",222,0,"11/2/2019 10:30","week2","tank3_heating_no_11/2/2019 10:30",16.61773087,"tank3_heating_no_Black"
"11/2/2019","D2",30,"10:30","tank2","D2_C2","CW","control","yes","Black",225,0,"11/2/2019 10:30","week2","tank2_control_yes_11/2/2019 10:30",16.82968675,"tank2_control_yes_Black"
"11/2/2019","D2",30,"10:30","tank2","D2_C2","CNW","control","no","Black",224,0,"11/2/2019 10:30","week2","tank2_control_no_11/2/2019 10:30",16.88249642,"tank2_control_no_Black"
"11/2/2019","D2",30,"10:30","tank1","D2_C1","CW","control","yes","Black",227,0,"11/2/2019 10:30","week2","tank1_control_yes_11/2/2019 10:30",16.68440681,"tank1_control_yes_Black"
"11/2/2019","D2",30,"10:30","tank1","D2_C1","CNW","control","no","Black",225,0,"11/2/2019 10:30","week2","tank1_control_no_11/2/2019 10:30",16.24751424,"tank1_control_no_Black"
"11/3/2019","D3",30,"10:30","tank4","D3_H1","HW","heating","yes","Black",223,0,"11/3/2019 10:30","week2","tank4_heating_yes_11/3/2019 10:30",16.59556581,"tank4_heating_yes_Black"
"11/3/2019","D3",30,"10:30","tank4","D3_H1","HNW","heating","no","Black",225,0,"11/3/2019 10:30","week2","tank4_heating_no_11/3/2019 10:30",16.78374953,"tank4_heating_no_Black"
"11/3/2019","D3",30,"10:30","tank3","D3_H2","HW","heating","yes","Black",221,0,"11/3/2019 10:30","week2","tank3_heating_yes_11/3/2019 10:30",16.76951512,"tank3_heating_yes_Black"
"11/3/2019","D3",30,"10:30","tank3","D3_H2","HNW","heating","no","Black",224,0,"11/3/2019 10:30","week2","tank3_heating_no_11/3/2019 10:30",16.58891432,"tank3_heating_no_Black"
"11/3/2019","D3",30,"10:30","tank2","D3_C2","CW","control","yes","Black",226,0,"11/3/2019 10:30","week2","tank2_control_yes_11/3/2019 10:30",16.7713694,"tank2_control_yes_Black"
"11/3/2019","D3",30,"10:30","tank2","D3_C2","CNW","control","no","Black",224,0,"11/3/2019 10:30","week2","tank2_control_no_11/3/2019 10:30",16.90178152,"tank2_control_no_Black"
"11/3/2019","D3",30,"10:30","tank1","D3_C1","CW","control","yes","Black",228,0,"11/3/2019 10:30","week2","tank1_control_yes_11/3/2019 10:30",16.71325612,"tank1_control_yes_Black"
"11/3/2019","D3",30,"10:30","tank1","D3_C1","CNW","control","no","Black",225,0,"11/3/2019 10:30","week2","tank1_control_no_11/3/2019 10:30",16.18992997,"tank1_control_no_Black"
"11/4/2019","D4",30,"10:30","tank4","D4_H1","HW","heating","yes","Black",224,0,"11/4/2019 10:30","week2","tank4_heating_yes_11/4/2019 10:30",16.56658984,"tank4_heating_yes_Black"
"11/4/2019","D4",30,"10:30","tank4","D4_H1","HNW","heating","no","Black",227,0,"11/4/2019 10:30","week2","tank4_heating_no_11/4/2019 10:30",16.75494465,"tank4_heating_no_Black"
"11/4/2019","D4",30,"10:30","tank3","D4_H2","HW","heating","yes","Black",221,0,"11/4/2019 10:30","week2","tank3_heating_yes_11/4/2019 10:30",16.73101954,"tank3_heating_yes_Black"
"11/4/2019","D4",30,"10:30","tank3","D4_H2","HNW","heating","no","Black",219,0,"11/4/2019 10:30","week2","tank3_heating_no_11/4/2019 10:30",16.5793088,"tank3_heating_no_Black"
"11/4/2019","D4",30,"10:30","tank2","D4_C2","CW","control","yes","Black",224,0,"11/4/2019 10:30","week2","tank2_control_yes_11/4/2019 10:30",16.80052808,"tank2_control_yes_Black"
"11/4/2019","D4",30,"10:30","tank2","D4_C2","CNW","control","no","Black",223,0,"11/4/2019 10:30","week2","tank2_control_no_11/4/2019 10:30",16.94035172,"tank2_control_no_Black"
"11/4/2019","D4",30,"10:30","tank1","D4_C1","CW","control","yes","Black",230,0,"11/4/2019 10:30","week2","tank1_control_yes_11/4/2019 10:30",16.74210544,"tank1_control_yes_Black"
"11/4/2019","D4",30,"10:30","tank1","D4_C1","CNW","control","no","Black",225,0,"11/4/2019 10:30","week2","tank1_control_no_11/4/2019 10:30",16.18033259,"tank1_control_no_Black"
"11/5/2019","D5",30,"10:30","tank4","D5_H1","HW","heating","yes","Black",224,0,"11/5/2019 10:30","week2","tank4_heating_yes_11/5/2019 10:30",16.5086379,"tank4_heating_yes_Black"
"11/5/2019","D5",30,"10:30","tank4","D5_H1","HNW","heating","no","Black",228,0,"11/5/2019 10:30","week2","tank4_heating_no_11/5/2019 10:30",16.76454628,"tank4_heating_no_Black"
"11/5/2019","D5",30,"10:30","tank3","D5_H2","HW","heating","yes","Black",222,0,"11/5/2019 10:30","week2","tank3_heating_yes_11/5/2019 10:30",16.73101954,"tank3_heating_yes_Black"
"11/5/2019","D5",30,"10:30","tank3","D5_H2","HNW","heating","no","Black",224,0,"11/5/2019 10:30","week2","tank3_heating_no_11/5/2019 10:30",16.52167571,"tank3_heating_no_Black"
"11/5/2019","D5",30,"10:30","tank2","D5_C2","CW","control","yes","Black",229,0,"11/5/2019 10:30","week2","tank2_control_yes_11/5/2019 10:30",16.7713694,"tank2_control_yes_Black"
"11/5/2019","D5",30,"10:30","tank2","D5_C2","CNW","control","no","Black",225,0,"11/5/2019 10:30","week2","tank2_control_no_11/5/2019 10:30",16.80535601,"tank2_control_no_Black"
"11/5/2019","D5",30,"10:30","tank1","D5_C1","CW","control","yes","Black",229,0,"11/5/2019 10:30","week2","tank1_control_yes_11/5/2019 10:30",16.69402325,"tank1_control_yes_Black"
"11/5/2019","D5",30,"10:30","tank1","D5_C1","CNW","control","no","Black",228,0,"11/5/2019 10:30","week2","tank1_control_no_11/5/2019 10:30",16.24751424,"tank1_control_no_Black"
"11/1/2019","D1",30,"10:30","tank4","D1_H1","HW","heating","yes","White",226,0,"11/1/2019 10:30","week2","tank4_heating_yes_11/1/2019 10:30",15.71662808,"tank4_heating_yes_White"
"11/1/2019","D1",30,"10:30","tank4","D1_H1","HNW","heating","no","White",222,0,"11/1/2019 10:30","week2","tank4_heating_no_11/1/2019 10:30",16.1692454,"tank4_heating_no_White"
"11/1/2019","D1",30,"10:30","tank3","D1_H2","HW","heating","yes","White",230,0,"11/1/2019 10:30","week2","tank3_heating_yes_11/1/2019 10:30",16.22095314,"tank3_heating_yes_White"
"11/1/2019","D1",30,"10:30","tank3","D1_H2","HNW","heating","no","White",231,0,"11/1/2019 10:30","week2","tank3_heating_no_11/1/2019 10:30",16.13745505,"tank3_heating_no_White"
"11/1/2019","D1",30,"10:30","tank2","D1_C2","CW","control","yes","White",223,0,"11/1/2019 10:30","week2","tank2_control_yes_11/1/2019 10:30",16.78108896,"tank2_control_yes_White"
"11/1/2019","D1",30,"10:30","tank2","D1_C2","CNW","control","no","White",228,0,"11/1/2019 10:30","week2","tank2_control_no_11/1/2019 10:30",16.95963683,"tank2_control_no_White"
"11/1/2019","D1",30,"10:30","tank1","D1_C1","CW","control","yes","White",219,0,"11/1/2019 10:30","week2","tank1_control_yes_11/1/2019 10:30",16.66517393,"tank1_control_yes_White"
"11/1/2019","D1",30,"10:30","tank1","D1_C1","CNW","control","no","White",224,0,"11/1/2019 10:30","week2","tank1_control_no_11/1/2019 10:30",16.14194307,"tank1_control_no_White"
"11/2/2019","D2",30,"10:30","tank4","D2_H1","HW","heating","yes","White",227,0,"11/2/2019 10:30","week2","tank4_heating_yes_11/2/2019 10:30",16.45068596,"tank4_heating_yes_White"
"11/2/2019","D2",30,"10:30","tank4","D2_H1","HNW","heating","no","White",224,0,"11/2/2019 10:30","week2","tank4_heating_no_11/2/2019 10:30",16.71653814,"tank4_heating_no_White"
"11/2/2019","D2",30,"10:30","tank3","D2_H2","HW","heating","yes","White",236,0,"11/2/2019 10:30","week2","tank3_heating_yes_11/2/2019 10:30",16.73101954,"tank3_heating_yes_White"
"11/2/2019","D2",30,"10:30","tank3","D2_H2","HNW","heating","no","White",230,0,"11/2/2019 10:30","week2","tank3_heating_no_11/2/2019 10:30",16.61773087,"tank3_heating_no_White"
"11/2/2019","D2",30,"10:30","tank2","D2_C2","CW","control","yes","White",222,0,"11/2/2019 10:30","week2","tank2_control_yes_11/2/2019 10:30",16.82968675,"tank2_control_yes_White"
"11/2/2019","D2",30,"10:30","tank2","D2_C2","CNW","control","no","White",228,0,"11/2/2019 10:30","week2","tank2_control_no_11/2/2019 10:30",16.88249642,"tank2_control_no_White"
"11/2/2019","D2",30,"10:30","tank1","D2_C1","CW","control","yes","White",219,0,"11/2/2019 10:30","week2","tank1_control_yes_11/2/2019 10:30",16.68440681,"tank1_control_yes_White"
"11/2/2019","D2",30,"10:30","tank1","D2_C1","CNW","control","no","White",225,0,"11/2/2019 10:30","week2","tank1_control_no_11/2/2019 10:30",16.24751424,"tank1_control_no_White"
"11/3/2019","D3",30,"10:30","tank4","D3_H1","HW","heating","yes","White",224,0,"11/3/2019 10:30","week2","tank4_heating_yes_11/3/2019 10:30",16.59556581,"tank4_heating_yes_White"
"11/3/2019","D3",30,"10:30","tank4","D3_H1","HNW","heating","no","White",224,0,"11/3/2019 10:30","week2","tank4_heating_no_11/3/2019 10:30",16.78374953,"tank4_heating_no_White"
"11/3/2019","D3",30,"10:30","tank3","D3_H2","HW","heating","yes","White",235,0,"11/3/2019 10:30","week2","tank3_heating_yes_11/3/2019 10:30",16.76951512,"tank3_heating_yes_White"
"11/3/2019","D3",30,"10:30","tank3","D3_H2","HNW","heating","no","White",229,0,"11/3/2019 10:30","week2","tank3_heating_no_11/3/2019 10:30",16.58891432,"tank3_heating_no_White"
"11/3/2019","D3",30,"10:30","tank2","D3_C2","CW","control","yes","White",223,0,"11/3/2019 10:30","week2","tank2_control_yes_11/3/2019 10:30",16.7713694,"tank2_control_yes_White"
"11/3/2019","D3",30,"10:30","tank2","D3_C2","CNW","control","no","White",230,0,"11/3/2019 10:30","week2","tank2_control_no_11/3/2019 10:30",16.90178152,"tank2_control_no_White"
"11/3/2019","D3",30,"10:30","tank1","D3_C1","CW","control","yes","White",218,0,"11/3/2019 10:30","week2","tank1_control_yes_11/3/2019 10:30",16.71325612,"tank1_control_yes_White"
"11/3/2019","D3",30,"10:30","tank1","D3_C1","CNW","control","no","White",225,0,"11/3/2019 10:30","week2","tank1_control_no_11/3/2019 10:30",16.18992997,"tank1_control_no_White"
"11/4/2019","D4",30,"10:30","tank4","D4_H1","HW","heating","yes","White",226,0,"11/4/2019 10:30","week2","tank4_heating_yes_11/4/2019 10:30",16.56658984,"tank4_heating_yes_White"
"11/4/2019","D4",30,"10:30","tank4","D4_H1","HNW","heating","no","White",222,0,"11/4/2019 10:30","week2","tank4_heating_no_11/4/2019 10:30",16.75494465,"tank4_heating_no_White"
"11/4/2019","D4",30,"10:30","tank3","D4_H2","HW","heating","yes","White",235,0,"11/4/2019 10:30","week2","tank3_heating_yes_11/4/2019 10:30",16.73101954,"tank3_heating_yes_White"
"11/4/2019","D4",30,"10:30","tank3","D4_H2","HNW","heating","no","White",229,0,"11/4/2019 10:30","week2","tank3_heating_no_11/4/2019 10:30",16.5793088,"tank3_heating_no_White"
"11/4/2019","D4",30,"10:30","tank2","D4_C2","CW","control","yes","White",224,0,"11/4/2019 10:30","week2","tank2_control_yes_11/4/2019 10:30",16.80052808,"tank2_control_yes_White"
"11/4/2019","D4",30,"10:30","tank2","D4_C2","CNW","control","no","White",227,0,"11/4/2019 10:30","week2","tank2_control_no_11/4/2019 10:30",16.94035172,"tank2_control_no_White"
"11/4/2019","D4",30,"10:30","tank1","D4_C1","CW","control","yes","White",219,0,"11/4/2019 10:30","week2","tank1_control_yes_11/4/2019 10:30",16.74210544,"tank1_control_yes_White"
"11/4/2019","D4",30,"10:30","tank1","D4_C1","CNW","control","no","White",226,0,"11/4/2019 10:30","week2","tank1_control_no_11/4/2019 10:30",16.18033259,"tank1_control_no_White"
"11/5/2019","D5",30,"10:30","tank4","D5_H1","HW","heating","yes","White",227,0,"11/5/2019 10:30","week2","tank4_heating_yes_11/5/2019 10:30",16.5086379,"tank4_heating_yes_White"
"11/5/2019","D5",30,"10:30","tank4","D5_H1","HNW","heating","no","White",224,0,"11/5/2019 10:30","week2","tank4_heating_no_11/5/2019 10:30",16.76454628,"tank4_heating_no_White"
"11/5/2019","D5",30,"10:30","tank3","D5_H2","HW","heating","yes","White",225,0,"11/5/2019 10:30","week2","tank3_heating_yes_11/5/2019 10:30",16.73101954,"tank3_heating_yes_White"
"11/5/2019","D5",30,"10:30","tank3","D5_H2","HNW","heating","no","White",233,0,"11/5/2019 10:30","week2","tank3_heating_no_11/5/2019 10:30",16.52167571,"tank3_heating_no_White"
"11/5/2019","D5",30,"10:30","tank2","D5_C2","CW","control","yes","White",224,0,"11/5/2019 10:30","week2","tank2_control_yes_11/5/2019 10:30",16.7713694,"tank2_control_yes_White"
"11/5/2019","D5",30,"10:30","tank2","D5_C2","CNW","control","no","White",231,0,"11/5/2019 10:30","week2","tank2_control_no_11/5/2019 10:30",16.80535601,"tank2_control_no_White"
"11/5/2019","D5",30,"10:30","tank1","D5_C1","CW","control","yes","White",225,0,"11/5/2019 10:30","week2","tank1_control_yes_11/5/2019 10:30",16.69402325,"tank1_control_yes_White"
"11/5/2019","D5",30,"10:30","tank1","D5_C1","CNW","control","no","White",231,0,"11/5/2019 10:30","week2","tank1_control_no_11/5/2019 10:30",16.24751424,"tank1_control_no_White"
"11/1/2019","D1",30,"12:30","tank4","D1_H1","HW","heating","yes","Red",229,3,"11/1/2019 12:30","week2","tank4_heating_yes_11/1/2019 12:30",15.79389734,"tank4_heating_yes_Red"
"11/1/2019","D1",30,"12:30","tank4","D1_H1","HNW","heating","no","Red",226,-1,"11/1/2019 12:30","week2","tank4_heating_no_11/1/2019 12:30",16.22685516,"tank4_heating_no_Red"
"11/1/2019","D1",30,"12:30","tank3","D1_H2","HW","heating","yes","Red",227,3,"11/1/2019 12:30","week2","tank3_heating_yes_11/1/2019 12:30",16.20170535,"tank3_heating_yes_Red"
"11/1/2019","D1",30,"12:30","tank3","D1_H2","HNW","heating","no","Red",230,0,"11/1/2019 12:30","week2","tank3_heating_no_11/1/2019 12:30",16.23351022,"tank3_heating_no_Red"
"11/1/2019","D1",30,"12:30","tank2","D1_C2","CW","control","yes","Red",224,-1,"11/1/2019 12:30","week2","tank2_control_yes_11/1/2019 12:30",16.80052808,"tank2_control_yes_Red"
"11/1/2019","D1",30,"12:30","tank2","D1_C2","CNW","control","no","Red",225,0,"11/1/2019 12:30","week2","tank2_control_no_11/1/2019 12:30",16.95963683,"tank2_control_no_Red"
"11/1/2019","D1",30,"12:30","tank1","D1_C1","CW","control","yes","Red",229,1,"11/1/2019 12:30","week2","tank1_control_yes_11/1/2019 12:30",16.66517393,"tank1_control_yes_Red"
"11/1/2019","D1",30,"12:30","tank1","D1_C1","CNW","control","no","Red",224,0,"11/1/2019 12:30","week2","tank1_control_no_11/1/2019 12:30",16.10355356,"tank1_control_no_Red"
"11/2/2019","D2",30,"12:30","tank4","D2_H1","HW","heating","yes","Red",226,-2,"11/2/2019 12:30","week2","tank4_heating_yes_11/2/2019 12:30",20.83571593,"tank4_heating_yes_Red"
"11/2/2019","D2",30,"12:30","tank4","D2_H1","HNW","heating","no","Red",227,0,"11/2/2019 12:30","week2","tank4_heating_no_11/2/2019 12:30",25.31959605,"tank4_heating_no_Red"
"11/2/2019","D2",30,"12:30","tank3","D2_H2","HW","heating","yes","Red",222,0,"11/2/2019 12:30","week2","tank3_heating_yes_11/2/2019 12:30",20.01276749,"tank3_heating_yes_Red"
"11/2/2019","D2",30,"12:30","tank3","D2_H2","HNW","heating","no","Red",228,-1,"11/2/2019 12:30","week2","tank3_heating_no_11/2/2019 12:30",27.279854,"tank3_heating_no_Red"
"11/2/2019","D2",30,"12:30","tank2","D2_C2","CW","control","yes","Red",225,0,"11/2/2019 12:30","week2","tank2_control_yes_11/2/2019 12:30",16.42146531,"tank2_control_yes_Red"
"11/2/2019","D2",30,"12:30","tank2","D2_C2","CNW","control","no","Red",224,-1,"11/2/2019 12:30","week2","tank2_control_no_11/2/2019 12:30",16.0339519,"tank2_control_no_Red"
"11/2/2019","D2",30,"12:30","tank1","D2_C1","CW","control","yes","Red",229,1,"11/2/2019 12:30","week2","tank1_control_yes_11/2/2019 12:30",16.52092733,"tank1_control_yes_Red"
"11/2/2019","D2",30,"12:30","tank1","D2_C1","CNW","control","no","Red",224,0,"11/2/2019 12:30","week2","tank1_control_no_11/2/2019 12:30",15.7772427,"tank1_control_no_Red"
"11/3/2019","D3",30,"12:30","tank4","D3_H1","HW","heating","yes","Red",226,-1,"11/3/2019 12:30","week2","tank4_heating_yes_11/3/2019 12:30",20.71981206,"tank4_heating_yes_Red"
"11/3/2019","D3",30,"12:30","tank4","D3_H1","HNW","heating","no","Red",228,1,"11/3/2019 12:30","week2","tank4_heating_no_11/3/2019 12:30",27.75840935,"tank4_heating_no_Red"
"11/3/2019","D3",30,"12:30","tank3","D3_H2","HW","heating","yes","Red",224,0,"11/3/2019 12:30","week2","tank3_heating_yes_11/3/2019 12:30",20.61907283,"tank3_heating_yes_Red"
"11/3/2019","D3",30,"12:30","tank3","D3_H2","HNW","heating","no","Red",228,-2,"11/3/2019 12:30","week2","tank3_heating_no_11/3/2019 12:30",28.25001115,"tank3_heating_no_Red"
"11/3/2019","D3",30,"12:30","tank2","D3_C2","CW","control","yes","Red",225,-1,"11/3/2019 12:30","week2","tank2_control_yes_11/3/2019 12:30",16.3534284,"tank2_control_yes_Red"
"11/3/2019","D3",30,"12:30","tank2","D3_C2","CNW","control","no","Red",223,-2,"11/3/2019 12:30","week2","tank2_control_no_11/3/2019 12:30",16.99820703,"tank2_control_no_Red"
"11/3/2019","D3",30,"12:30","tank1","D3_C1","CW","control","yes","Red",230,0,"11/3/2019 12:30","week2","tank1_control_yes_11/3/2019 12:30",16.48246158,"tank1_control_yes_Red"
"11/3/2019","D3",30,"12:30","tank1","D3_C1","CNW","control","no","Red",225,-1,"11/3/2019 12:30","week2","tank1_control_no_11/3/2019 12:30",15.82522959,"tank1_control_no_Red"
"11/4/2019","D4",30,"12:30","tank4","D4_H1","HW","heating","yes","Red",226,1,"11/4/2019 12:30","week2","tank4_heating_yes_11/4/2019 12:30",21.16411025,"tank4_heating_yes_Red"
"11/4/2019","D4",30,"12:30","tank4","D4_H1","HNW","heating","no","Red",228,0,"11/4/2019 12:30","week2","tank4_heating_no_11/4/2019 12:30",23.96576663,"tank4_heating_no_Red"
"11/4/2019","D4",30,"12:30","tank3","D4_H2","HW","heating","yes","Red",224,0,"11/4/2019 12:30","week2","tank3_heating_yes_11/4/2019 12:30",19.95502413,"tank3_heating_yes_Red"
"11/4/2019","D4",30,"12:30","tank3","D4_H2","HNW","heating","no","Red",229,-3,"11/4/2019 12:30","week2","tank3_heating_no_11/4/2019 12:30",25.42598934,"tank3_heating_no_Red"
"11/4/2019","D4",30,"12:30","tank2","D4_C2","CW","control","yes","Red",224,-1,"11/4/2019 12:30","week2","tank2_control_yes_11/4/2019 12:30",16.49922178,"tank2_control_yes_Red"
"11/4/2019","D4",30,"12:30","tank2","D4_C2","CNW","control","no","Red",225,0,"11/4/2019 12:30","week2","tank2_control_no_11/4/2019 12:30",15.301118,"tank2_control_no_Red"
"11/4/2019","D4",30,"12:30","tank1","D4_C1","CW","control","yes","Red",231,1,"11/4/2019 12:30","week2","tank1_control_yes_11/4/2019 12:30",16.58824241,"tank1_control_yes_Red"
"11/4/2019","D4",30,"12:30","tank1","D4_C1","CNW","control","no","Red",225,1,"11/4/2019 12:30","week2","tank1_control_no_11/4/2019 12:30",15.7772427,"tank1_control_no_Red"
"11/5/2019","D5",30,"12:30","tank4","D5_H1","HW","heating","yes","Red",227,-1,"11/5/2019 12:30","week2","tank4_heating_yes_11/5/2019 12:30",20.88400921,"tank4_heating_yes_Red"
"11/5/2019","D5",30,"12:30","tank4","D5_H1","HNW","heating","no","Red",230,3,"11/5/2019 12:30","week2","tank4_heating_no_11/5/2019 12:30",24.45544961,"tank4_heating_no_Red"
"11/5/2019","D5",30,"12:30","tank3","D5_H2","HW","heating","yes","Red",226,0,"11/5/2019 12:30","week2","tank3_heating_yes_11/5/2019 12:30",19.88765687,"tank3_heating_yes_Red"
"11/5/2019","D5",30,"12:30","tank3","D5_H2","HNW","heating","no","Red",230,-1,"11/5/2019 12:30","week2","tank3_heating_no_11/5/2019 12:30",26.78997266,"tank3_heating_no_Red"
"11/5/2019","D5",30,"12:30","tank2","D5_C2","CW","control","yes","Red",225,0,"11/5/2019 12:30","week2","tank2_control_yes_11/5/2019 12:30",16.34370885,"tank2_control_yes_Red"
"11/5/2019","D5",30,"12:30","tank2","D5_C2","CNW","control","no","Red",225,-1,"11/5/2019 12:30","week2","tank2_control_no_11/5/2019 12:30",15.29147545,"tank2_control_no_Red"
"11/5/2019","D5",30,"12:30","tank1","D5_C1","CW","control","yes","Red",229,2,"11/5/2019 12:30","week2","tank1_control_yes_11/5/2019 12:30",16.56900953,"tank1_control_yes_Red"
"11/5/2019","D5",30,"12:30","tank1","D5_C1","CNW","control","no","Red",224,0,"11/5/2019 12:30","week2","tank1_control_no_11/5/2019 12:30",15.72925581,"tank1_control_no_Red"
"11/1/2019","D1",30,"12:30","tank4","D1_H1","HW","heating","yes","Yellow",225,1,"11/1/2019 12:30","week2","tank4_heating_yes_11/1/2019 12:30",15.79389734,"tank4_heating_yes_Yellow"
"11/1/2019","D1",30,"12:30","tank4","D1_H1","HNW","heating","no","Yellow",230,-1,"11/1/2019 12:30","week2","tank4_heating_no_11/1/2019 12:30",16.22685516,"tank4_heating_no_Yellow"
"11/1/2019","D1",30,"12:30","tank3","D1_H2","HW","heating","yes","Yellow",227,1,"11/1/2019 12:30","week2","tank3_heating_yes_11/1/2019 12:30",16.20170535,"tank3_heating_yes_Yellow"
"11/1/2019","D1",30,"12:30","tank3","D1_H2","HNW","heating","no","Yellow",225,2,"11/1/2019 12:30","week2","tank3_heating_no_11/1/2019 12:30",16.23351022,"tank3_heating_no_Yellow"
"11/1/2019","D1",30,"12:30","tank2","D1_C2","CW","control","yes","Yellow",226,-2,"11/1/2019 12:30","week2","tank2_control_yes_11/1/2019 12:30",16.80052808,"tank2_control_yes_Yellow"
"11/1/2019","D1",30,"12:30","tank2","D1_C2","CNW","control","no","Yellow",222,2,"11/1/2019 12:30","week2","tank2_control_no_11/1/2019 12:30",16.95963683,"tank2_control_no_Yellow"
"11/1/2019","D1",30,"12:30","tank1","D1_C1","CW","control","yes","Yellow",225,-2,"11/1/2019 12:30","week2","tank1_control_yes_11/1/2019 12:30",16.66517393,"tank1_control_yes_Yellow"
"11/1/2019","D1",30,"12:30","tank1","D1_C1","CNW","control","no","Yellow",222,-3,"11/1/2019 12:30","week2","tank1_control_no_11/1/2019 12:30",16.10355356,"tank1_control_no_Yellow"
"11/2/2019","D2",30,"12:30","tank4","D2_H1","HW","heating","yes","Yellow",225,0,"11/2/2019 12:30","week2","tank4_heating_yes_11/2/2019 12:30",20.83571593,"tank4_heating_yes_Yellow"
"11/2/2019","D2",30,"12:30","tank4","D2_H1","HNW","heating","no","Yellow",229,-3,"11/2/2019 12:30","week2","tank4_heating_no_11/2/2019 12:30",25.31959605,"tank4_heating_no_Yellow"
"11/2/2019","D2",30,"12:30","tank3","D2_H2","HW","heating","yes","Yellow",223,-2,"11/2/2019 12:30","week2","tank3_heating_yes_11/2/2019 12:30",20.01276749,"tank3_heating_yes_Yellow"
"11/2/2019","D2",30,"12:30","tank3","D2_H2","HNW","heating","no","Yellow",223,-1,"11/2/2019 12:30","week2","tank3_heating_no_11/2/2019 12:30",27.279854,"tank3_heating_no_Yellow"
"11/2/2019","D2",30,"12:30","tank2","D2_C2","CW","control","yes","Yellow",228,1,"11/2/2019 12:30","week2","tank2_control_yes_11/2/2019 12:30",16.42146531,"tank2_control_yes_Yellow"
"11/2/2019","D2",30,"12:30","tank2","D2_C2","CNW","control","no","Yellow",221,0,"11/2/2019 12:30","week2","tank2_control_no_11/2/2019 12:30",16.0339519,"tank2_control_no_Yellow"
"11/2/2019","D2",30,"12:30","tank1","D2_C1","CW","control","yes","Yellow",225,-1,"11/2/2019 12:30","week2","tank1_control_yes_11/2/2019 12:30",16.52092733,"tank1_control_yes_Yellow"
"11/2/2019","D2",30,"12:30","tank1","D2_C1","CNW","control","no","Yellow",224,1,"11/2/2019 12:30","week2","tank1_control_no_11/2/2019 12:30",15.7772427,"tank1_control_no_Yellow"
"11/3/2019","D3",30,"12:30","tank4","D3_H1","HW","heating","yes","Yellow",225,1,"11/3/2019 12:30","week2","tank4_heating_yes_11/3/2019 12:30",20.71981206,"tank4_heating_yes_Yellow"
"11/3/2019","D3",30,"12:30","tank4","D3_H1","HNW","heating","no","Yellow",230,-1,"11/3/2019 12:30","week2","tank4_heating_no_11/3/2019 12:30",27.75840935,"tank4_heating_no_Yellow"
"11/3/2019","D3",30,"12:30","tank3","D3_H2","HW","heating","yes","Yellow",231,3,"11/3/2019 12:30","week2","tank3_heating_yes_11/3/2019 12:30",20.61907283,"tank3_heating_yes_Yellow"
"11/3/2019","D3",30,"12:30","tank3","D3_H2","HNW","heating","no","Yellow",224,0,"11/3/2019 12:30","week2","tank3_heating_no_11/3/2019 12:30",28.25001115,"tank3_heating_no_Yellow"
"11/3/2019","D3",30,"12:30","tank2","D3_C2","CW","control","yes","Yellow",227,-1,"11/3/2019 12:30","week2","tank2_control_yes_11/3/2019 12:30",16.3534284,"tank2_control_yes_Yellow"
"11/3/2019","D3",30,"12:30","tank2","D3_C2","CNW","control","no","Yellow",222,0,"11/3/2019 12:30","week2","tank2_control_no_11/3/2019 12:30",16.99820703,"tank2_control_no_Yellow"
"11/3/2019","D3",30,"12:30","tank1","D3_C1","CW","control","yes","Yellow",224,0,"11/3/2019 12:30","week2","tank1_control_yes_11/3/2019 12:30",16.48246158,"tank1_control_yes_Yellow"
"11/3/2019","D3",30,"12:30","tank1","D3_C1","CNW","control","no","Yellow",230,1,"11/3/2019 12:30","week2","tank1_control_no_11/3/2019 12:30",15.82522959,"tank1_control_no_Yellow"
"11/4/2019","D4",30,"12:30","tank4","D4_H1","HW","heating","yes","Yellow",226,1,"11/4/2019 12:30","week2","tank4_heating_yes_11/4/2019 12:30",21.16411025,"tank4_heating_yes_Yellow"
"11/4/2019","D4",30,"12:30","tank4","D4_H1","HNW","heating","no","Yellow",231,-2,"11/4/2019 12:30","week2","tank4_heating_no_11/4/2019 12:30",23.96576663,"tank4_heating_no_Yellow"
"11/4/2019","D4",30,"12:30","tank3","D4_H2","HW","heating","yes","Yellow",225,-5,"11/4/2019 12:30","week2","tank3_heating_yes_11/4/2019 12:30",19.95502413,"tank3_heating_yes_Yellow"
"11/4/2019","D4",30,"12:30","tank3","D4_H2","HNW","heating","no","Yellow",225,1,"11/4/2019 12:30","week2","tank3_heating_no_11/4/2019 12:30",25.42598934,"tank3_heating_no_Yellow"
"11/4/2019","D4",30,"12:30","tank2","D4_C2","CW","control","yes","Yellow",229,1,"11/4/2019 12:30","week2","tank2_control_yes_11/4/2019 12:30",16.49922178,"tank2_control_yes_Yellow"
"11/4/2019","D4",30,"12:30","tank2","D4_C2","CNW","control","no","Yellow",221,-1,"11/4/2019 12:30","week2","tank2_control_no_11/4/2019 12:30",15.301118,"tank2_control_no_Yellow"
"11/4/2019","D4",30,"12:30","tank1","D4_C1","CW","control","yes","Yellow",226,1,"11/4/2019 12:30","week2","tank1_control_yes_11/4/2019 12:30",16.58824241,"tank1_control_yes_Yellow"
"11/4/2019","D4",30,"12:30","tank1","D4_C1","CNW","control","no","Yellow",225,2,"11/4/2019 12:30","week2","tank1_control_no_11/4/2019 12:30",15.7772427,"tank1_control_no_Yellow"
"11/5/2019","D5",30,"12:30","tank4","D5_H1","HW","heating","yes","Yellow",225,1,"11/5/2019 12:30","week2","tank4_heating_yes_11/5/2019 12:30",20.88400921,"tank4_heating_yes_Yellow"
"11/5/2019","D5",30,"12:30","tank4","D5_H1","HNW","heating","no","Yellow",234,-2,"11/5/2019 12:30","week2","tank4_heating_no_11/5/2019 12:30",24.45544961,"tank4_heating_no_Yellow"
"11/5/2019","D5",30,"12:30","tank3","D5_H2","HW","heating","yes","Yellow",229,3,"11/5/2019 12:30","week2","tank3_heating_yes_11/5/2019 12:30",19.88765687,"tank3_heating_yes_Yellow"
"11/5/2019","D5",30,"12:30","tank3","D5_H2","HNW","heating","no","Yellow",225,0,"11/5/2019 12:30","week2","tank3_heating_no_11/5/2019 12:30",26.78997266,"tank3_heating_no_Yellow"
"11/5/2019","D5",30,"12:30","tank2","D5_C2","CW","control","yes","Yellow",228,-2,"11/5/2019 12:30","week2","tank2_control_yes_11/5/2019 12:30",16.34370885,"tank2_control_yes_Yellow"
"11/5/2019","D5",30,"12:30","tank2","D5_C2","CNW","control","no","Yellow",222,-1,"11/5/2019 12:30","week2","tank2_control_no_11/5/2019 12:30",15.29147545,"tank2_control_no_Yellow"
"11/5/2019","D5",30,"12:30","tank1","D5_C1","CW","control","yes","Yellow",225,-3,"11/5/2019 12:30","week2","tank1_control_yes_11/5/2019 12:30",16.56900953,"tank1_control_yes_Yellow"
"11/5/2019","D5",30,"12:30","tank1","D5_C1","CNW","control","no","Yellow",227,-1,"11/5/2019 12:30","week2","tank1_control_no_11/5/2019 12:30",15.72925581,"tank1_control_no_Yellow"
"11/1/2019","D1",30,"12:30","tank4","D1_H1","HW","heating","yes","Black",225,1,"11/1/2019 12:30","week2","tank4_heating_yes_11/1/2019 12:30",15.79389734,"tank4_heating_yes_Black"
"11/1/2019","D1",30,"12:30","tank4","D1_H1","HNW","heating","no","Black",225,-1,"11/1/2019 12:30","week2","tank4_heating_no_11/1/2019 12:30",16.22685516,"tank4_heating_no_Black"
"11/1/2019","D1",30,"12:30","tank3","D1_H2","HW","heating","yes","Black",221,-2,"11/1/2019 12:30","week2","tank3_heating_yes_11/1/2019 12:30",16.20170535,"tank3_heating_yes_Black"
"11/1/2019","D1",30,"12:30","tank3","D1_H2","HNW","heating","no","Black",221,8,"11/1/2019 12:30","week2","tank3_heating_no_11/1/2019 12:30",16.23351022,"tank3_heating_no_Black"
"11/1/2019","D1",30,"12:30","tank2","D1_C2","CW","control","yes","Black",229,8,"11/1/2019 12:30","week2","tank2_control_yes_11/1/2019 12:30",16.80052808,"tank2_control_yes_Black"
"11/1/2019","D1",30,"12:30","tank2","D1_C2","CNW","control","no","Black",223,0,"11/1/2019 12:30","week2","tank2_control_no_11/1/2019 12:30",16.95963683,"tank2_control_no_Black"
"11/1/2019","D1",30,"12:30","tank1","D1_C1","CW","control","yes","Black",230,1,"11/1/2019 12:30","week2","tank1_control_yes_11/1/2019 12:30",16.66517393,"tank1_control_yes_Black"
"11/1/2019","D1",30,"12:30","tank1","D1_C1","CNW","control","no","Black",224,-6,"11/1/2019 12:30","week2","tank1_control_no_11/1/2019 12:30",16.10355356,"tank1_control_no_Black"
"11/2/2019","D2",30,"12:30","tank4","D2_H1","HW","heating","yes","Black",225,0,"11/2/2019 12:30","week2","tank4_heating_yes_11/2/2019 12:30",20.83571593,"tank4_heating_yes_Black"
"11/2/2019","D2",30,"12:30","tank4","D2_H1","HNW","heating","no","Black",226,1,"11/2/2019 12:30","week2","tank4_heating_no_11/2/2019 12:30",25.31959605,"tank4_heating_no_Black"
"11/2/2019","D2",30,"12:30","tank3","D2_H2","HW","heating","yes","Black",220,-1,"11/2/2019 12:30","week2","tank3_heating_yes_11/2/2019 12:30",20.01276749,"tank3_heating_yes_Black"
"11/2/2019","D2",30,"12:30","tank3","D2_H2","HNW","heating","no","Black",221,-1,"11/2/2019 12:30","week2","tank3_heating_no_11/2/2019 12:30",27.279854,"tank3_heating_no_Black"
"11/2/2019","D2",30,"12:30","tank2","D2_C2","CW","control","yes","Black",226,1,"11/2/2019 12:30","week2","tank2_control_yes_11/2/2019 12:30",16.42146531,"tank2_control_yes_Black"
"11/2/2019","D2",30,"12:30","tank2","D2_C2","CNW","control","no","Black",223,-1,"11/2/2019 12:30","week2","tank2_control_no_11/2/2019 12:30",16.0339519,"tank2_control_no_Black"
"11/2/2019","D2",30,"12:30","tank1","D2_C1","CW","control","yes","Black",228,1,"11/2/2019 12:30","week2","tank1_control_yes_11/2/2019 12:30",16.52092733,"tank1_control_yes_Black"
"11/2/2019","D2",30,"12:30","tank1","D2_C1","CNW","control","no","Black",224,-1,"11/2/2019 12:30","week2","tank1_control_no_11/2/2019 12:30",15.7772427,"tank1_control_no_Black"
"11/3/2019","D3",30,"12:30","tank4","D3_H1","HW","heating","yes","Black",224,1,"11/3/2019 12:30","week2","tank4_heating_yes_11/3/2019 12:30",20.71981206,"tank4_heating_yes_Black"
"11/3/2019","D3",30,"12:30","tank4","D3_H1","HNW","heating","no","Black",224,-1,"11/3/2019 12:30","week2","tank4_heating_no_11/3/2019 12:30",27.75840935,"tank4_heating_no_Black"
"11/3/2019","D3",30,"12:30","tank3","D3_H2","HW","heating","yes","Black",221,0,"11/3/2019 12:30","week2","tank3_heating_yes_11/3/2019 12:30",20.61907283,"tank3_heating_yes_Black"
"11/3/2019","D3",30,"12:30","tank3","D3_H2","HNW","heating","no","Black",220,-4,"11/3/2019 12:30","week2","tank3_heating_no_11/3/2019 12:30",28.25001115,"tank3_heating_no_Black"
"11/3/2019","D3",30,"12:30","tank2","D3_C2","CW","control","yes","Black",227,1,"11/3/2019 12:30","week2","tank2_control_yes_11/3/2019 12:30",16.3534284,"tank2_control_yes_Black"
"11/3/2019","D3",30,"12:30","tank2","D3_C2","CNW","control","no","Black",223,-1,"11/3/2019 12:30","week2","tank2_control_no_11/3/2019 12:30",16.99820703,"tank2_control_no_Black"
"11/3/2019","D3",30,"12:30","tank1","D3_C1","CW","control","yes","Black",228,0,"11/3/2019 12:30","week2","tank1_control_yes_11/3/2019 12:30",16.48246158,"tank1_control_yes_Black"
"11/3/2019","D3",30,"12:30","tank1","D3_C1","CNW","control","no","Black",223,-2,"11/3/2019 12:30","week2","tank1_control_no_11/3/2019 12:30",15.82522959,"tank1_control_no_Black"
"11/4/2019","D4",30,"12:30","tank4","D4_H1","HW","heating","yes","Black",224,0,"11/4/2019 12:30","week2","tank4_heating_yes_11/4/2019 12:30",21.16411025,"tank4_heating_yes_Black"
"11/4/2019","D4",30,"12:30","tank4","D4_H1","HNW","heating","no","Black",226,-1,"11/4/2019 12:30","week2","tank4_heating_no_11/4/2019 12:30",23.96576663,"tank4_heating_no_Black"
"11/4/2019","D4",30,"12:30","tank3","D4_H2","HW","heating","yes","Black",222,1,"11/4/2019 12:30","week2","tank3_heating_yes_11/4/2019 12:30",19.95502413,"tank3_heating_yes_Black"
"11/4/2019","D4",30,"12:30","tank3","D4_H2","HNW","heating","no","Black",222,3,"11/4/2019 12:30","week2","tank3_heating_no_11/4/2019 12:30",25.42598934,"tank3_heating_no_Black"
"11/4/2019","D4",30,"12:30","tank2","D4_C2","CW","control","yes","Black",224,0,"11/4/2019 12:30","week2","tank2_control_yes_11/4/2019 12:30",16.49922178,"tank2_control_yes_Black"
"11/4/2019","D4",30,"12:30","tank2","D4_C2","CNW","control","no","Black",224,1,"11/4/2019 12:30","week2","tank2_control_no_11/4/2019 12:30",15.301118,"tank2_control_no_Black"
"11/4/2019","D4",30,"12:30","tank1","D4_C1","CW","control","yes","Black",231,1,"11/4/2019 12:30","week2","tank1_control_yes_11/4/2019 12:30",16.58824241,"tank1_control_yes_Black"
"11/4/2019","D4",30,"12:30","tank1","D4_C1","CNW","control","no","Black",224,-1,"11/4/2019 12:30","week2","tank1_control_no_11/4/2019 12:30",15.7772427,"tank1_control_no_Black"
"11/5/2019","D5",30,"12:30","tank4","D5_H1","HW","heating","yes","Black",225,1,"11/5/2019 12:30","week2","tank4_heating_yes_11/5/2019 12:30",20.88400921,"tank4_heating_yes_Black"
"11/5/2019","D5",30,"12:30","tank4","D5_H1","HNW","heating","no","Black",227,-1,"11/5/2019 12:30","week2","tank4_heating_no_11/5/2019 12:30",24.45544961,"tank4_heating_no_Black"
"11/5/2019","D5",30,"12:30","tank3","D5_H2","HW","heating","yes","Black",222,0,"11/5/2019 12:30","week2","tank3_heating_yes_11/5/2019 12:30",19.88765687,"tank3_heating_yes_Black"
"11/5/2019","D5",30,"12:30","tank3","D5_H2","HNW","heating","no","Black",221,-3,"11/5/2019 12:30","week2","tank3_heating_no_11/5/2019 12:30",26.78997266,"tank3_heating_no_Black"
"11/5/2019","D5",30,"12:30","tank2","D5_C2","CW","control","yes","Black",230,1,"11/5/2019 12:30","week2","tank2_control_yes_11/5/2019 12:30",16.34370885,"tank2_control_yes_Black"
"11/5/2019","D5",30,"12:30","tank2","D5_C2","CNW","control","no","Black",221,-4,"11/5/2019 12:30","week2","tank2_control_no_11/5/2019 12:30",15.29147545,"tank2_control_no_Black"
"11/5/2019","D5",30,"12:30","tank1","D5_C1","CW","control","yes","Black",229,0,"11/5/2019 12:30","week2","tank1_control_yes_11/5/2019 12:30",16.56900953,"tank1_control_yes_Black"
"11/5/2019","D5",30,"12:30","tank1","D5_C1","CNW","control","no","Black",223,-5,"11/5/2019 12:30","week2","tank1_control_no_11/5/2019 12:30",15.72925581,"tank1_control_no_Black"
"11/1/2019","D1",30,"12:30","tank4","D1_H1","HW","heating","yes","White",226,0,"11/1/2019 12:30","week2","tank4_heating_yes_11/1/2019 12:30",15.79389734,"tank4_heating_yes_White"
"11/1/2019","D1",30,"12:30","tank4","D1_H1","HNW","heating","no","White",220,-2,"11/1/2019 12:30","week2","tank4_heating_no_11/1/2019 12:30",16.22685516,"tank4_heating_no_White"
"11/1/2019","D1",30,"12:30","tank3","D1_H2","HW","heating","yes","White",226,-4,"11/1/2019 12:30","week2","tank3_heating_yes_11/1/2019 12:30",16.20170535,"tank3_heating_yes_White"
"11/1/2019","D1",30,"12:30","tank3","D1_H2","HNW","heating","no","White",231,0,"11/1/2019 12:30","week2","tank3_heating_no_11/1/2019 12:30",16.23351022,"tank3_heating_no_White"
"11/1/2019","D1",30,"12:30","tank2","D1_C2","CW","control","yes","White",224,1,"11/1/2019 12:30","week2","tank2_control_yes_11/1/2019 12:30",16.80052808,"tank2_control_yes_White"
"11/1/2019","D1",30,"12:30","tank2","D1_C2","CNW","control","no","White",229,1,"11/1/2019 12:30","week2","tank2_control_no_11/1/2019 12:30",16.95963683,"tank2_control_no_White"
"11/1/2019","D1",30,"12:30","tank1","D1_C1","CW","control","yes","White",219,0,"11/1/2019 12:30","week2","tank1_control_yes_11/1/2019 12:30",16.66517393,"tank1_control_yes_White"
"11/1/2019","D1",30,"12:30","tank1","D1_C1","CNW","control","no","White",227,3,"11/1/2019 12:30","week2","tank1_control_no_11/1/2019 12:30",16.10355356,"tank1_control_no_White"
"11/2/2019","D2",30,"12:30","tank4","D2_H1","HW","heating","yes","White",226,-1,"11/2/2019 12:30","week2","tank4_heating_yes_11/2/2019 12:30",20.83571593,"tank4_heating_yes_White"
"11/2/2019","D2",30,"12:30","tank4","D2_H1","HNW","heating","no","White",222,-2,"11/2/2019 12:30","week2","tank4_heating_no_11/2/2019 12:30",25.31959605,"tank4_heating_no_White"
"11/2/2019","D2",30,"12:30","tank3","D2_H2","HW","heating","yes","White",225,-11,"11/2/2019 12:30","week2","tank3_heating_yes_11/2/2019 12:30",20.01276749,"tank3_heating_yes_White"
"11/2/2019","D2",30,"12:30","tank3","D2_H2","HNW","heating","no","White",226,-4,"11/2/2019 12:30","week2","tank3_heating_no_11/2/2019 12:30",27.279854,"tank3_heating_no_White"
"11/2/2019","D2",30,"12:30","tank2","D2_C2","CW","control","yes","White",224,2,"11/2/2019 12:30","week2","tank2_control_yes_11/2/2019 12:30",16.42146531,"tank2_control_yes_White"
"11/2/2019","D2",30,"12:30","tank2","D2_C2","CNW","control","no","White",229,1,"11/2/2019 12:30","week2","tank2_control_no_11/2/2019 12:30",16.0339519,"tank2_control_no_White"
"11/2/2019","D2",30,"12:30","tank1","D2_C1","CW","control","yes","White",220,1,"11/2/2019 12:30","week2","tank1_control_yes_11/2/2019 12:30",16.52092733,"tank1_control_yes_White"
"11/2/2019","D2",30,"12:30","tank1","D2_C1","CNW","control","no","White",226,1,"11/2/2019 12:30","week2","tank1_control_no_11/2/2019 12:30",15.7772427,"tank1_control_no_White"
"11/3/2019","D3",30,"12:30","tank4","D3_H1","HW","heating","yes","White",224,0,"11/3/2019 12:30","week2","tank4_heating_yes_11/3/2019 12:30",20.71981206,"tank4_heating_yes_White"
"11/3/2019","D3",30,"12:30","tank4","D3_H1","HNW","heating","no","White",224,0,"11/3/2019 12:30","week2","tank4_heating_no_11/3/2019 12:30",27.75840935,"tank4_heating_no_White"
"11/3/2019","D3",30,"12:30","tank3","D3_H2","HW","heating","yes","White",224,-11,"11/3/2019 12:30","week2","tank3_heating_yes_11/3/2019 12:30",20.61907283,"tank3_heating_yes_White"
"11/3/2019","D3",30,"12:30","tank3","D3_H2","HNW","heating","no","White",228,-1,"11/3/2019 12:30","week2","tank3_heating_no_11/3/2019 12:30",28.25001115,"tank3_heating_no_White"
"11/3/2019","D3",30,"12:30","tank2","D3_C2","CW","control","yes","White",224,1,"11/3/2019 12:30","week2","tank2_control_yes_11/3/2019 12:30",16.3534284,"tank2_control_yes_White"
"11/3/2019","D3",30,"12:30","tank2","D3_C2","CNW","control","no","White",231,1,"11/3/2019 12:30","week2","tank2_control_no_11/3/2019 12:30",16.99820703,"tank2_control_no_White"
"11/3/2019","D3",30,"12:30","tank1","D3_C1","CW","control","yes","White",220,2,"11/3/2019 12:30","week2","tank1_control_yes_11/3/2019 12:30",16.48246158,"tank1_control_yes_White"
"11/3/2019","D3",30,"12:30","tank1","D3_C1","CNW","control","no","White",225,0,"11/3/2019 12:30","week2","tank1_control_no_11/3/2019 12:30",15.82522959,"tank1_control_no_White"
"11/4/2019","D4",30,"12:30","tank4","D4_H1","HW","heating","yes","White",226,0,"11/4/2019 12:30","week2","tank4_heating_yes_11/4/2019 12:30",21.16411025,"tank4_heating_yes_White"
"11/4/2019","D4",30,"12:30","tank4","D4_H1","HNW","heating","no","White",222,0,"11/4/2019 12:30","week2","tank4_heating_no_11/4/2019 12:30",23.96576663,"tank4_heating_no_White"
"11/4/2019","D4",30,"12:30","tank3","D4_H2","HW","heating","yes","White",227,-8,"11/4/2019 12:30","week2","tank3_heating_yes_11/4/2019 12:30",19.95502413,"tank3_heating_yes_White"
"11/4/2019","D4",30,"12:30","tank3","D4_H2","HNW","heating","no","White",230,1,"11/4/2019 12:30","week2","tank3_heating_no_11/4/2019 12:30",25.42598934,"tank3_heating_no_White"
"11/4/2019","D4",30,"12:30","tank2","D4_C2","CW","control","yes","White",224,0,"11/4/2019 12:30","week2","tank2_control_yes_11/4/2019 12:30",16.49922178,"tank2_control_yes_White"
"11/4/2019","D4",30,"12:30","tank2","D4_C2","CNW","control","no","White",228,1,"11/4/2019 12:30","week2","tank2_control_no_11/4/2019 12:30",15.301118,"tank2_control_no_White"
"11/4/2019","D4",30,"12:30","tank1","D4_C1","CW","control","yes","White",222,3,"11/4/2019 12:30","week2","tank1_control_yes_11/4/2019 12:30",16.58824241,"tank1_control_yes_White"
"11/4/2019","D4",30,"12:30","tank1","D4_C1","CNW","control","no","White",227,1,"11/4/2019 12:30","week2","tank1_control_no_11/4/2019 12:30",15.7772427,"tank1_control_no_White"
"11/5/2019","D5",30,"12:30","tank4","D5_H1","HW","heating","yes","White",225,-2,"11/5/2019 12:30","week2","tank4_heating_yes_11/5/2019 12:30",20.88400921,"tank4_heating_yes_White"
"11/5/2019","D5",30,"12:30","tank4","D5_H1","HNW","heating","no","White",222,-2,"11/5/2019 12:30","week2","tank4_heating_no_11/5/2019 12:30",24.45544961,"tank4_heating_no_White"
"11/5/2019","D5",30,"12:30","tank3","D5_H2","HW","heating","yes","White",228,3,"11/5/2019 12:30","week2","tank3_heating_yes_11/5/2019 12:30",19.88765687,"tank3_heating_yes_White"
"11/5/2019","D5",30,"12:30","tank3","D5_H2","HNW","heating","no","White",231,-2,"11/5/2019 12:30","week2","tank3_heating_no_11/5/2019 12:30",26.78997266,"tank3_heating_no_White"
"11/5/2019","D5",30,"12:30","tank2","D5_C2","CW","control","yes","White",223,-1,"11/5/2019 12:30","week2","tank2_control_yes_11/5/2019 12:30",16.34370885,"tank2_control_yes_White"
"11/5/2019","D5",30,"12:30","tank2","D5_C2","CNW","control","no","White",230,-1,"11/5/2019 12:30","week2","tank2_control_no_11/5/2019 12:30",15.29147545,"tank2_control_no_White"
"11/5/2019","D5",30,"12:30","tank1","D5_C1","CW","control","yes","White",224,-1,"11/5/2019 12:30","week2","tank1_control_yes_11/5/2019 12:30",16.56900953,"tank1_control_yes_White"
"11/5/2019","D5",30,"12:30","tank1","D5_C1","CNW","control","no","White",230,-1,"11/5/2019 12:30","week2","tank1_control_no_11/5/2019 12:30",15.72925581,"tank1_control_no_White"
"11/1/2019","D1",30,"14:00","tank4","D1_H1","HW","heating","yes","Red",228,2,"11/1/2019 14:00","week2","tank4_heating_yes_11/1/2019 14:00",23.21174539,"tank4_heating_yes_Red"
"11/1/2019","D1",30,"14:00","tank4","D1_H1","HNW","heating","no","Red",226,-1,"11/1/2019 14:00","week2","tank4_heating_no_11/1/2019 14:00",29.84196243,"tank4_heating_no_Red"
"11/1/2019","D1",30,"14:00","tank3","D1_H2","HW","heating","yes","Red",227,3,"11/1/2019 14:00","week2","tank3_heating_yes_11/1/2019 14:00",20.98478082,"tank3_heating_yes_Red"
"11/1/2019","D1",30,"14:00","tank3","D1_H2","HNW","heating","no","Red",229,-1,"11/1/2019 14:00","week2","tank3_heating_no_11/1/2019 14:00",29.1625352,"tank3_heating_no_Red"
"11/1/2019","D1",30,"14:00","tank2","D1_C2","CW","control","yes","Red",224,-1,"11/1/2019 14:00","week2","tank2_control_yes_11/1/2019 14:00",16.3534284,"tank2_control_yes_Red"
"11/1/2019","D1",30,"14:00","tank2","D1_C2","CNW","control","no","Red",224,-1,"11/1/2019 14:00","week2","tank2_control_no_11/1/2019 14:00",17.1042751,"tank2_control_no_Red"
"11/1/2019","D1",30,"14:00","tank1","D1_C1","CW","control","yes","Red",228,0,"11/1/2019 14:00","week2","tank1_control_yes_11/1/2019 14:00",16.44399582,"tank1_control_yes_Red"
"11/1/2019","D1",30,"14:00","tank1","D1_C1","CNW","control","no","Red",224,0,"11/1/2019 14:00","week2","tank1_control_no_11/1/2019 14:00",15.8636191,"tank1_control_no_Red"
"11/2/2019","D2",30,"14:00","tank4","D2_H1","HW","heating","yes","Red",227,-1,"11/2/2019 14:00","week2","tank4_heating_yes_11/2/2019 14:00",23.51116373,"tank4_heating_yes_Red"
"11/2/2019","D2",30,"14:00","tank4","D2_H1","HNW","heating","no","Red",227,0,"11/2/2019 14:00","week2","tank4_heating_no_11/2/2019 14:00",27.13430358,"tank4_heating_no_Red"
"11/2/2019","D2",30,"14:00","tank3","D2_H2","HW","heating","yes","Red",224,2,"11/2/2019 14:00","week2","tank3_heating_yes_11/2/2019 14:00",21.28312154,"tank3_heating_yes_Red"
"11/2/2019","D2",30,"14:00","tank3","D2_H2","HNW","heating","no","Red",227,-2,"11/2/2019 14:00","week2","tank3_heating_no_11/2/2019 14:00",24.73439217,"tank3_heating_no_Red"
"11/2/2019","D2",30,"14:00","tank2","D2_C2","CW","control","yes","Red",225,0,"11/2/2019 14:00","week2","tank2_control_yes_11/2/2019 14:00",16.24651326,"tank2_control_yes_Red"
"11/2/2019","D2",30,"14:00","tank2","D2_C2","CNW","control","no","Red",225,0,"11/2/2019 14:00","week2","tank2_control_no_11/2/2019 14:00",15.00219891,"tank2_control_no_Red"
"11/2/2019","D2",30,"14:00","tank1","D2_C1","CW","control","yes","Red",230,2,"11/2/2019 14:00","week2","tank1_control_yes_11/2/2019 14:00",16.42476294,"tank1_control_yes_Red"
"11/2/2019","D2",30,"14:00","tank1","D2_C1","CNW","control","no","Red",224,0,"11/2/2019 14:00","week2","tank1_control_no_11/2/2019 14:00",15.39334757,"tank1_control_no_Red"
"11/3/2019","D3",30,"14:00","tank4","D3_H1","HW","heating","yes","Red",227,0,"11/3/2019 14:00","week2","tank4_heating_yes_11/3/2019 14:00",22.78676451,"tank4_heating_yes_Red"
"11/3/2019","D3",30,"14:00","tank4","D3_H1","HNW","heating","no","Red",226,-1,"11/3/2019 14:00","week2","tank4_heating_no_11/3/2019 14:00",28.79538508,"tank4_heating_no_Red"
"11/3/2019","D3",30,"14:00","tank3","D3_H2","HW","heating","yes","Red",225,1,"11/3/2019 14:00","week2","tank3_heating_yes_11/3/2019 14:00",22.45723664,"tank3_heating_yes_Red"
"11/3/2019","D3",30,"14:00","tank3","D3_H2","HNW","heating","no","Red",228,-2,"11/3/2019 14:00","week2","tank3_heating_no_11/3/2019 14:00",26.83800024,"tank3_heating_no_Red"
"11/3/2019","D3",30,"14:00","tank2","D3_C2","CW","control","yes","Red",224,-2,"11/3/2019 14:00","week2","tank2_control_yes_11/3/2019 14:00",16.23679371,"tank2_control_yes_Red"
"11/3/2019","D3",30,"14:00","tank2","D3_C2","CNW","control","no","Red",223,-2,"11/3/2019 14:00","week2","tank2_control_no_11/3/2019 14:00",17.56711756,"tank2_control_no_Red"
"11/3/2019","D3",30,"14:00","tank1","D3_C1","CW","control","yes","Red",231,1,"11/3/2019 14:00","week2","tank1_control_yes_11/3/2019 14:00",16.38629718,"tank1_control_yes_Red"
"11/3/2019","D3",30,"14:00","tank1","D3_C1","CNW","control","no","Red",225,-1,"11/3/2019 14:00","week2","tank1_control_no_11/3/2019 14:00",15.90200862,"tank1_control_no_Red"
"11/4/2019","D4",30,"14:00","tank4","D4_H1","HW","heating","yes","Red",227,2,"11/4/2019 14:00","week2","tank4_heating_yes_11/4/2019 14:00",23.24072135,"tank4_heating_yes_Red"
"11/4/2019","D4",30,"14:00","tank4","D4_H1","HNW","heating","no","Red",228,0,"11/4/2019 14:00","week2","tank4_heating_no_11/4/2019 14:00",25.36760419,"tank4_heating_no_Red"
"11/4/2019","D4",30,"14:00","tank3","D4_H2","HW","heating","yes","Red",234,10,"11/4/2019 14:00","week2","tank3_heating_yes_11/4/2019 14:00",21.15801091,"tank3_heating_yes_Red"
"11/4/2019","D4",30,"14:00","tank3","D4_H2","HNW","heating","no","Red",229,-3,"11/4/2019 14:00","week2","tank3_heating_no_11/4/2019 14:00",26.78997266,"tank3_heating_no_Red"
"11/4/2019","D4",30,"14:00","tank2","D4_C2","CW","control","yes","Red",225,0,"11/4/2019 14:00","week2","tank2_control_yes_11/4/2019 14:00",16.13959813,"tank2_control_yes_Red"
"11/4/2019","D4",30,"14:00","tank2","D4_C2","CNW","control","no","Red",225,0,"11/4/2019 14:00","week2","tank2_control_no_11/4/2019 14:00",15.6771775,"tank2_control_no_Red"
"11/4/2019","D4",30,"14:00","tank1","D4_C1","CW","control","yes","Red",232,2,"11/4/2019 14:00","week2","tank1_control_yes_11/4/2019 14:00",16.39591362,"tank1_control_yes_Red"
"11/4/2019","D4",30,"14:00","tank1","D4_C1","CNW","control","no","Red",224,0,"11/4/2019 14:00","week2","tank1_control_no_11/4/2019 14:00",15.52771087,"tank1_control_no_Red"
"11/5/2019","D5",30,"14:00","tank4","D5_H1","HW","heating","yes","Red",227,-1,"11/5/2019 14:00","week2","tank4_heating_yes_11/5/2019 14:00",22.73847123,"tank4_heating_yes_Red"
"11/5/2019","D5",30,"14:00","tank4","D5_H1","HNW","heating","no","Red",235,8,"11/5/2019 14:00","week2","tank4_heating_no_11/5/2019 14:00",23.77373409,"tank4_heating_no_Red"
"11/5/2019","D5",30,"14:00","tank3","D5_H2","HW","heating","yes","Red",227,1,"11/5/2019 14:00","week2","tank3_heating_yes_11/5/2019 14:00",21.60071005,"tank3_heating_yes_Red"
"11/5/2019","D5",30,"14:00","tank3","D5_H2","HNW","heating","no","Red",228,-3,"11/5/2019 14:00","week2","tank3_heating_no_11/5/2019 14:00",26.99168851,"tank3_heating_no_Red"
"11/5/2019","D5",30,"14:00","tank2","D5_C2","CW","control","yes","Red",226,1,"11/5/2019 14:00","week2","tank2_control_yes_11/5/2019 14:00",16.27567194,"tank2_control_yes_Red"
"11/5/2019","D5",30,"14:00","tank2","D5_C2","CNW","control","no","Red",224,-2,"11/5/2019 14:00","week2","tank2_control_no_11/5/2019 14:00",15.56146689,"tank2_control_no_Red"
"11/5/2019","D5",30,"14:00","tank1","D5_C1","CW","control","yes","Red",228,1,"11/5/2019 14:00","week2","tank1_control_yes_11/5/2019 14:00",16.43437938,"tank1_control_yes_Red"
"11/5/2019","D5",30,"14:00","tank1","D5_C1","CNW","control","no","Red",224,0,"11/5/2019 14:00","week2","tank1_control_no_11/5/2019 14:00",15.59489251,"tank1_control_no_Red"
"11/1/2019","D1",30,"14:00","tank4","D1_H1","HW","heating","yes","Yellow",227,3,"11/1/2019 14:00","week2","tank4_heating_yes_11/1/2019 14:00",23.21174539,"tank4_heating_yes_Yellow"
"11/1/2019","D1",30,"14:00","tank4","D1_H1","HNW","heating","no","Yellow",230,-1,"11/1/2019 14:00","week2","tank4_heating_no_11/1/2019 14:00",29.84196243,"tank4_heating_no_Yellow"
"11/1/2019","D1",30,"14:00","tank3","D1_H2","HW","heating","yes","Yellow",226,0,"11/1/2019 14:00","week2","tank3_heating_yes_11/1/2019 14:00",20.98478082,"tank3_heating_yes_Yellow"
"11/1/2019","D1",30,"14:00","tank3","D1_H2","HNW","heating","no","Yellow",223,0,"11/1/2019 14:00","week2","tank3_heating_no_11/1/2019 14:00",29.1625352,"tank3_heating_no_Yellow"
"11/1/2019","D1",30,"14:00","tank2","D1_C2","CW","control","yes","Yellow",227,-1,"11/1/2019 14:00","week2","tank2_control_yes_11/1/2019 14:00",16.3534284,"tank2_control_yes_Yellow"
"11/1/2019","D1",30,"14:00","tank2","D1_C2","CNW","control","no","Yellow",222,2,"11/1/2019 14:00","week2","tank2_control_no_11/1/2019 14:00",17.1042751,"tank2_control_no_Yellow"
"11/1/2019","D1",30,"14:00","tank1","D1_C1","CW","control","yes","Yellow",225,-2,"11/1/2019 14:00","week2","tank1_control_yes_11/1/2019 14:00",16.44399582,"tank1_control_yes_Yellow"
"11/1/2019","D1",30,"14:00","tank1","D1_C1","CNW","control","no","Yellow",222,-3,"11/1/2019 14:00","week2","tank1_control_no_11/1/2019 14:00",15.8636191,"tank1_control_no_Yellow"
"11/2/2019","D2",30,"14:00","tank4","D2_H1","HW","heating","yes","Yellow",226,1,"11/2/2019 14:00","week2","tank4_heating_yes_11/2/2019 14:00",23.51116373,"tank4_heating_yes_Yellow"
"11/2/2019","D2",30,"14:00","tank4","D2_H1","HNW","heating","no","Yellow",229,-3,"11/2/2019 14:00","week2","tank4_heating_no_11/2/2019 14:00",27.13430358,"tank4_heating_no_Yellow"
"11/2/2019","D2",30,"14:00","tank3","D2_H2","HW","heating","yes","Yellow",224,-1,"11/2/2019 14:00","week2","tank3_heating_yes_11/2/2019 14:00",21.28312154,"tank3_heating_yes_Yellow"
"11/2/2019","D2",30,"14:00","tank3","D2_H2","HNW","heating","no","Yellow",223,-1,"11/2/2019 14:00","week2","tank3_heating_no_11/2/2019 14:00",24.73439217,"tank3_heating_no_Yellow"
"11/2/2019","D2",30,"14:00","tank2","D2_C2","CW","control","yes","Yellow",229,2,"11/2/2019 14:00","week2","tank2_control_yes_11/2/2019 14:00",16.24651326,"tank2_control_yes_Yellow"
"11/2/2019","D2",30,"14:00","tank2","D2_C2","CNW","control","no","Yellow",221,0,"11/2/2019 14:00","week2","tank2_control_no_11/2/2019 14:00",15.00219891,"tank2_control_no_Yellow"
"11/2/2019","D2",30,"14:00","tank1","D2_C1","CW","control","yes","Yellow",225,-1,"11/2/2019 14:00","week2","tank1_control_yes_11/2/2019 14:00",16.42476294,"tank1_control_yes_Yellow"
"11/2/2019","D2",30,"14:00","tank1","D2_C1","CNW","control","no","Yellow",224,1,"11/2/2019 14:00","week2","tank1_control_no_11/2/2019 14:00",15.39334757,"tank1_control_no_Yellow"
"11/3/2019","D3",30,"14:00","tank4","D3_H1","HW","heating","yes","Yellow",227,3,"11/3/2019 14:00","week2","tank4_heating_yes_11/3/2019 14:00",22.78676451,"tank4_heating_yes_Yellow"
"11/3/2019","D3",30,"14:00","tank4","D3_H1","HNW","heating","no","Yellow",230,-1,"11/3/2019 14:00","week2","tank4_heating_no_11/3/2019 14:00",28.79538508,"tank4_heating_no_Yellow"
"11/3/2019","D3",30,"14:00","tank3","D3_H2","HW","heating","yes","Yellow",232,4,"11/3/2019 14:00","week2","tank3_heating_yes_11/3/2019 14:00",22.45723664,"tank3_heating_yes_Yellow"
"11/3/2019","D3",30,"14:00","tank3","D3_H2","HNW","heating","no","Yellow",224,0,"11/3/2019 14:00","week2","tank3_heating_no_11/3/2019 14:00",26.83800024,"tank3_heating_no_Yellow"
"11/3/2019","D3",30,"14:00","tank2","D3_C2","CW","control","yes","Yellow",228,0,"11/3/2019 14:00","week2","tank2_control_yes_11/3/2019 14:00",16.23679371,"tank2_control_yes_Yellow"
"11/3/2019","D3",30,"14:00","tank2","D3_C2","CNW","control","no","Yellow",221,-1,"11/3/2019 14:00","week2","tank2_control_no_11/3/2019 14:00",17.56711756,"tank2_control_no_Yellow"
"11/3/2019","D3",30,"14:00","tank1","D3_C1","CW","control","yes","Yellow",225,1,"11/3/2019 14:00","week2","tank1_control_yes_11/3/2019 14:00",16.38629718,"tank1_control_yes_Yellow"
"11/3/2019","D3",30,"14:00","tank1","D3_C1","CNW","control","no","Yellow",231,2,"11/3/2019 14:00","week2","tank1_control_no_11/3/2019 14:00",15.90200862,"tank1_control_no_Yellow"
"11/4/2019","D4",30,"14:00","tank4","D4_H1","HW","heating","yes","Yellow",229,4,"11/4/2019 14:00","week2","tank4_heating_yes_11/4/2019 14:00",23.24072135,"tank4_heating_yes_Yellow"
"11/4/2019","D4",30,"14:00","tank4","D4_H1","HNW","heating","no","Yellow",232,-1,"11/4/2019 14:00","week2","tank4_heating_no_11/4/2019 14:00",25.36760419,"tank4_heating_no_Yellow"
"11/4/2019","D4",30,"14:00","tank3","D4_H2","HW","heating","yes","Yellow",225,-5,"11/4/2019 14:00","week2","tank3_heating_yes_11/4/2019 14:00",21.15801091,"tank3_heating_yes_Yellow"
"11/4/2019","D4",30,"14:00","tank3","D4_H2","HNW","heating","no","Yellow",225,1,"11/4/2019 14:00","week2","tank3_heating_no_11/4/2019 14:00",26.78997266,"tank3_heating_no_Yellow"
"11/4/2019","D4",30,"14:00","tank2","D4_C2","CW","control","yes","Yellow",229,1,"11/4/2019 14:00","week2","tank2_control_yes_11/4/2019 14:00",16.13959813,"tank2_control_yes_Yellow"
"11/4/2019","D4",30,"14:00","tank2","D4_C2","CNW","control","no","Yellow",221,-1,"11/4/2019 14:00","week2","tank2_control_no_11/4/2019 14:00",15.6771775,"tank2_control_no_Yellow"
"11/4/2019","D4",30,"14:00","tank1","D4_C1","CW","control","yes","Yellow",226,1,"11/4/2019 14:00","week2","tank1_control_yes_11/4/2019 14:00",16.39591362,"tank1_control_yes_Yellow"
"11/4/2019","D4",30,"14:00","tank1","D4_C1","CNW","control","no","Yellow",224,1,"11/4/2019 14:00","week2","tank1_control_no_11/4/2019 14:00",15.52771087,"tank1_control_no_Yellow"
"11/5/2019","D5",30,"14:00","tank4","D5_H1","HW","heating","yes","Yellow",226,2,"11/5/2019 14:00","week2","tank4_heating_yes_11/5/2019 14:00",22.73847123,"tank4_heating_yes_Yellow"
"11/5/2019","D5",30,"14:00","tank4","D5_H1","HNW","heating","no","Yellow",234,-2,"11/5/2019 14:00","week2","tank4_heating_no_11/5/2019 14:00",23.77373409,"tank4_heating_no_Yellow"
"11/5/2019","D5",30,"14:00","tank3","D5_H2","HW","heating","yes","Yellow",231,5,"11/5/2019 14:00","week2","tank3_heating_yes_11/5/2019 14:00",21.60071005,"tank3_heating_yes_Yellow"
"11/5/2019","D5",30,"14:00","tank3","D5_H2","HNW","heating","no","Yellow",224,-1,"11/5/2019 14:00","week2","tank3_heating_no_11/5/2019 14:00",26.99168851,"tank3_heating_no_Yellow"
"11/5/2019","D5",30,"14:00","tank2","D5_C2","CW","control","yes","Yellow",229,-1,"11/5/2019 14:00","week2","tank2_control_yes_11/5/2019 14:00",16.27567194,"tank2_control_yes_Yellow"
"11/5/2019","D5",30,"14:00","tank2","D5_C2","CNW","control","no","Yellow",222,-1,"11/5/2019 14:00","week2","tank2_control_no_11/5/2019 14:00",15.56146689,"tank2_control_no_Yellow"
"11/5/2019","D5",30,"14:00","tank1","D5_C1","CW","control","yes","Yellow",227,-1,"11/5/2019 14:00","week2","tank1_control_yes_11/5/2019 14:00",16.43437938,"tank1_control_yes_Yellow"
"11/5/2019","D5",30,"14:00","tank1","D5_C1","CNW","control","no","Yellow",224,-4,"11/5/2019 14:00","week2","tank1_control_no_11/5/2019 14:00",15.59489251,"tank1_control_no_Yellow"
"11/1/2019","D1",30,"14:00","tank4","D1_H1","HW","heating","yes","Black",225,1,"11/1/2019 14:00","week2","tank4_heating_yes_11/1/2019 14:00",23.21174539,"tank4_heating_yes_Black"
"11/1/2019","D1",30,"14:00","tank4","D1_H1","HNW","heating","no","Black",225,-1,"11/1/2019 14:00","week2","tank4_heating_no_11/1/2019 14:00",29.84196243,"tank4_heating_no_Black"
"11/1/2019","D1",30,"14:00","tank3","D1_H2","HW","heating","yes","Black",222,-1,"11/1/2019 14:00","week2","tank3_heating_yes_11/1/2019 14:00",20.98478082,"tank3_heating_yes_Black"
"11/1/2019","D1",30,"14:00","tank3","D1_H2","HNW","heating","no","Black",221,8,"11/1/2019 14:00","week2","tank3_heating_no_11/1/2019 14:00",29.1625352,"tank3_heating_no_Black"
"11/1/2019","D1",30,"14:00","tank2","D1_C2","CW","control","yes","Black",230,9,"11/1/2019 14:00","week2","tank2_control_yes_11/1/2019 14:00",16.3534284,"tank2_control_yes_Black"
"11/1/2019","D1",30,"14:00","tank2","D1_C2","CNW","control","no","Black",223,0,"11/1/2019 14:00","week2","tank2_control_no_11/1/2019 14:00",17.1042751,"tank2_control_no_Black"
"11/1/2019","D1",30,"14:00","tank1","D1_C1","CW","control","yes","Black",230,1,"11/1/2019 14:00","week2","tank1_control_yes_11/1/2019 14:00",16.44399582,"tank1_control_yes_Black"
"11/1/2019","D1",30,"14:00","tank1","D1_C1","CNW","control","no","Black",223,-7,"11/1/2019 14:00","week2","tank1_control_no_11/1/2019 14:00",15.8636191,"tank1_control_no_Black"
"11/2/2019","D2",30,"14:00","tank4","D2_H1","HW","heating","yes","Black",226,1,"11/2/2019 14:00","week2","tank4_heating_yes_11/2/2019 14:00",23.51116373,"tank4_heating_yes_Black"
"11/2/2019","D2",30,"14:00","tank4","D2_H1","HNW","heating","no","Black",225,0,"11/2/2019 14:00","week2","tank4_heating_no_11/2/2019 14:00",27.13430358,"tank4_heating_no_Black"
"11/2/2019","D2",30,"14:00","tank3","D2_H2","HW","heating","yes","Black",222,1,"11/2/2019 14:00","week2","tank3_heating_yes_11/2/2019 14:00",21.28312154,"tank3_heating_yes_Black"
"11/2/2019","D2",30,"14:00","tank3","D2_H2","HNW","heating","no","Black",221,-1,"11/2/2019 14:00","week2","tank3_heating_no_11/2/2019 14:00",24.73439217,"tank3_heating_no_Black"
"11/2/2019","D2",30,"14:00","tank2","D2_C2","CW","control","yes","Black",226,1,"11/2/2019 14:00","week2","tank2_control_yes_11/2/2019 14:00",16.24651326,"tank2_control_yes_Black"
"11/2/2019","D2",30,"14:00","tank2","D2_C2","CNW","control","no","Black",223,-1,"11/2/2019 14:00","week2","tank2_control_no_11/2/2019 14:00",15.00219891,"tank2_control_no_Black"
"11/2/2019","D2",30,"14:00","tank1","D2_C1","CW","control","yes","Black",229,2,"11/2/2019 14:00","week2","tank1_control_yes_11/2/2019 14:00",16.42476294,"tank1_control_yes_Black"
"11/2/2019","D2",30,"14:00","tank1","D2_C1","CNW","control","no","Black",224,-1,"11/2/2019 14:00","week2","tank1_control_no_11/2/2019 14:00",15.39334757,"tank1_control_no_Black"
"11/3/2019","D3",30,"14:00","tank4","D3_H1","HW","heating","yes","Black",224,1,"11/3/2019 14:00","week2","tank4_heating_yes_11/3/2019 14:00",22.78676451,"tank4_heating_yes_Black"
"11/3/2019","D3",30,"14:00","tank4","D3_H1","HNW","heating","no","Black",225,0,"11/3/2019 14:00","week2","tank4_heating_no_11/3/2019 14:00",28.79538508,"tank4_heating_no_Black"
"11/3/2019","D3",30,"14:00","tank3","D3_H2","HW","heating","yes","Black",221,0,"11/3/2019 14:00","week2","tank3_heating_yes_11/3/2019 14:00",22.45723664,"tank3_heating_yes_Black"
"11/3/2019","D3",30,"14:00","tank3","D3_H2","HNW","heating","no","Black",220,-4,"11/3/2019 14:00","week2","tank3_heating_no_11/3/2019 14:00",26.83800024,"tank3_heating_no_Black"
"11/3/2019","D3",30,"14:00","tank2","D3_C2","CW","control","yes","Black",226,0,"11/3/2019 14:00","week2","tank2_control_yes_11/3/2019 14:00",16.23679371,"tank2_control_yes_Black"
"11/3/2019","D3",30,"14:00","tank2","D3_C2","CNW","control","no","Black",223,-1,"11/3/2019 14:00","week2","tank2_control_no_11/3/2019 14:00",17.56711756,"tank2_control_no_Black"
"11/3/2019","D3",30,"14:00","tank1","D3_C1","CW","control","yes","Black",227,-1,"11/3/2019 14:00","week2","tank1_control_yes_11/3/2019 14:00",16.38629718,"tank1_control_yes_Black"
"11/3/2019","D3",30,"14:00","tank1","D3_C1","CNW","control","no","Black",224,-1,"11/3/2019 14:00","week2","tank1_control_no_11/3/2019 14:00",15.90200862,"tank1_control_no_Black"
"11/4/2019","D4",30,"14:00","tank4","D4_H1","HW","heating","yes","Black",225,1,"11/4/2019 14:00","week2","tank4_heating_yes_11/4/2019 14:00",23.24072135,"tank4_heating_yes_Black"
"11/4/2019","D4",30,"14:00","tank4","D4_H1","HNW","heating","no","Black",226,-1,"11/4/2019 14:00","week2","tank4_heating_no_11/4/2019 14:00",25.36760419,"tank4_heating_no_Black"
"11/4/2019","D4",30,"14:00","tank3","D4_H2","HW","heating","yes","Black",223,2,"11/4/2019 14:00","week2","tank3_heating_yes_11/4/2019 14:00",21.15801091,"tank3_heating_yes_Black"
"11/4/2019","D4",30,"14:00","tank3","D4_H2","HNW","heating","no","Black",221,2,"11/4/2019 14:00","week2","tank3_heating_no_11/4/2019 14:00",26.78997266,"tank3_heating_no_Black"
"11/4/2019","D4",30,"14:00","tank2","D4_C2","CW","control","yes","Black",225,1,"11/4/2019 14:00","week2","tank2_control_yes_11/4/2019 14:00",16.13959813,"tank2_control_yes_Black"
"11/4/2019","D4",30,"14:00","tank2","D4_C2","CNW","control","no","Black",223,0,"11/4/2019 14:00","week2","tank2_control_no_11/4/2019 14:00",15.6771775,"tank2_control_no_Black"
"11/4/2019","D4",30,"14:00","tank1","D4_C1","CW","control","yes","Black",232,2,"11/4/2019 14:00","week2","tank1_control_yes_11/4/2019 14:00",16.39591362,"tank1_control_yes_Black"
"11/4/2019","D4",30,"14:00","tank1","D4_C1","CNW","control","no","Black",224,-1,"11/4/2019 14:00","week2","tank1_control_no_11/4/2019 14:00",15.52771087,"tank1_control_no_Black"
"11/5/2019","D5",30,"14:00","tank4","D5_H1","HW","heating","yes","Black",225,1,"11/5/2019 14:00","week2","tank4_heating_yes_11/5/2019 14:00",22.73847123,"tank4_heating_yes_Black"
"11/5/2019","D5",30,"14:00","tank4","D5_H1","HNW","heating","no","Black",227,-1,"11/5/2019 14:00","week2","tank4_heating_no_11/5/2019 14:00",23.77373409,"tank4_heating_no_Black"
"11/5/2019","D5",30,"14:00","tank3","D5_H2","HW","heating","yes","Black",224,2,"11/5/2019 14:00","week2","tank3_heating_yes_11/5/2019 14:00",21.60071005,"tank3_heating_yes_Black"
"11/5/2019","D5",30,"14:00","tank3","D5_H2","HNW","heating","no","Black",220,-4,"11/5/2019 14:00","week2","tank3_heating_no_11/5/2019 14:00",26.99168851,"tank3_heating_no_Black"
"11/5/2019","D5",30,"14:00","tank2","D5_C2","CW","control","yes","Black",230,1,"11/5/2019 14:00","week2","tank2_control_yes_11/5/2019 14:00",16.27567194,"tank2_control_yes_Black"
"11/5/2019","D5",30,"14:00","tank2","D5_C2","CNW","control","no","Black",221,-4,"11/5/2019 14:00","week2","tank2_control_no_11/5/2019 14:00",15.56146689,"tank2_control_no_Black"
"11/5/2019","D5",30,"14:00","tank1","D5_C1","CW","control","yes","Black",230,1,"11/5/2019 14:00","week2","tank1_control_yes_11/5/2019 14:00",16.43437938,"tank1_control_yes_Black"
"11/5/2019","D5",30,"14:00","tank1","D5_C1","CNW","control","no","Black",225,-3,"11/5/2019 14:00","week2","tank1_control_no_11/5/2019 14:00",15.59489251,"tank1_control_no_Black"
"11/1/2019","D1",30,"14:00","tank4","D1_H1","HW","heating","yes","White",224,-2,"11/1/2019 14:00","week2","tank4_heating_yes_11/1/2019 14:00",23.21174539,"tank4_heating_yes_White"
"11/1/2019","D1",30,"14:00","tank4","D1_H1","HNW","heating","no","White",221,-1,"11/1/2019 14:00","week2","tank4_heating_no_11/1/2019 14:00",29.84196243,"tank4_heating_no_White"
"11/1/2019","D1",30,"14:00","tank3","D1_H2","HW","heating","yes","White",226,-4,"11/1/2019 14:00","week2","tank3_heating_yes_11/1/2019 14:00",20.98478082,"tank3_heating_yes_White"
"11/1/2019","D1",30,"14:00","tank3","D1_H2","HNW","heating","no","White",228,-3,"11/1/2019 14:00","week2","tank3_heating_no_11/1/2019 14:00",29.1625352,"tank3_heating_no_White"
"11/1/2019","D1",30,"14:00","tank2","D1_C2","CW","control","yes","White",224,1,"11/1/2019 14:00","week2","tank2_control_yes_11/1/2019 14:00",16.3534284,"tank2_control_yes_White"
"11/1/2019","D1",30,"14:00","tank2","D1_C2","CNW","control","no","White",226,-2,"11/1/2019 14:00","week2","tank2_control_no_11/1/2019 14:00",17.1042751,"tank2_control_no_White"
"11/1/2019","D1",30,"14:00","tank1","D1_C1","CW","control","yes","White",220,1,"11/1/2019 14:00","week2","tank1_control_yes_11/1/2019 14:00",16.44399582,"tank1_control_yes_White"
"11/1/2019","D1",30,"14:00","tank1","D1_C1","CNW","control","no","White",226,2,"11/1/2019 14:00","week2","tank1_control_no_11/1/2019 14:00",15.8636191,"tank1_control_no_White"
"11/2/2019","D2",30,"14:00","tank4","D2_H1","HW","heating","yes","White",227,0,"11/2/2019 14:00","week2","tank4_heating_yes_11/2/2019 14:00",23.51116373,"tank4_heating_yes_White"
"11/2/2019","D2",30,"14:00","tank4","D2_H1","HNW","heating","no","White",221,-3,"11/2/2019 14:00","week2","tank4_heating_no_11/2/2019 14:00",27.13430358,"tank4_heating_no_White"
"11/2/2019","D2",30,"14:00","tank3","D2_H2","HW","heating","yes","White",249,13,"11/2/2019 14:00","week2","tank3_heating_yes_11/2/2019 14:00",21.28312154,"tank3_heating_yes_White"
"11/2/2019","D2",30,"14:00","tank3","D2_H2","HNW","heating","no","White",226,-4,"11/2/2019 14:00","week2","tank3_heating_no_11/2/2019 14:00",24.73439217,"tank3_heating_no_White"
"11/2/2019","D2",30,"14:00","tank2","D2_C2","CW","control","yes","White",223,1,"11/2/2019 14:00","week2","tank2_control_yes_11/2/2019 14:00",16.24651326,"tank2_control_yes_White"
"11/2/2019","D2",30,"14:00","tank2","D2_C2","CNW","control","no","White",229,1,"11/2/2019 14:00","week2","tank2_control_no_11/2/2019 14:00",15.00219891,"tank2_control_no_White"
"11/2/2019","D2",30,"14:00","tank1","D2_C1","CW","control","yes","White",221,2,"11/2/2019 14:00","week2","tank1_control_yes_11/2/2019 14:00",16.42476294,"tank1_control_yes_White"
"11/2/2019","D2",30,"14:00","tank1","D2_C1","CNW","control","no","White",225,0,"11/2/2019 14:00","week2","tank1_control_no_11/2/2019 14:00",15.39334757,"tank1_control_no_White"
"11/3/2019","D3",30,"14:00","tank4","D3_H1","HW","heating","yes","White",228,4,"11/3/2019 14:00","week2","tank4_heating_yes_11/3/2019 14:00",22.78676451,"tank4_heating_yes_White"
"11/3/2019","D3",30,"14:00","tank4","D3_H1","HNW","heating","no","White",222,-2,"11/3/2019 14:00","week2","tank4_heating_no_11/3/2019 14:00",28.79538508,"tank4_heating_no_White"
"11/3/2019","D3",30,"14:00","tank3","D3_H2","HW","heating","yes","White",232,-3,"11/3/2019 14:00","week2","tank3_heating_yes_11/3/2019 14:00",22.45723664,"tank3_heating_yes_White"
"11/3/2019","D3",30,"14:00","tank3","D3_H2","HNW","heating","no","White",228,-1,"11/3/2019 14:00","week2","tank3_heating_no_11/3/2019 14:00",26.83800024,"tank3_heating_no_White"
"11/3/2019","D3",30,"14:00","tank2","D3_C2","CW","control","yes","White",223,0,"11/3/2019 14:00","week2","tank2_control_yes_11/3/2019 14:00",16.23679371,"tank2_control_yes_White"
"11/3/2019","D3",30,"14:00","tank2","D3_C2","CNW","control","no","White",231,1,"11/3/2019 14:00","week2","tank2_control_no_11/3/2019 14:00",17.56711756,"tank2_control_no_White"
"11/3/2019","D3",30,"14:00","tank1","D3_C1","CW","control","yes","White",220,2,"11/3/2019 14:00","week2","tank1_control_yes_11/3/2019 14:00",16.38629718,"tank1_control_yes_White"
"11/3/2019","D3",30,"14:00","tank1","D3_C1","CNW","control","no","White",225,0,"11/3/2019 14:00","week2","tank1_control_no_11/3/2019 14:00",15.90200862,"tank1_control_no_White"
"11/4/2019","D4",30,"14:00","tank4","D4_H1","HW","heating","yes","White",227,1,"11/4/2019 14:00","week2","tank4_heating_yes_11/4/2019 14:00",23.24072135,"tank4_heating_yes_White"
"11/4/2019","D4",30,"14:00","tank4","D4_H1","HNW","heating","no","White",222,0,"11/4/2019 14:00","week2","tank4_heating_no_11/4/2019 14:00",25.36760419,"tank4_heating_no_White"
"11/4/2019","D4",30,"14:00","tank3","D4_H2","HW","heating","yes","White",228,-7,"11/4/2019 14:00","week2","tank3_heating_yes_11/4/2019 14:00",21.15801091,"tank3_heating_yes_White"
"11/4/2019","D4",30,"14:00","tank3","D4_H2","HNW","heating","no","White",230,1,"11/4/2019 14:00","week2","tank3_heating_no_11/4/2019 14:00",26.78997266,"tank3_heating_no_White"
"11/4/2019","D4",30,"14:00","tank2","D4_C2","CW","control","yes","White",224,0,"11/4/2019 14:00","week2","tank2_control_yes_11/4/2019 14:00",16.13959813,"tank2_control_yes_White"
"11/4/2019","D4",30,"14:00","tank2","D4_C2","CNW","control","no","White",227,0,"11/4/2019 14:00","week2","tank2_control_no_11/4/2019 14:00",15.6771775,"tank2_control_no_White"
"11/4/2019","D4",30,"14:00","tank1","D4_C1","CW","control","yes","White",223,4,"11/4/2019 14:00","week2","tank1_control_yes_11/4/2019 14:00",16.39591362,"tank1_control_yes_White"
"11/4/2019","D4",30,"14:00","tank1","D4_C1","CNW","control","no","White",227,1,"11/4/2019 14:00","week2","tank1_control_no_11/4/2019 14:00",15.52771087,"tank1_control_no_White"
"11/5/2019","D5",30,"14:00","tank4","D5_H1","HW","heating","yes","White",227,0,"11/5/2019 14:00","week2","tank4_heating_yes_11/5/2019 14:00",22.73847123,"tank4_heating_yes_White"
"11/5/2019","D5",30,"14:00","tank4","D5_H1","HNW","heating","no","White",223,-1,"11/5/2019 14:00","week2","tank4_heating_no_11/5/2019 14:00",23.77373409,"tank4_heating_no_White"
"11/5/2019","D5",30,"14:00","tank3","D5_H2","HW","heating","yes","White",228,3,"11/5/2019 14:00","week2","tank3_heating_yes_11/5/2019 14:00",21.60071005,"tank3_heating_yes_White"
"11/5/2019","D5",30,"14:00","tank3","D5_H2","HNW","heating","no","White",232,-1,"11/5/2019 14:00","week2","tank3_heating_no_11/5/2019 14:00",26.99168851,"tank3_heating_no_White"
"11/5/2019","D5",30,"14:00","tank2","D5_C2","CW","control","yes","White",223,-1,"11/5/2019 14:00","week2","tank2_control_yes_11/5/2019 14:00",16.27567194,"tank2_control_yes_White"
"11/5/2019","D5",30,"14:00","tank2","D5_C2","CNW","control","no","White",230,-1,"11/5/2019 14:00","week2","tank2_control_no_11/5/2019 14:00",15.56146689,"tank2_control_no_White"
"11/5/2019","D5",30,"14:00","tank1","D5_C1","CW","control","yes","White",225,0,"11/5/2019 14:00","week2","tank1_control_yes_11/5/2019 14:00",16.43437938,"tank1_control_yes_White"
"11/5/2019","D5",30,"14:00","tank1","D5_C1","CNW","control","no","White",229,-2,"11/5/2019 14:00","week2","tank1_control_no_11/5/2019 14:00",15.59489251,"tank1_control_no_White"
"11/1/2019","D1",30,"15:30","tank4","D1_H1","HW","heating","yes","Red",228,2,"11/1/2019 15:30","week2","tank4_heating_yes_11/1/2019 15:30",23.39525986,"tank4_heating_yes_Red"
"11/1/2019","D1",30,"15:30","tank4","D1_H1","HNW","heating","no","Red",226,-1,"11/1/2019 15:30","week2","tank4_heating_no_11/1/2019 15:30",24.18660405,"tank4_heating_no_Red"
"11/1/2019","D1",30,"15:30","tank3","D1_H2","HW","heating","yes","Red",226,2,"11/1/2019 15:30","week2","tank3_heating_yes_11/1/2019 15:30",22.47648443,"tank3_heating_yes_Red"
"11/1/2019","D1",30,"15:30","tank3","D1_H2","HNW","heating","no","Red",229,-1,"11/1/2019 15:30","week2","tank3_heating_no_11/1/2019 15:30",28.23080011,"tank3_heating_no_Red"
"11/1/2019","D1",30,"15:30","tank2","D1_C2","CW","control","yes","Red",225,0,"11/1/2019 15:30","week2","tank2_control_yes_11/1/2019 15:30",16.31455017,"tank2_control_yes_Red"
"11/1/2019","D1",30,"15:30","tank2","D1_C2","CNW","control","no","Red",225,0,"11/1/2019 15:30","week2","tank2_control_no_11/1/2019 15:30",15.60967964,"tank2_control_no_Red"
"11/1/2019","D1",30,"15:30","tank1","D1_C1","CW","control","yes","Red",228,0,"11/1/2019 15:30","week2","tank1_control_yes_11/1/2019 15:30",16.32859854,"tank1_control_yes_Red"
"11/1/2019","D1",30,"15:30","tank1","D1_C1","CNW","control","no","Red",225,1,"11/1/2019 15:30","week2","tank1_control_no_11/1/2019 15:30",15.51811349,"tank1_control_no_Red"
"11/2/2019","D2",30,"15:30","tank4","D2_H1","HW","heating","yes","Red",227,-1,"11/2/2019 15:30","week2","tank4_heating_yes_11/2/2019 15:30",23.49184642,"tank4_heating_yes_Red"
"11/2/2019","D2",30,"15:30","tank4","D2_H1","HNW","heating","no","Red",227,0,"11/2/2019 15:30","week2","tank4_heating_no_11/2/2019 15:30",23.78333571,"tank4_heating_no_Red"
"11/2/2019","D2",30,"15:30","tank3","D2_H2","HW","heating","yes","Red",228,6,"11/2/2019 15:30","week2","tank3_heating_yes_11/2/2019 15:30",22.33212602,"tank3_heating_yes_Red"
"11/2/2019","D2",30,"15:30","tank3","D2_H2","HNW","heating","no","Red",227,-2,"11/2/2019 15:30","week2","tank3_heating_no_11/2/2019 15:30",26.6362844,"tank3_heating_no_Red"
"11/2/2019","D2",30,"15:30","tank2","D2_C2","CW","control","yes","Red",226,1,"11/2/2019 15:30","week2","tank2_control_yes_11/2/2019 15:30",16.22707415,"tank2_control_yes_Red"
"11/2/2019","D2",30,"15:30","tank2","D2_C2","CNW","control","no","Red",225,0,"11/2/2019 15:30","week2","tank2_control_no_11/2/2019 15:30",15.46504137,"tank2_control_no_Red"
"11/2/2019","D2",30,"15:30","tank1","D2_C1","CW","control","yes","Red",231,3,"11/2/2019 15:30","week2","tank1_control_yes_11/2/2019 15:30",16.37668074,"tank1_control_yes_Red"
"11/2/2019","D2",30,"15:30","tank1","D2_C1","CNW","control","no","Red",225,1,"11/2/2019 15:30","week2","tank1_control_no_11/2/2019 15:30",15.63328203,"tank1_control_no_Red"
"11/3/2019","D3",30,"15:30","tank4","D3_H1","HW","heating","yes","Red",227,0,"11/3/2019 15:30","week2","tank4_heating_yes_11/3/2019 15:30",23.34696657,"tank4_heating_yes_Red"
"11/3/2019","D3",30,"15:30","tank4","D3_H1","HNW","heating","no","Red",226,-1,"11/3/2019 15:30","week2","tank4_heating_no_11/3/2019 15:30",29.35227945,"tank4_heating_no_Red"
"11/3/2019","D3",30,"15:30","tank3","D3_H2","HW","heating","yes","Red",225,1,"11/3/2019 15:30","week2","tank3_heating_yes_11/3/2019 15:30",23.30413934,"tank3_heating_yes_Red"
"11/3/2019","D3",30,"15:30","tank3","D3_H2","HNW","heating","no","Red",228,-2,"11/3/2019 15:30","week2","tank3_heating_no_11/3/2019 15:30",25.09940179,"tank3_heating_no_Red"
"11/3/2019","D3",30,"15:30","tank2","D3_C2","CW","control","yes","Red",225,-1,"11/3/2019 15:30","week2","tank2_control_yes_11/3/2019 15:30",16.31455017,"tank2_control_yes_Red"
"11/3/2019","D3",30,"15:30","tank2","D3_C2","CNW","control","no","Red",224,-1,"11/3/2019 15:30","week2","tank2_control_no_11/3/2019 15:30",17.88532175,"tank2_control_no_Red"
"11/3/2019","D3",30,"15:30","tank1","D3_C1","CW","control","yes","Red",231,1,"11/3/2019 15:30","week2","tank1_control_yes_11/3/2019 15:30",16.38629718,"tank1_control_yes_Red"
"11/3/2019","D3",30,"15:30","tank1","D3_C1","CNW","control","no","Red",224,-2,"11/3/2019 15:30","week2","tank1_control_no_11/3/2019 15:30",15.92120337,"tank1_control_no_Red"
"11/4/2019","D4",30,"15:30","tank4","D4_H1","HW","heating","yes","Red",225,0,"11/4/2019 15:30","week2","tank4_heating_yes_11/4/2019 15:30",23.12481748,"tank4_heating_yes_Red"
"11/4/2019","D4",30,"15:30","tank4","D4_H1","HNW","heating","no","Red",227,-1,"11/4/2019 15:30","week2","tank4_heating_no_11/4/2019 15:30",24.72429517,"tank4_heating_no_Red"
"11/4/2019","D4",30,"15:30","tank3","D4_H2","HW","heating","yes","Red",233,9,"11/4/2019 15:30","week2","tank3_heating_yes_11/4/2019 15:30",22.49573222,"tank3_heating_yes_Red"
"11/4/2019","D4",30,"15:30","tank3","D4_H2","HNW","heating","no","Red",228,-4,"11/4/2019 15:30","week2","tank3_heating_no_11/4/2019 15:30",27.76012981,"tank3_heating_no_Red"
"11/4/2019","D4",30,"15:30","tank2","D4_C2","CW","control","yes","Red",224,-1,"11/4/2019 15:30","week2","tank2_control_yes_11/4/2019 15:30",16.18819592,"tank2_control_yes_Red"
"11/4/2019","D4",30,"15:30","tank2","D4_C2","CNW","control","no","Red",225,0,"11/4/2019 15:30","week2","tank2_control_no_11/4/2019 15:30",15.2818329,"tank2_control_no_Red"
"11/4/2019","D4",30,"15:30","tank1","D4_C1","CW","control","yes","Red",231,1,"11/4/2019 15:30","week2","tank1_control_yes_11/4/2019 15:30",16.37668074,"tank1_control_yes_Red"
"11/4/2019","D4",30,"15:30","tank1","D4_C1","CNW","control","no","Red",224,0,"11/4/2019 15:30","week2","tank1_control_no_11/4/2019 15:30",15.53730824,"tank1_control_no_Red"
"11/5/2019","D5",30,"15:30","tank4","D5_H1","HW","heating","yes","Red",227,-1,"11/5/2019 15:30","week2","tank4_heating_yes_11/5/2019 15:30",23.75263014,"tank4_heating_yes_Red"
"11/5/2019","D5",30,"15:30","tank4","D5_H1","HNW","heating","no","Red",234,7,"11/5/2019 15:30","week2","tank4_heating_no_11/5/2019 15:30",23.27444947,"tank4_heating_no_Red"
"11/5/2019","D5",30,"15:30","tank3","D5_H2","HW","heating","yes","Red",227,1,"11/5/2019 15:30","week2","tank3_heating_yes_11/5/2019 15:30",22.35137381,"tank3_heating_yes_Red"
"11/5/2019","D5",30,"15:30","tank3","D5_H2","HNW","heating","no","Red",229,-2,"11/5/2019 15:30","week2","tank3_heating_no_11/5/2019 15:30",27.43354226,"tank3_heating_no_Red"
"11/5/2019","D5",30,"15:30","tank2","D5_C2","CW","control","yes","Red",225,0,"11/5/2019 15:30","week2","tank2_control_yes_11/5/2019 15:30",16.20763503,"tank2_control_yes_Red"
"11/5/2019","D5",30,"15:30","tank2","D5_C2","CNW","control","no","Red",225,-1,"11/5/2019 15:30","week2","tank2_control_no_11/5/2019 15:30",15.40718607,"tank2_control_no_Red"
"11/5/2019","D5",30,"15:30","tank1","D5_C1","CW","control","yes","Red",229,2,"11/5/2019 15:30","week2","tank1_control_yes_11/5/2019 15:30",16.35744786,"tank1_control_yes_Red"
"11/5/2019","D5",30,"15:30","tank1","D5_C1","CNW","control","no","Red",224,0,"11/5/2019 15:30","week2","tank1_control_no_11/5/2019 15:30",15.59489251,"tank1_control_no_Red"
"11/1/2019","D1",30,"15:30","tank4","D1_H1","HW","heating","yes","Yellow",226,2,"11/1/2019 15:30","week2","tank4_heating_yes_11/1/2019 15:30",23.39525986,"tank4_heating_yes_Yellow"
"11/1/2019","D1",30,"15:30","tank4","D1_H1","HNW","heating","no","Yellow",229,-2,"11/1/2019 15:30","week2","tank4_heating_no_11/1/2019 15:30",24.18660405,"tank4_heating_no_Yellow"
"11/1/2019","D1",30,"15:30","tank3","D1_H2","HW","heating","yes","Yellow",225,-1,"11/1/2019 15:30","week2","tank3_heating_yes_11/1/2019 15:30",22.47648443,"tank3_heating_yes_Yellow"
"11/1/2019","D1",30,"15:30","tank3","D1_H2","HNW","heating","no","Yellow",223,0,"11/1/2019 15:30","week2","tank3_heating_no_11/1/2019 15:30",28.23080011,"tank3_heating_no_Yellow"
"11/1/2019","D1",30,"15:30","tank2","D1_C2","CW","control","yes","Yellow",228,0,"11/1/2019 15:30","week2","tank2_control_yes_11/1/2019 15:30",16.31455017,"tank2_control_yes_Yellow"
"11/1/2019","D1",30,"15:30","tank2","D1_C2","CNW","control","no","Yellow",226,6,"11/1/2019 15:30","week2","tank2_control_no_11/1/2019 15:30",15.60967964,"tank2_control_no_Yellow"
"11/1/2019","D1",30,"15:30","tank1","D1_C1","CW","control","yes","Yellow",225,-2,"11/1/2019 15:30","week2","tank1_control_yes_11/1/2019 15:30",16.32859854,"tank1_control_yes_Yellow"
"11/1/2019","D1",30,"15:30","tank1","D1_C1","CNW","control","no","Yellow",223,-2,"11/1/2019 15:30","week2","tank1_control_no_11/1/2019 15:30",15.51811349,"tank1_control_no_Yellow"
"11/2/2019","D2",30,"15:30","tank4","D2_H1","HW","heating","yes","Yellow",226,1,"11/2/2019 15:30","week2","tank4_heating_yes_11/2/2019 15:30",23.49184642,"tank4_heating_yes_Yellow"
"11/2/2019","D2",30,"15:30","tank4","D2_H1","HNW","heating","no","Yellow",230,-2,"11/2/2019 15:30","week2","tank4_heating_no_11/2/2019 15:30",23.78333571,"tank4_heating_no_Yellow"
"11/2/2019","D2",30,"15:30","tank3","D2_H2","HW","heating","yes","Yellow",224,-1,"11/2/2019 15:30","week2","tank3_heating_yes_11/2/2019 15:30",22.33212602,"tank3_heating_yes_Yellow"
"11/2/2019","D2",30,"15:30","tank3","D2_H2","HNW","heating","no","Yellow",224,0,"11/2/2019 15:30","week2","tank3_heating_no_11/2/2019 15:30",26.6362844,"tank3_heating_no_Yellow"
"11/2/2019","D2",30,"15:30","tank2","D2_C2","CW","control","yes","Yellow",230,3,"11/2/2019 15:30","week2","tank2_control_yes_11/2/2019 15:30",16.22707415,"tank2_control_yes_Yellow"
"11/2/2019","D2",30,"15:30","tank2","D2_C2","CNW","control","no","Yellow",222,1,"11/2/2019 15:30","week2","tank2_control_no_11/2/2019 15:30",15.46504137,"tank2_control_no_Yellow"
"11/2/2019","D2",30,"15:30","tank1","D2_C1","CW","control","yes","Yellow",225,-1,"11/2/2019 15:30","week2","tank1_control_yes_11/2/2019 15:30",16.37668074,"tank1_control_yes_Yellow"
"11/2/2019","D2",30,"15:30","tank1","D2_C1","CNW","control","no","Yellow",225,2,"11/2/2019 15:30","week2","tank1_control_no_11/2/2019 15:30",15.63328203,"tank1_control_no_Yellow"
"11/3/2019","D3",30,"15:30","tank4","D3_H1","HW","heating","yes","Yellow",226,2,"11/3/2019 15:30","week2","tank4_heating_yes_11/3/2019 15:30",23.34696657,"tank4_heating_yes_Yellow"
"11/3/2019","D3",30,"15:30","tank4","D3_H1","HNW","heating","no","Yellow",230,-1,"11/3/2019 15:30","week2","tank4_heating_no_11/3/2019 15:30",29.35227945,"tank4_heating_no_Yellow"
"11/3/2019","D3",30,"15:30","tank3","D3_H2","HW","heating","yes","Yellow",232,4,"11/3/2019 15:30","week2","tank3_heating_yes_11/3/2019 15:30",23.30413934,"tank3_heating_yes_Yellow"
"11/3/2019","D3",30,"15:30","tank3","D3_H2","HNW","heating","no","Yellow",224,0,"11/3/2019 15:30","week2","tank3_heating_no_11/3/2019 15:30",25.09940179,"tank3_heating_no_Yellow"
"11/3/2019","D3",30,"15:30","tank2","D3_C2","CW","control","yes","Yellow",228,0,"11/3/2019 15:30","week2","tank2_control_yes_11/3/2019 15:30",16.31455017,"tank2_control_yes_Yellow"
"11/3/2019","D3",30,"15:30","tank2","D3_C2","CNW","control","no","Yellow",220,-2,"11/3/2019 15:30","week2","tank2_control_no_11/3/2019 15:30",17.88532175,"tank2_control_no_Yellow"
"11/3/2019","D3",30,"15:30","tank1","D3_C1","CW","control","yes","Yellow",224,0,"11/3/2019 15:30","week2","tank1_control_yes_11/3/2019 15:30",16.38629718,"tank1_control_yes_Yellow"
"11/3/2019","D3",30,"15:30","tank1","D3_C1","CNW","control","no","Yellow",230,1,"11/3/2019 15:30","week2","tank1_control_no_11/3/2019 15:30",15.92120337,"tank1_control_no_Yellow"
"11/4/2019","D4",30,"15:30","tank4","D4_H1","HW","heating","yes","Yellow",227,2,"11/4/2019 15:30","week2","tank4_heating_yes_11/4/2019 15:30",23.12481748,"tank4_heating_yes_Yellow"
"11/4/2019","D4",30,"15:30","tank4","D4_H1","HNW","heating","no","Yellow",230,-3,"11/4/2019 15:30","week2","tank4_heating_no_11/4/2019 15:30",24.72429517,"tank4_heating_no_Yellow"
"11/4/2019","D4",30,"15:30","tank3","D4_H2","HW","heating","yes","Yellow",225,-5,"11/4/2019 15:30","week2","tank3_heating_yes_11/4/2019 15:30",22.49573222,"tank3_heating_yes_Yellow"
"11/4/2019","D4",30,"15:30","tank3","D4_H2","HNW","heating","no","Yellow",225,1,"11/4/2019 15:30","week2","tank3_heating_no_11/4/2019 15:30",27.76012981,"tank3_heating_no_Yellow"
"11/4/2019","D4",30,"15:30","tank2","D4_C2","CW","control","yes","Yellow",230,2,"11/4/2019 15:30","week2","tank2_control_yes_11/4/2019 15:30",16.18819592,"tank2_control_yes_Yellow"
"11/4/2019","D4",30,"15:30","tank2","D4_C2","CNW","control","no","Yellow",222,0,"11/4/2019 15:30","week2","tank2_control_no_11/4/2019 15:30",15.2818329,"tank2_control_no_Yellow"
"11/4/2019","D4",30,"15:30","tank1","D4_C1","CW","control","yes","Yellow",226,1,"11/4/2019 15:30","week2","tank1_control_yes_11/4/2019 15:30",16.37668074,"tank1_control_yes_Yellow"
"11/4/2019","D4",30,"15:30","tank1","D4_C1","CNW","control","no","Yellow",223,0,"11/4/2019 15:30","week2","tank1_control_no_11/4/2019 15:30",15.53730824,"tank1_control_no_Yellow"
"11/5/2019","D5",30,"15:30","tank4","D5_H1","HW","heating","yes","Yellow",226,2,"11/5/2019 15:30","week2","tank4_heating_yes_11/5/2019 15:30",23.75263014,"tank4_heating_yes_Yellow"
"11/5/2019","D5",30,"15:30","tank4","D5_H1","HNW","heating","no","Yellow",233,-3,"11/5/2019 15:30","week2","tank4_heating_no_11/5/2019 15:30",23.27444947,"tank4_heating_no_Yellow"
"11/5/2019","D5",30,"15:30","tank3","D5_H2","HW","heating","yes","Yellow",231,5,"11/5/2019 15:30","week2","tank3_heating_yes_11/5/2019 15:30",22.35137381,"tank3_heating_yes_Yellow"
"11/5/2019","D5",30,"15:30","tank3","D5_H2","HNW","heating","no","Yellow",224,-1,"11/5/2019 15:30","week2","tank3_heating_no_11/5/2019 15:30",27.43354226,"tank3_heating_no_Yellow"
"11/5/2019","D5",30,"15:30","tank2","D5_C2","CW","control","yes","Yellow",230,0,"11/5/2019 15:30","week2","tank2_control_yes_11/5/2019 15:30",16.20763503,"tank2_control_yes_Yellow"
"11/5/2019","D5",30,"15:30","tank2","D5_C2","CNW","control","no","Yellow",222,-1,"11/5/2019 15:30","week2","tank2_control_no_11/5/2019 15:30",15.40718607,"tank2_control_no_Yellow"
"11/5/2019","D5",30,"15:30","tank1","D5_C1","CW","control","yes","Yellow",227,-1,"11/5/2019 15:30","week2","tank1_control_yes_11/5/2019 15:30",16.35744786,"tank1_control_yes_Yellow"
"11/5/2019","D5",30,"15:30","tank1","D5_C1","CNW","control","no","Yellow",226,-2,"11/5/2019 15:30","week2","tank1_control_no_11/5/2019 15:30",15.59489251,"tank1_control_no_Yellow"
"11/1/2019","D1",30,"15:30","tank4","D1_H1","HW","heating","yes","Black",224,0,"11/1/2019 15:30","week2","tank4_heating_yes_11/1/2019 15:30",23.39525986,"tank4_heating_yes_Black"
"11/1/2019","D1",30,"15:30","tank4","D1_H1","HNW","heating","no","Black",224,-2,"11/1/2019 15:30","week2","tank4_heating_no_11/1/2019 15:30",24.18660405,"tank4_heating_no_Black"
"11/1/2019","D1",30,"15:30","tank3","D1_H2","HW","heating","yes","Black",221,-2,"11/1/2019 15:30","week2","tank3_heating_yes_11/1/2019 15:30",22.47648443,"tank3_heating_yes_Black"
"11/1/2019","D1",30,"15:30","tank3","D1_H2","HNW","heating","no","Black",221,8,"11/1/2019 15:30","week2","tank3_heating_no_11/1/2019 15:30",28.23080011,"tank3_heating_no_Black"
"11/1/2019","D1",30,"15:30","tank2","D1_C2","CW","control","yes","Black",230,9,"11/1/2019 15:30","week2","tank2_control_yes_11/1/2019 15:30",16.31455017,"tank2_control_yes_Black"
"11/1/2019","D1",30,"15:30","tank2","D1_C2","CNW","control","no","Black",222,-1,"11/1/2019 15:30","week2","tank2_control_no_11/1/2019 15:30",15.60967964,"tank2_control_no_Black"
"11/1/2019","D1",30,"15:30","tank1","D1_C1","CW","control","yes","Black",230,1,"11/1/2019 15:30","week2","tank1_control_yes_11/1/2019 15:30",16.32859854,"tank1_control_yes_Black"
"11/1/2019","D1",30,"15:30","tank1","D1_C1","CNW","control","no","Black",222,-8,"11/1/2019 15:30","week2","tank1_control_no_11/1/2019 15:30",15.51811349,"tank1_control_no_Black"
"11/2/2019","D2",30,"15:30","tank4","D2_H1","HW","heating","yes","Black",227,2,"11/2/2019 15:30","week2","tank4_heating_yes_11/2/2019 15:30",23.49184642,"tank4_heating_yes_Black"
"11/2/2019","D2",30,"15:30","tank4","D2_H1","HNW","heating","no","Black",225,0,"11/2/2019 15:30","week2","tank4_heating_no_11/2/2019 15:30",23.78333571,"tank4_heating_no_Black"
"11/2/2019","D2",30,"15:30","tank3","D2_H2","HW","heating","yes","Black",222,1,"11/2/2019 15:30","week2","tank3_heating_yes_11/2/2019 15:30",22.33212602,"tank3_heating_yes_Black"
"11/2/2019","D2",30,"15:30","tank3","D2_H2","HNW","heating","no","Black",222,0,"11/2/2019 15:30","week2","tank3_heating_no_11/2/2019 15:30",26.6362844,"tank3_heating_no_Black"
"11/2/2019","D2",30,"15:30","tank2","D2_C2","CW","control","yes","Black",228,3,"11/2/2019 15:30","week2","tank2_control_yes_11/2/2019 15:30",16.22707415,"tank2_control_yes_Black"
"11/2/2019","D2",30,"15:30","tank2","D2_C2","CNW","control","no","Black",223,-1,"11/2/2019 15:30","week2","tank2_control_no_11/2/2019 15:30",15.46504137,"tank2_control_no_Black"
"11/2/2019","D2",30,"15:30","tank1","D2_C1","CW","control","yes","Black",230,3,"11/2/2019 15:30","week2","tank1_control_yes_11/2/2019 15:30",16.37668074,"tank1_control_yes_Black"
"11/2/2019","D2",30,"15:30","tank1","D2_C1","CNW","control","no","Black",225,0,"11/2/2019 15:30","week2","tank1_control_no_11/2/2019 15:30",15.63328203,"tank1_control_no_Black"
"11/3/2019","D3",30,"15:30","tank4","D3_H1","HW","heating","yes","Black",225,2,"11/3/2019 15:30","week2","tank4_heating_yes_11/3/2019 15:30",23.34696657,"tank4_heating_yes_Black"
"11/3/2019","D3",30,"15:30","tank4","D3_H1","HNW","heating","no","Black",225,0,"11/3/2019 15:30","week2","tank4_heating_no_11/3/2019 15:30",29.35227945,"tank4_heating_no_Black"
"11/3/2019","D3",30,"15:30","tank3","D3_H2","HW","heating","yes","Black",221,0,"11/3/2019 15:30","week2","tank3_heating_yes_11/3/2019 15:30",23.30413934,"tank3_heating_yes_Black"
"11/3/2019","D3",30,"15:30","tank3","D3_H2","HNW","heating","no","Black",220,-4,"11/3/2019 15:30","week2","tank3_heating_no_11/3/2019 15:30",25.09940179,"tank3_heating_no_Black"
"11/3/2019","D3",30,"15:30","tank2","D3_C2","CW","control","yes","Black",226,0,"11/3/2019 15:30","week2","tank2_control_yes_11/3/2019 15:30",16.31455017,"tank2_control_yes_Black"
"11/3/2019","D3",30,"15:30","tank2","D3_C2","CNW","control","no","Black",224,0,"11/3/2019 15:30","week2","tank2_control_no_11/3/2019 15:30",17.88532175,"tank2_control_no_Black"
"11/3/2019","D3",30,"15:30","tank1","D3_C1","CW","control","yes","Black",228,0,"11/3/2019 15:30","week2","tank1_control_yes_11/3/2019 15:30",16.38629718,"tank1_control_yes_Black"
"11/3/2019","D3",30,"15:30","tank1","D3_C1","CNW","control","no","Black",224,-1,"11/3/2019 15:30","week2","tank1_control_no_11/3/2019 15:30",15.92120337,"tank1_control_no_Black"
"11/4/2019","D4",30,"15:30","tank4","D4_H1","HW","heating","yes","Black",225,1,"11/4/2019 15:30","week2","tank4_heating_yes_11/4/2019 15:30",23.12481748,"tank4_heating_yes_Black"
"11/4/2019","D4",30,"15:30","tank4","D4_H1","HNW","heating","no","Black",225,-2,"11/4/2019 15:30","week2","tank4_heating_no_11/4/2019 15:30",24.72429517,"tank4_heating_no_Black"
"11/4/2019","D4",30,"15:30","tank3","D4_H2","HW","heating","yes","Black",222,1,"11/4/2019 15:30","week2","tank3_heating_yes_11/4/2019 15:30",22.49573222,"tank3_heating_yes_Black"
"11/4/2019","D4",30,"15:30","tank3","D4_H2","HNW","heating","no","Black",220,1,"11/4/2019 15:30","week2","tank3_heating_no_11/4/2019 15:30",27.76012981,"tank3_heating_no_Black"
"11/4/2019","D4",30,"15:30","tank2","D4_C2","CW","control","yes","Black",224,0,"11/4/2019 15:30","week2","tank2_control_yes_11/4/2019 15:30",16.18819592,"tank2_control_yes_Black"
"11/4/2019","D4",30,"15:30","tank2","D4_C2","CNW","control","no","Black",224,1,"11/4/2019 15:30","week2","tank2_control_no_11/4/2019 15:30",15.2818329,"tank2_control_no_Black"
"11/4/2019","D4",30,"15:30","tank1","D4_C1","CW","control","yes","Black",232,2,"11/4/2019 15:30","week2","tank1_control_yes_11/4/2019 15:30",16.37668074,"tank1_control_yes_Black"
"11/4/2019","D4",30,"15:30","tank1","D4_C1","CNW","control","no","Black",224,-1,"11/4/2019 15:30","week2","tank1_control_no_11/4/2019 15:30",15.53730824,"tank1_control_no_Black"
"11/5/2019","D5",30,"15:30","tank4","D5_H1","HW","heating","yes","Black",225,1,"11/5/2019 15:30","week2","tank4_heating_yes_11/5/2019 15:30",23.75263014,"tank4_heating_yes_Black"
"11/5/2019","D5",30,"15:30","tank4","D5_H1","HNW","heating","no","Black",226,-2,"11/5/2019 15:30","week2","tank4_heating_no_11/5/2019 15:30",23.27444947,"tank4_heating_no_Black"
"11/5/2019","D5",30,"15:30","tank3","D5_H2","HW","heating","yes","Black",223,1,"11/5/2019 15:30","week2","tank3_heating_yes_11/5/2019 15:30",22.35137381,"tank3_heating_yes_Black"
"11/5/2019","D5",30,"15:30","tank3","D5_H2","HNW","heating","no","Black",220,-4,"11/5/2019 15:30","week2","tank3_heating_no_11/5/2019 15:30",27.43354226,"tank3_heating_no_Black"
"11/5/2019","D5",30,"15:30","tank2","D5_C2","CW","control","yes","Black",229,0,"11/5/2019 15:30","week2","tank2_control_yes_11/5/2019 15:30",16.20763503,"tank2_control_yes_Black"
"11/5/2019","D5",30,"15:30","tank2","D5_C2","CNW","control","no","Black",221,-4,"11/5/2019 15:30","week2","tank2_control_no_11/5/2019 15:30",15.40718607,"tank2_control_no_Black"
"11/5/2019","D5",30,"15:30","tank1","D5_C1","CW","control","yes","Black",231,2,"11/5/2019 15:30","week2","tank1_control_yes_11/5/2019 15:30",16.35744786,"tank1_control_yes_Black"
"11/5/2019","D5",30,"15:30","tank1","D5_C1","CNW","control","no","Black",224,-4,"11/5/2019 15:30","week2","tank1_control_no_11/5/2019 15:30",15.59489251,"tank1_control_no_Black"
"11/1/2019","D1",30,"15:30","tank4","D1_H1","HW","heating","yes","White",226,0,"11/1/2019 15:30","week2","tank4_heating_yes_11/1/2019 15:30",23.39525986,"tank4_heating_yes_White"
"11/1/2019","D1",30,"15:30","tank4","D1_H1","HNW","heating","no","White",220,-2,"11/1/2019 15:30","week2","tank4_heating_no_11/1/2019 15:30",24.18660405,"tank4_heating_no_White"
"11/1/2019","D1",30,"15:30","tank3","D1_H2","HW","heating","yes","White",226,-4,"11/1/2019 15:30","week2","tank3_heating_yes_11/1/2019 15:30",22.47648443,"tank3_heating_yes_White"
"11/1/2019","D1",30,"15:30","tank3","D1_H2","HNW","heating","no","White",229,-2,"11/1/2019 15:30","week2","tank3_heating_no_11/1/2019 15:30",28.23080011,"tank3_heating_no_White"
"11/1/2019","D1",30,"15:30","tank2","D1_C2","CW","control","yes","White",224,1,"11/1/2019 15:30","week2","tank2_control_yes_11/1/2019 15:30",16.31455017,"tank2_control_yes_White"
"11/1/2019","D1",30,"15:30","tank2","D1_C2","CNW","control","no","White",228,0,"11/1/2019 15:30","week2","tank2_control_no_11/1/2019 15:30",15.60967964,"tank2_control_no_White"
"11/1/2019","D1",30,"15:30","tank1","D1_C1","CW","control","yes","White",220,1,"11/1/2019 15:30","week2","tank1_control_yes_11/1/2019 15:30",16.32859854,"tank1_control_yes_White"
"11/1/2019","D1",30,"15:30","tank1","D1_C1","CNW","control","no","White",226,2,"11/1/2019 15:30","week2","tank1_control_no_11/1/2019 15:30",15.51811349,"tank1_control_no_White"
"11/2/2019","D2",30,"15:30","tank4","D2_H1","HW","heating","yes","White",229,2,"11/2/2019 15:30","week2","tank4_heating_yes_11/2/2019 15:30",23.49184642,"tank4_heating_yes_White"
"11/2/2019","D2",30,"15:30","tank4","D2_H1","HNW","heating","no","White",222,-2,"11/2/2019 15:30","week2","tank4_heating_no_11/2/2019 15:30",23.78333571,"tank4_heating_no_White"
"11/2/2019","D2",30,"15:30","tank3","D2_H2","HW","heating","yes","White",251,15,"11/2/2019 15:30","week2","tank3_heating_yes_11/2/2019 15:30",22.33212602,"tank3_heating_yes_White"
"11/2/2019","D2",30,"15:30","tank3","D2_H2","HNW","heating","no","White",226,-4,"11/2/2019 15:30","week2","tank3_heating_no_11/2/2019 15:30",26.6362844,"tank3_heating_no_White"
"11/2/2019","D2",30,"15:30","tank2","D2_C2","CW","control","yes","White",224,2,"11/2/2019 15:30","week2","tank2_control_yes_11/2/2019 15:30",16.22707415,"tank2_control_yes_White"
"11/2/2019","D2",30,"15:30","tank2","D2_C2","CNW","control","no","White",229,1,"11/2/2019 15:30","week2","tank2_control_no_11/2/2019 15:30",15.46504137,"tank2_control_no_White"
"11/2/2019","D2",30,"15:30","tank1","D2_C1","CW","control","yes","White",221,2,"11/2/2019 15:30","week2","tank1_control_yes_11/2/2019 15:30",16.37668074,"tank1_control_yes_White"
"11/2/2019","D2",30,"15:30","tank1","D2_C1","CNW","control","no","White",226,1,"11/2/2019 15:30","week2","tank1_control_no_11/2/2019 15:30",15.63328203,"tank1_control_no_White"
"11/3/2019","D3",30,"15:30","tank4","D3_H1","HW","heating","yes","White",227,3,"11/3/2019 15:30","week2","tank4_heating_yes_11/3/2019 15:30",23.34696657,"tank4_heating_yes_White"
"11/3/2019","D3",30,"15:30","tank4","D3_H1","HNW","heating","no","White",223,-1,"11/3/2019 15:30","week2","tank4_heating_no_11/3/2019 15:30",29.35227945,"tank4_heating_no_White"
"11/3/2019","D3",30,"15:30","tank3","D3_H2","HW","heating","yes","White",240,5,"11/3/2019 15:30","week2","tank3_heating_yes_11/3/2019 15:30",23.30413934,"tank3_heating_yes_White"
"11/3/2019","D3",30,"15:30","tank3","D3_H2","HNW","heating","no","White",228,-1,"11/3/2019 15:30","week2","tank3_heating_no_11/3/2019 15:30",25.09940179,"tank3_heating_no_White"
"11/3/2019","D3",30,"15:30","tank2","D3_C2","CW","control","yes","White",223,0,"11/3/2019 15:30","week2","tank2_control_yes_11/3/2019 15:30",16.31455017,"tank2_control_yes_White"
"11/3/2019","D3",30,"15:30","tank2","D3_C2","CNW","control","no","White",231,1,"11/3/2019 15:30","week2","tank2_control_no_11/3/2019 15:30",17.88532175,"tank2_control_no_White"
"11/3/2019","D3",30,"15:30","tank1","D3_C1","CW","control","yes","White",220,2,"11/3/2019 15:30","week2","tank1_control_yes_11/3/2019 15:30",16.38629718,"tank1_control_yes_White"
"11/3/2019","D3",30,"15:30","tank1","D3_C1","CNW","control","no","White",225,0,"11/3/2019 15:30","week2","tank1_control_no_11/3/2019 15:30",15.92120337,"tank1_control_no_White"
"11/4/2019","D4",30,"15:30","tank4","D4_H1","HW","heating","yes","White",226,0,"11/4/2019 15:30","week2","tank4_heating_yes_11/4/2019 15:30",23.12481748,"tank4_heating_yes_White"
"11/4/2019","D4",30,"15:30","tank4","D4_H1","HNW","heating","no","White",221,-1,"11/4/2019 15:30","week2","tank4_heating_no_11/4/2019 15:30",24.72429517,"tank4_heating_no_White"
"11/4/2019","D4",30,"15:30","tank3","D4_H2","HW","heating","yes","White",229,-6,"11/4/2019 15:30","week2","tank3_heating_yes_11/4/2019 15:30",22.49573222,"tank3_heating_yes_White"
"11/4/2019","D4",30,"15:30","tank3","D4_H2","HNW","heating","no","White",230,1,"11/4/2019 15:30","week2","tank3_heating_no_11/4/2019 15:30",27.76012981,"tank3_heating_no_White"
"11/4/2019","D4",30,"15:30","tank2","D4_C2","CW","control","yes","White",224,0,"11/4/2019 15:30","week2","tank2_control_yes_11/4/2019 15:30",16.18819592,"tank2_control_yes_White"
"11/4/2019","D4",30,"15:30","tank2","D4_C2","CNW","control","no","White",228,1,"11/4/2019 15:30","week2","tank2_control_no_11/4/2019 15:30",15.2818329,"tank2_control_no_White"
"11/4/2019","D4",30,"15:30","tank1","D4_C1","CW","control","yes","White",224,5,"11/4/2019 15:30","week2","tank1_control_yes_11/4/2019 15:30",16.37668074,"tank1_control_yes_White"
"11/4/2019","D4",30,"15:30","tank1","D4_C1","CNW","control","no","White",227,1,"11/4/2019 15:30","week2","tank1_control_no_11/4/2019 15:30",15.53730824,"tank1_control_no_White"
"11/5/2019","D5",30,"15:30","tank4","D5_H1","HW","heating","yes","White",227,0,"11/5/2019 15:30","week2","tank4_heating_yes_11/5/2019 15:30",23.75263014,"tank4_heating_yes_White"
"11/5/2019","D5",30,"15:30","tank4","D5_H1","HNW","heating","no","White",222,-2,"11/5/2019 15:30","week2","tank4_heating_no_11/5/2019 15:30",23.27444947,"tank4_heating_no_White"
"11/5/2019","D5",30,"15:30","tank3","D5_H2","HW","heating","yes","White",226,1,"11/5/2019 15:30","week2","tank3_heating_yes_11/5/2019 15:30",22.35137381,"tank3_heating_yes_White"
"11/5/2019","D5",30,"15:30","tank3","D5_H2","HNW","heating","no","White",232,-1,"11/5/2019 15:30","week2","tank3_heating_no_11/5/2019 15:30",27.43354226,"tank3_heating_no_White"
"11/5/2019","D5",30,"15:30","tank2","D5_C2","CW","control","yes","White",223,-1,"11/5/2019 15:30","week2","tank2_control_yes_11/5/2019 15:30",16.20763503,"tank2_control_yes_White"
"11/5/2019","D5",30,"15:30","tank2","D5_C2","CNW","control","no","White",231,0,"11/5/2019 15:30","week2","tank2_control_no_11/5/2019 15:30",15.40718607,"tank2_control_no_White"
"11/5/2019","D5",30,"15:30","tank1","D5_C1","CW","control","yes","White",226,1,"11/5/2019 15:30","week2","tank1_control_yes_11/5/2019 15:30",16.35744786,"tank1_control_yes_White"
"11/5/2019","D5",30,"15:30","tank1","D5_C1","CNW","control","no","White",230,-1,"11/5/2019 15:30","week2","tank1_control_no_11/5/2019 15:30",15.59489251,"tank1_control_no_White"
"11/1/2019","D1",30,"17:30","tank4","D1_H1","HW","heating","yes","Red",227,1,"11/1/2019 17:30","week2","tank4_heating_yes_11/1/2019 17:30",18.82671542,"tank4_heating_yes_Red"
"11/1/2019","D1",30,"17:30","tank4","D1_H1","HNW","heating","no","Red",227,0,"11/1/2019 17:30","week2","tank4_heating_no_11/1/2019 17:30",18.42562777,"tank4_heating_no_Red"
"11/1/2019","D1",30,"17:30","tank3","D1_H2","HW","heating","yes","Red",227,3,"11/1/2019 17:30","week2","tank3_heating_yes_11/1/2019 17:30",21.74506847,"tank3_heating_yes_Red"
"11/1/2019","D1",30,"17:30","tank3","D1_H2","HNW","heating","no","Red",230,0,"11/1/2019 17:30","week2","tank3_heating_no_11/1/2019 17:30",24.71518114,"tank3_heating_no_Red"
"11/1/2019","D1",30,"17:30","tank2","D1_C2","CW","control","yes","Red",225,0,"11/1/2019 17:30","week2","tank2_control_yes_11/1/2019 17:30",16.3534284,"tank2_control_yes_Red"
"11/1/2019","D1",30,"17:30","tank2","D1_C2","CNW","control","no","Red",225,0,"11/1/2019 17:30","week2","tank2_control_no_11/1/2019 17:30",16.33287099,"tank2_control_no_Red"
"11/1/2019","D1",30,"17:30","tank1","D1_C1","CW","control","yes","Red",228,0,"11/1/2019 17:30","week2","tank1_control_yes_11/1/2019 17:30",16.29974922,"tank1_control_yes_Red"
"11/1/2019","D1",30,"17:30","tank1","D1_C1","CNW","control","no","Red",225,1,"11/1/2019 17:30","week2","tank1_control_no_11/1/2019 17:30",15.60448989,"tank1_control_no_Red"
"11/2/2019","D2",30,"17:30","tank4","D2_H1","HW","heating","yes","Red",226,-2,"11/2/2019 17:30","week2","tank4_heating_yes_11/2/2019 17:30",18.55627304,"tank4_heating_yes_Red"
"11/2/2019","D2",30,"17:30","tank4","D2_H1","HNW","heating","no","Red",227,0,"11/2/2019 17:30","week2","tank4_heating_no_11/2/2019 17:30",18.39682289,"tank4_heating_no_Red"
"11/2/2019","D2",30,"17:30","tank3","D2_H2","HW","heating","yes","Red",224,2,"11/2/2019 17:30","week2","tank3_heating_yes_11/2/2019 17:30",18.73278955,"tank3_heating_yes_Red"
"11/2/2019","D2",30,"17:30","tank3","D2_H2","HNW","heating","no","Red",230,1,"11/2/2019 17:30","week2","tank3_heating_no_11/2/2019 17:30",18.09698038,"tank3_heating_no_Red"
"11/2/2019","D2",30,"17:30","tank2","D2_C2","CW","control","yes","Red",225,0,"11/2/2019 17:30","week2","tank2_control_yes_11/2/2019 17:30",16.62557603,"tank2_control_yes_Red"
"11/2/2019","D2",30,"17:30","tank2","D2_C2","CNW","control","no","Red",224,-1,"11/2/2019 17:30","week2","tank2_control_no_11/2/2019 17:30",16.68964539,"tank2_control_no_Red"
"11/2/2019","D2",30,"17:30","tank1","D2_C1","CW","control","yes","Red",229,1,"11/2/2019 17:30","week2","tank1_control_yes_11/2/2019 17:30",16.53054377,"tank1_control_yes_Red"
"11/2/2019","D2",30,"17:30","tank1","D2_C1","CNW","control","no","Red",226,2,"11/2/2019 17:30","week2","tank1_control_no_11/2/2019 17:30",16.00757978,"tank1_control_no_Red"
"11/3/2019","D3",30,"17:30","tank4","D3_H1","HW","heating","yes","Red",226,-1,"11/3/2019 17:30","week2","tank4_heating_yes_11/3/2019 17:30",18.39207588,"tank4_heating_yes_Red"
"11/3/2019","D3",30,"17:30","tank4","D3_H1","HNW","heating","no","Red",227,0,"11/3/2019 17:30","week2","tank4_heating_no_11/3/2019 17:30",18.4352294,"tank4_heating_no_Red"
"11/3/2019","D3",30,"17:30","tank3","D3_H2","HW","heating","yes","Red",224,0,"11/3/2019 17:30","week2","tank3_heating_yes_11/3/2019 17:30",19.1562409,"tank3_heating_yes_Red"
"11/3/2019","D3",30,"17:30","tank3","D3_H2","HNW","heating","no","Red",229,-1,"11/3/2019 17:30","week2","tank3_heating_no_11/3/2019 17:30",18.11619142,"tank3_heating_no_Red"
"11/3/2019","D3",30,"17:30","tank2","D3_C2","CW","control","yes","Red",225,-1,"11/3/2019 17:30","week2","tank2_control_yes_11/3/2019 17:30",16.52838045,"tank2_control_yes_Red"
"11/3/2019","D3",30,"17:30","tank2","D3_C2","CNW","control","no","Red",224,-1,"11/3/2019 17:30","week2","tank2_control_no_11/3/2019 17:30",16.7282156,"tank2_control_no_Red"
"11/3/2019","D3",30,"17:30","tank1","D3_C1","CW","control","yes","Red",229,-1,"11/3/2019 17:30","week2","tank1_control_yes_11/3/2019 17:30",16.53054377,"tank1_control_yes_Red"
"11/3/2019","D3",30,"17:30","tank1","D3_C1","CNW","control","no","Red",224,-2,"11/3/2019 17:30","week2","tank1_control_no_11/3/2019 17:30",16.02677454,"tank1_control_no_Red"
"11/4/2019","D4",30,"17:30","tank4","D4_H1","HW","heating","yes","Red",227,2,"11/4/2019 17:30","week2","tank4_heating_yes_11/4/2019 17:30",18.19890276,"tank4_heating_yes_Red"
"11/4/2019","D4",30,"17:30","tank4","D4_H1","HNW","heating","no","Red",226,-2,"11/4/2019 17:30","week2","tank4_heating_no_11/4/2019 17:30",18.32000987,"tank4_heating_no_Red"
"11/4/2019","D4",30,"17:30","tank3","D4_H2","HW","heating","yes","Red",231,7,"11/4/2019 17:30","week2","tank3_heating_yes_11/4/2019 17:30",18.63655061,"tank3_heating_yes_Red"
"11/4/2019","D4",30,"17:30","tank3","D4_H2","HNW","heating","no","Red",230,-2,"11/4/2019 17:30","week2","tank3_heating_no_11/4/2019 17:30",18.1065859,"tank3_heating_no_Red"
"11/4/2019","D4",30,"17:30","tank2","D4_C2","CW","control","yes","Red",225,0,"11/4/2019 17:30","week2","tank2_control_yes_11/4/2019 17:30",16.59641736,"tank2_control_yes_Red"
"11/4/2019","D4",30,"17:30","tank2","D4_C2","CNW","control","no","Red",225,0,"11/4/2019 17:30","week2","tank2_control_no_11/4/2019 17:30",16.69928794,"tank2_control_no_Red"
"11/4/2019","D4",30,"17:30","tank1","D4_C1","CW","control","yes","Red",231,1,"11/4/2019 17:30","week2","tank1_control_yes_11/4/2019 17:30",16.54016021,"tank1_control_yes_Red"
"11/4/2019","D4",30,"17:30","tank1","D4_C1","CNW","control","no","Red",226,2,"11/4/2019 17:30","week2","tank1_control_no_11/4/2019 17:30",16.03637191,"tank1_control_no_Red"
"11/5/2019","D5",30,"17:30","tank4","D5_H1","HW","heating","yes","Red",227,-1,"11/5/2019 17:30","week2","tank4_heating_yes_11/5/2019 17:30",18.30514798,"tank4_heating_yes_Red"
"11/5/2019","D5",30,"17:30","tank4","D5_H1","HNW","heating","no","Red",241,14,"11/5/2019 17:30","week2","tank4_heating_no_11/5/2019 17:30",18.36801801,"tank4_heating_no_Red"
"11/5/2019","D5",30,"17:30","tank3","D5_H2","HW","heating","yes","Red",228,2,"11/5/2019 17:30","week2","tank3_heating_yes_11/5/2019 17:30",18.61730282,"tank3_heating_yes_Red"
"11/5/2019","D5",30,"17:30","tank3","D5_H2","HNW","heating","no","Red",230,-1,"11/5/2019 17:30","week2","tank3_heating_no_11/5/2019 17:30",18.01053074,"tank3_heating_no_Red"
"11/5/2019","D5",30,"17:30","tank2","D5_C2","CW","control","yes","Red",225,0,"11/5/2019 17:30","week2","tank2_control_yes_11/5/2019 17:30",16.51866089,"tank2_control_yes_Red"
"11/5/2019","D5",30,"17:30","tank2","D5_C2","CNW","control","no","Red",225,-1,"11/5/2019 17:30","week2","tank2_control_no_11/5/2019 17:30",16.59321988,"tank2_control_no_Red"
"11/5/2019","D5",30,"17:30","tank1","D5_C1","CW","control","yes","Red",228,1,"11/5/2019 17:30","week2","tank1_control_yes_11/5/2019 17:30",16.50169446,"tank1_control_yes_Red"
"11/5/2019","D5",30,"17:30","tank1","D5_C1","CNW","control","no","Red",227,3,"11/5/2019 17:30","week2","tank1_control_no_11/5/2019 17:30",16.03637191,"tank1_control_no_Red"
"11/1/2019","D1",30,"17:30","tank4","D1_H1","HW","heating","yes","Yellow",226,2,"11/1/2019 17:30","week2","tank4_heating_yes_11/1/2019 17:30",18.82671542,"tank4_heating_yes_Yellow"
"11/1/2019","D1",30,"17:30","tank4","D1_H1","HNW","heating","no","Yellow",233,2,"11/1/2019 17:30","week2","tank4_heating_no_11/1/2019 17:30",18.42562777,"tank4_heating_no_Yellow"
"11/1/2019","D1",30,"17:30","tank3","D1_H2","HW","heating","yes","Yellow",226,0,"11/1/2019 17:30","week2","tank3_heating_yes_11/1/2019 17:30",21.74506847,"tank3_heating_yes_Yellow"
"11/1/2019","D1",30,"17:30","tank3","D1_H2","HNW","heating","no","Yellow",224,1,"11/1/2019 17:30","week2","tank3_heating_no_11/1/2019 17:30",24.71518114,"tank3_heating_no_Yellow"
"11/1/2019","D1",30,"17:30","tank2","D1_C2","CW","control","yes","Yellow",229,1,"11/1/2019 17:30","week2","tank2_control_yes_11/1/2019 17:30",16.3534284,"tank2_control_yes_Yellow"
"11/1/2019","D1",30,"17:30","tank2","D1_C2","CNW","control","no","Yellow",223,3,"11/1/2019 17:30","week2","tank2_control_no_11/1/2019 17:30",16.33287099,"tank2_control_no_Yellow"
"11/1/2019","D1",30,"17:30","tank1","D1_C1","CW","control","yes","Yellow",226,-1,"11/1/2019 17:30","week2","tank1_control_yes_11/1/2019 17:30",16.29974922,"tank1_control_yes_Yellow"
"11/1/2019","D1",30,"17:30","tank1","D1_C1","CNW","control","no","Yellow",224,-1,"11/1/2019 17:30","week2","tank1_control_no_11/1/2019 17:30",15.60448989,"tank1_control_no_Yellow"
"11/2/2019","D2",30,"17:30","tank4","D2_H1","HW","heating","yes","Yellow",225,0,"11/2/2019 17:30","week2","tank4_heating_yes_11/2/2019 17:30",18.55627304,"tank4_heating_yes_Yellow"
"11/2/2019","D2",30,"17:30","tank4","D2_H1","HNW","heating","no","Yellow",232,0,"11/2/2019 17:30","week2","tank4_heating_no_11/2/2019 17:30",18.39682289,"tank4_heating_no_Yellow"
"11/2/2019","D2",30,"17:30","tank3","D2_H2","HW","heating","yes","Yellow",226,1,"11/2/2019 17:30","week2","tank3_heating_yes_11/2/2019 17:30",18.73278955,"tank3_heating_yes_Yellow"
"11/2/2019","D2",30,"17:30","tank3","D2_H2","HNW","heating","no","Yellow",224,0,"11/2/2019 17:30","week2","tank3_heating_no_11/2/2019 17:30",18.09698038,"tank3_heating_no_Yellow"
"11/2/2019","D2",30,"17:30","tank2","D2_C2","CW","control","yes","Yellow",227,0,"11/2/2019 17:30","week2","tank2_control_yes_11/2/2019 17:30",16.62557603,"tank2_control_yes_Yellow"
"11/2/2019","D2",30,"17:30","tank2","D2_C2","CNW","control","no","Yellow",222,1,"11/2/2019 17:30","week2","tank2_control_no_11/2/2019 17:30",16.68964539,"tank2_control_no_Yellow"
"11/2/2019","D2",30,"17:30","tank1","D2_C1","CW","control","yes","Yellow",225,-1,"11/2/2019 17:30","week2","tank1_control_yes_11/2/2019 17:30",16.53054377,"tank1_control_yes_Yellow"
"11/2/2019","D2",30,"17:30","tank1","D2_C1","CNW","control","no","Yellow",225,2,"11/2/2019 17:30","week2","tank1_control_no_11/2/2019 17:30",16.00757978,"tank1_control_no_Yellow"
"11/3/2019","D3",30,"17:30","tank4","D3_H1","HW","heating","yes","Yellow",225,1,"11/3/2019 17:30","week2","tank4_heating_yes_11/3/2019 17:30",18.39207588,"tank4_heating_yes_Yellow"
"11/3/2019","D3",30,"17:30","tank4","D3_H1","HNW","heating","no","Yellow",233,2,"11/3/2019 17:30","week2","tank4_heating_no_11/3/2019 17:30",18.4352294,"tank4_heating_no_Yellow"
"11/3/2019","D3",30,"17:30","tank3","D3_H2","HW","heating","yes","Yellow",236,8,"11/3/2019 17:30","week2","tank3_heating_yes_11/3/2019 17:30",19.1562409,"tank3_heating_yes_Yellow"
"11/3/2019","D3",30,"17:30","tank3","D3_H2","HNW","heating","no","Yellow",223,-1,"11/3/2019 17:30","week2","tank3_heating_no_11/3/2019 17:30",18.11619142,"tank3_heating_no_Yellow"
"11/3/2019","D3",30,"17:30","tank2","D3_C2","CW","control","yes","Yellow",229,1,"11/3/2019 17:30","week2","tank2_control_yes_11/3/2019 17:30",16.52838045,"tank2_control_yes_Yellow"
"11/3/2019","D3",30,"17:30","tank2","D3_C2","CNW","control","no","Yellow",221,-1,"11/3/2019 17:30","week2","tank2_control_no_11/3/2019 17:30",16.7282156,"tank2_control_no_Yellow"
"11/3/2019","D3",30,"17:30","tank1","D3_C1","CW","control","yes","Yellow",224,0,"11/3/2019 17:30","week2","tank1_control_yes_11/3/2019 17:30",16.53054377,"tank1_control_yes_Yellow"
"11/3/2019","D3",30,"17:30","tank1","D3_C1","CNW","control","no","Yellow",223,-6,"11/3/2019 17:30","week2","tank1_control_no_11/3/2019 17:30",16.02677454,"tank1_control_no_Yellow"
"11/4/2019","D4",30,"17:30","tank4","D4_H1","HW","heating","yes","Yellow",225,0,"11/4/2019 17:30","week2","tank4_heating_yes_11/4/2019 17:30",18.19890276,"tank4_heating_yes_Yellow"
"11/4/2019","D4",30,"17:30","tank4","D4_H1","HNW","heating","no","Yellow",234,1,"11/4/2019 17:30","week2","tank4_heating_no_11/4/2019 17:30",18.32000987,"tank4_heating_no_Yellow"
"11/4/2019","D4",30,"17:30","tank3","D4_H2","HW","heating","yes","Yellow",226,-4,"11/4/2019 17:30","week2","tank3_heating_yes_11/4/2019 17:30",18.63655061,"tank3_heating_yes_Yellow"
"11/4/2019","D4",30,"17:30","tank3","D4_H2","HNW","heating","no","Yellow",224,0,"11/4/2019 17:30","week2","tank3_heating_no_11/4/2019 17:30",18.1065859,"tank3_heating_no_Yellow"
"11/4/2019","D4",30,"17:30","tank2","D4_C2","CW","control","yes","Yellow",230,2,"11/4/2019 17:30","week2","tank2_control_yes_11/4/2019 17:30",16.59641736,"tank2_control_yes_Yellow"
"11/4/2019","D4",30,"17:30","tank2","D4_C2","CNW","control","no","Yellow",222,0,"11/4/2019 17:30","week2","tank2_control_no_11/4/2019 17:30",16.69928794,"tank2_control_no_Yellow"
"11/4/2019","D4",30,"17:30","tank1","D4_C1","CW","control","yes","Yellow",226,1,"11/4/2019 17:30","week2","tank1_control_yes_11/4/2019 17:30",16.54016021,"tank1_control_yes_Yellow"
"11/4/2019","D4",30,"17:30","tank1","D4_C1","CNW","control","no","Yellow",226,3,"11/4/2019 17:30","week2","tank1_control_no_11/4/2019 17:30",16.03637191,"tank1_control_no_Yellow"
"11/5/2019","D5",30,"17:30","tank4","D5_H1","HW","heating","yes","Yellow",226,2,"11/5/2019 17:30","week2","tank4_heating_yes_11/5/2019 17:30",18.30514798,"tank4_heating_yes_Yellow"
"11/5/2019","D5",30,"17:30","tank4","D5_H1","HNW","heating","no","Yellow",234,-2,"11/5/2019 17:30","week2","tank4_heating_no_11/5/2019 17:30",18.36801801,"tank4_heating_no_Yellow"
"11/5/2019","D5",30,"17:30","tank3","D5_H2","HW","heating","yes","Yellow",231,5,"11/5/2019 17:30","week2","tank3_heating_yes_11/5/2019 17:30",18.61730282,"tank3_heating_yes_Yellow"
"11/5/2019","D5",30,"17:30","tank3","D5_H2","HNW","heating","no","Yellow",224,-1,"11/5/2019 17:30","week2","tank3_heating_no_11/5/2019 17:30",18.01053074,"tank3_heating_no_Yellow"
"11/5/2019","D5",30,"17:30","tank2","D5_C2","CW","control","yes","Yellow",229,-1,"11/5/2019 17:30","week2","tank2_control_yes_11/5/2019 17:30",16.51866089,"tank2_control_yes_Yellow"
"11/5/2019","D5",30,"17:30","tank2","D5_C2","CNW","control","no","Yellow",223,0,"11/5/2019 17:30","week2","tank2_control_no_11/5/2019 17:30",16.59321988,"tank2_control_no_Yellow"
"11/5/2019","D5",30,"17:30","tank1","D5_C1","CW","control","yes","Yellow",227,-1,"11/5/2019 17:30","week2","tank1_control_yes_11/5/2019 17:30",16.50169446,"tank1_control_yes_Yellow"
"11/5/2019","D5",30,"17:30","tank1","D5_C1","CNW","control","no","Yellow",227,-1,"11/5/2019 17:30","week2","tank1_control_no_11/5/2019 17:30",16.03637191,"tank1_control_no_Yellow"
"11/1/2019","D1",30,"17:30","tank4","D1_H1","HW","heating","yes","Black",226,2,"11/1/2019 17:30","week2","tank4_heating_yes_11/1/2019 17:30",18.82671542,"tank4_heating_yes_Black"
"11/1/2019","D1",30,"17:30","tank4","D1_H1","HNW","heating","no","Black",226,0,"11/1/2019 17:30","week2","tank4_heating_no_11/1/2019 17:30",18.42562777,"tank4_heating_no_Black"
"11/1/2019","D1",30,"17:30","tank3","D1_H2","HW","heating","yes","Black",221,-2,"11/1/2019 17:30","week2","tank3_heating_yes_11/1/2019 17:30",21.74506847,"tank3_heating_yes_Black"
"11/1/2019","D1",30,"17:30","tank3","D1_H2","HNW","heating","no","Black",225,12,"11/1/2019 17:30","week2","tank3_heating_no_11/1/2019 17:30",24.71518114,"tank3_heating_no_Black"
"11/1/2019","D1",30,"17:30","tank2","D1_C2","CW","control","yes","Black",228,7,"11/1/2019 17:30","week2","tank2_control_yes_11/1/2019 17:30",16.3534284,"tank2_control_yes_Black"
"11/1/2019","D1",30,"17:30","tank2","D1_C2","CNW","control","no","Black",223,0,"11/1/2019 17:30","week2","tank2_control_no_11/1/2019 17:30",16.33287099,"tank2_control_no_Black"
"11/1/2019","D1",30,"17:30","tank1","D1_C1","CW","control","yes","Black",232,3,"11/1/2019 17:30","week2","tank1_control_yes_11/1/2019 17:30",16.29974922,"tank1_control_yes_Black"
"11/1/2019","D1",30,"17:30","tank1","D1_C1","CNW","control","no","Black",224,-6,"11/1/2019 17:30","week2","tank1_control_no_11/1/2019 17:30",15.60448989,"tank1_control_no_Black"
"11/2/2019","D2",30,"17:30","tank4","D2_H1","HW","heating","yes","Black",224,-1,"11/2/2019 17:30","week2","tank4_heating_yes_11/2/2019 17:30",18.55627304,"tank4_heating_yes_Black"
"11/2/2019","D2",30,"17:30","tank4","D2_H1","HNW","heating","no","Black",226,1,"11/2/2019 17:30","week2","tank4_heating_no_11/2/2019 17:30",18.39682289,"tank4_heating_no_Black"
"11/2/2019","D2",30,"17:30","tank3","D2_H2","HW","heating","yes","Black",221,0,"11/2/2019 17:30","week2","tank3_heating_yes_11/2/2019 17:30",18.73278955,"tank3_heating_yes_Black"
"11/2/2019","D2",30,"17:30","tank3","D2_H2","HNW","heating","no","Black",222,0,"11/2/2019 17:30","week2","tank3_heating_no_11/2/2019 17:30",18.09698038,"tank3_heating_no_Black"
"11/2/2019","D2",30,"17:30","tank2","D2_C2","CW","control","yes","Black",224,-1,"11/2/2019 17:30","week2","tank2_control_yes_11/2/2019 17:30",16.62557603,"tank2_control_yes_Black"
"11/2/2019","D2",30,"17:30","tank2","D2_C2","CNW","control","no","Black",223,-1,"11/2/2019 17:30","week2","tank2_control_no_11/2/2019 17:30",16.68964539,"tank2_control_no_Black"
"11/2/2019","D2",30,"17:30","tank1","D2_C1","CW","control","yes","Black",232,5,"11/2/2019 17:30","week2","tank1_control_yes_11/2/2019 17:30",16.53054377,"tank1_control_yes_Black"
"11/2/2019","D2",30,"17:30","tank1","D2_C1","CNW","control","no","Black",226,1,"11/2/2019 17:30","week2","tank1_control_no_11/2/2019 17:30",16.00757978,"tank1_control_no_Black"
"11/3/2019","D3",30,"17:30","tank4","D3_H1","HW","heating","yes","Black",224,1,"11/3/2019 17:30","week2","tank4_heating_yes_11/3/2019 17:30",18.39207588,"tank4_heating_yes_Black"
"11/3/2019","D3",30,"17:30","tank4","D3_H1","HNW","heating","no","Black",226,1,"11/3/2019 17:30","week2","tank4_heating_no_11/3/2019 17:30",18.4352294,"tank4_heating_no_Black"
"11/3/2019","D3",30,"17:30","tank3","D3_H2","HW","heating","yes","Black",220,-1,"11/3/2019 17:30","week2","tank3_heating_yes_11/3/2019 17:30",19.1562409,"tank3_heating_yes_Black"
"11/3/2019","D3",30,"17:30","tank3","D3_H2","HNW","heating","no","Black",220,-4,"11/3/2019 17:30","week2","tank3_heating_no_11/3/2019 17:30",18.11619142,"tank3_heating_no_Black"
"11/3/2019","D3",30,"17:30","tank2","D3_C2","CW","control","yes","Black",226,0,"11/3/2019 17:30","week2","tank2_control_yes_11/3/2019 17:30",16.52838045,"tank2_control_yes_Black"
"11/3/2019","D3",30,"17:30","tank2","D3_C2","CNW","control","no","Black",224,0,"11/3/2019 17:30","week2","tank2_control_no_11/3/2019 17:30",16.7282156,"tank2_control_no_Black"
"11/3/2019","D3",30,"17:30","tank1","D3_C1","CW","control","yes","Black",230,2,"11/3/2019 17:30","week2","tank1_control_yes_11/3/2019 17:30",16.53054377,"tank1_control_yes_Black"
"11/3/2019","D3",30,"17:30","tank1","D3_C1","CNW","control","no","Black",225,0,"11/3/2019 17:30","week2","tank1_control_no_11/3/2019 17:30",16.02677454,"tank1_control_no_Black"
"11/4/2019","D4",30,"17:30","tank4","D4_H1","HW","heating","yes","Black",225,1,"11/4/2019 17:30","week2","tank4_heating_yes_11/4/2019 17:30",18.19890276,"tank4_heating_yes_Black"
"11/4/2019","D4",30,"17:30","tank4","D4_H1","HNW","heating","no","Black",227,0,"11/4/2019 17:30","week2","tank4_heating_no_11/4/2019 17:30",18.32000987,"tank4_heating_no_Black"
"11/4/2019","D4",30,"17:30","tank3","D4_H2","HW","heating","yes","Black",223,2,"11/4/2019 17:30","week2","tank3_heating_yes_11/4/2019 17:30",18.63655061,"tank3_heating_yes_Black"
"11/4/2019","D4",30,"17:30","tank3","D4_H2","HNW","heating","no","Black",220,1,"11/4/2019 17:30","week2","tank3_heating_no_11/4/2019 17:30",18.1065859,"tank3_heating_no_Black"
"11/4/2019","D4",30,"17:30","tank2","D4_C2","CW","control","yes","Black",226,2,"11/4/2019 17:30","week2","tank2_control_yes_11/4/2019 17:30",16.59641736,"tank2_control_yes_Black"
"11/4/2019","D4",30,"17:30","tank2","D4_C2","CNW","control","no","Black",225,2,"11/4/2019 17:30","week2","tank2_control_no_11/4/2019 17:30",16.69928794,"tank2_control_no_Black"
"11/4/2019","D4",30,"17:30","tank1","D4_C1","CW","control","yes","Black",231,1,"11/4/2019 17:30","week2","tank1_control_yes_11/4/2019 17:30",16.54016021,"tank1_control_yes_Black"
"11/4/2019","D4",30,"17:30","tank1","D4_C1","CNW","control","no","Black",226,1,"11/4/2019 17:30","week2","tank1_control_no_11/4/2019 17:30",16.03637191,"tank1_control_no_Black"
"11/5/2019","D5",30,"17:30","tank4","D5_H1","HW","heating","yes","Black",225,1,"11/5/2019 17:30","week2","tank4_heating_yes_11/5/2019 17:30",18.30514798,"tank4_heating_yes_Black"
"11/5/2019","D5",30,"17:30","tank4","D5_H1","HNW","heating","no","Black",227,-1,"11/5/2019 17:30","week2","tank4_heating_no_11/5/2019 17:30",18.36801801,"tank4_heating_no_Black"
"11/5/2019","D5",30,"17:30","tank3","D5_H2","HW","heating","yes","Black",223,1,"11/5/2019 17:30","week2","tank3_heating_yes_11/5/2019 17:30",18.61730282,"tank3_heating_yes_Black"
"11/5/2019","D5",30,"17:30","tank3","D5_H2","HNW","heating","no","Black",222,-2,"11/5/2019 17:30","week2","tank3_heating_no_11/5/2019 17:30",18.01053074,"tank3_heating_no_Black"
"11/5/2019","D5",30,"17:30","tank2","D5_C2","CW","control","yes","Black",225,-4,"11/5/2019 17:30","week2","tank2_control_yes_11/5/2019 17:30",16.51866089,"tank2_control_yes_Black"
"11/5/2019","D5",30,"17:30","tank2","D5_C2","CNW","control","no","Black",223,-2,"11/5/2019 17:30","week2","tank2_control_no_11/5/2019 17:30",16.59321988,"tank2_control_no_Black"
"11/5/2019","D5",30,"17:30","tank1","D5_C1","CW","control","yes","Black",234,5,"11/5/2019 17:30","week2","tank1_control_yes_11/5/2019 17:30",16.50169446,"tank1_control_yes_Black"
"11/5/2019","D5",30,"17:30","tank1","D5_C1","CNW","control","no","Black",227,-1,"11/5/2019 17:30","week2","tank1_control_no_11/5/2019 17:30",16.03637191,"tank1_control_no_Black"
"11/1/2019","D1",30,"17:30","tank4","D1_H1","HW","heating","yes","White",227,1,"11/1/2019 17:30","week2","tank4_heating_yes_11/1/2019 17:30",18.82671542,"tank4_heating_yes_White"
"11/1/2019","D1",30,"17:30","tank4","D1_H1","HNW","heating","no","White",221,-1,"11/1/2019 17:30","week2","tank4_heating_no_11/1/2019 17:30",18.42562777,"tank4_heating_no_White"
"11/1/2019","D1",30,"17:30","tank3","D1_H2","HW","heating","yes","White",227,-3,"11/1/2019 17:30","week2","tank3_heating_yes_11/1/2019 17:30",21.74506847,"tank3_heating_yes_White"
"11/1/2019","D1",30,"17:30","tank3","D1_H2","HNW","heating","no","White",230,-1,"11/1/2019 17:30","week2","tank3_heating_no_11/1/2019 17:30",24.71518114,"tank3_heating_no_White"
"11/1/2019","D1",30,"17:30","tank2","D1_C2","CW","control","yes","White",227,4,"11/1/2019 17:30","week2","tank2_control_yes_11/1/2019 17:30",16.3534284,"tank2_control_yes_White"
"11/1/2019","D1",30,"17:30","tank2","D1_C2","CNW","control","no","White",228,0,"11/1/2019 17:30","week2","tank2_control_no_11/1/2019 17:30",16.33287099,"tank2_control_no_White"
"11/1/2019","D1",30,"17:30","tank1","D1_C1","CW","control","yes","White",221,2,"11/1/2019 17:30","week2","tank1_control_yes_11/1/2019 17:30",16.29974922,"tank1_control_yes_White"
"11/1/2019","D1",30,"17:30","tank1","D1_C1","CNW","control","no","White",226,2,"11/1/2019 17:30","week2","tank1_control_no_11/1/2019 17:30",15.60448989,"tank1_control_no_White"
"11/2/2019","D2",30,"17:30","tank4","D2_H1","HW","heating","yes","White",228,1,"11/2/2019 17:30","week2","tank4_heating_yes_11/2/2019 17:30",18.55627304,"tank4_heating_yes_White"
"11/2/2019","D2",30,"17:30","tank4","D2_H1","HNW","heating","no","White",221,-3,"11/2/2019 17:30","week2","tank4_heating_no_11/2/2019 17:30",18.39682289,"tank4_heating_no_White"
"11/2/2019","D2",30,"17:30","tank3","D2_H2","HW","heating","yes","White",226,-10,"11/2/2019 17:30","week2","tank3_heating_yes_11/2/2019 17:30",18.73278955,"tank3_heating_yes_White"
"11/2/2019","D2",30,"17:30","tank3","D2_H2","HNW","heating","no","White",228,-2,"11/2/2019 17:30","week2","tank3_heating_no_11/2/2019 17:30",18.09698038,"tank3_heating_no_White"
"11/2/2019","D2",30,"17:30","tank2","D2_C2","CW","control","yes","White",223,1,"11/2/2019 17:30","week2","tank2_control_yes_11/2/2019 17:30",16.62557603,"tank2_control_yes_White"
"11/2/2019","D2",30,"17:30","tank2","D2_C2","CNW","control","no","White",228,0,"11/2/2019 17:30","week2","tank2_control_no_11/2/2019 17:30",16.68964539,"tank2_control_no_White"
"11/2/2019","D2",30,"17:30","tank1","D2_C1","CW","control","yes","White",220,1,"11/2/2019 17:30","week2","tank1_control_yes_11/2/2019 17:30",16.53054377,"tank1_control_yes_White"
"11/2/2019","D2",30,"17:30","tank1","D2_C1","CNW","control","no","White",226,1,"11/2/2019 17:30","week2","tank1_control_no_11/2/2019 17:30",16.00757978,"tank1_control_no_White"
"11/3/2019","D3",30,"17:30","tank4","D3_H1","HW","heating","yes","White",229,5,"11/3/2019 17:30","week2","tank4_heating_yes_11/3/2019 17:30",18.39207588,"tank4_heating_yes_White"
"11/3/2019","D3",30,"17:30","tank4","D3_H1","HNW","heating","no","White",222,-2,"11/3/2019 17:30","week2","tank4_heating_no_11/3/2019 17:30",18.4352294,"tank4_heating_no_White"
"11/3/2019","D3",30,"17:30","tank3","D3_H2","HW","heating","yes","White",225,-10,"11/3/2019 17:30","week2","tank3_heating_yes_11/3/2019 17:30",19.1562409,"tank3_heating_yes_White"
"11/3/2019","D3",30,"17:30","tank3","D3_H2","HNW","heating","no","White",228,-1,"11/3/2019 17:30","week2","tank3_heating_no_11/3/2019 17:30",18.11619142,"tank3_heating_no_White"
"11/3/2019","D3",30,"17:30","tank2","D3_C2","CW","control","yes","White",225,2,"11/3/2019 17:30","week2","tank2_control_yes_11/3/2019 17:30",16.52838045,"tank2_control_yes_White"
"11/3/2019","D3",30,"17:30","tank2","D3_C2","CNW","control","no","White",229,-1,"11/3/2019 17:30","week2","tank2_control_no_11/3/2019 17:30",16.7282156,"tank2_control_no_White"
"11/3/2019","D3",30,"17:30","tank1","D3_C1","CW","control","yes","White",220,2,"11/3/2019 17:30","week2","tank1_control_yes_11/3/2019 17:30",16.53054377,"tank1_control_yes_White"
"11/3/2019","D3",30,"17:30","tank1","D3_C1","CNW","control","no","White",225,0,"11/3/2019 17:30","week2","tank1_control_no_11/3/2019 17:30",16.02677454,"tank1_control_no_White"
"11/4/2019","D4",30,"17:30","tank4","D4_H1","HW","heating","yes","White",226,0,"11/4/2019 17:30","week2","tank4_heating_yes_11/4/2019 17:30",18.19890276,"tank4_heating_yes_White"
"11/4/2019","D4",30,"17:30","tank4","D4_H1","HNW","heating","no","White",221,-1,"11/4/2019 17:30","week2","tank4_heating_no_11/4/2019 17:30",18.32000987,"tank4_heating_no_White"
"11/4/2019","D4",30,"17:30","tank3","D4_H2","HW","heating","yes","White",230,-5,"11/4/2019 17:30","week2","tank3_heating_yes_11/4/2019 17:30",18.63655061,"tank3_heating_yes_White"
"11/4/2019","D4",30,"17:30","tank3","D4_H2","HNW","heating","no","White",229,0,"11/4/2019 17:30","week2","tank3_heating_no_11/4/2019 17:30",18.1065859,"tank3_heating_no_White"
"11/4/2019","D4",30,"17:30","tank2","D4_C2","CW","control","yes","White",225,1,"11/4/2019 17:30","week2","tank2_control_yes_11/4/2019 17:30",16.59641736,"tank2_control_yes_White"
"11/4/2019","D4",30,"17:30","tank2","D4_C2","CNW","control","no","White",227,0,"11/4/2019 17:30","week2","tank2_control_no_11/4/2019 17:30",16.69928794,"tank2_control_no_White"
"11/4/2019","D4",30,"17:30","tank1","D4_C1","CW","control","yes","White",225,6,"11/4/2019 17:30","week2","tank1_control_yes_11/4/2019 17:30",16.54016021,"tank1_control_yes_White"
"11/4/2019","D4",30,"17:30","tank1","D4_C1","CNW","control","no","White",227,1,"11/4/2019 17:30","week2","tank1_control_no_11/4/2019 17:30",16.03637191,"tank1_control_no_White"
"11/5/2019","D5",30,"17:30","tank4","D5_H1","HW","heating","yes","White",231,4,"11/5/2019 17:30","week2","tank4_heating_yes_11/5/2019 17:30",18.30514798,"tank4_heating_yes_White"
"11/5/2019","D5",30,"17:30","tank4","D5_H1","HNW","heating","no","White",222,-2,"11/5/2019 17:30","week2","tank4_heating_no_11/5/2019 17:30",18.36801801,"tank4_heating_no_White"
"11/5/2019","D5",30,"17:30","tank3","D5_H2","HW","heating","yes","White",228,3,"11/5/2019 17:30","week2","tank3_heating_yes_11/5/2019 17:30",18.61730282,"tank3_heating_yes_White"
"11/5/2019","D5",30,"17:30","tank3","D5_H2","HNW","heating","no","White",231,-2,"11/5/2019 17:30","week2","tank3_heating_no_11/5/2019 17:30",18.01053074,"tank3_heating_no_White"
"11/5/2019","D5",30,"17:30","tank2","D5_C2","CW","control","yes","White",223,-1,"11/5/2019 17:30","week2","tank2_control_yes_11/5/2019 17:30",16.51866089,"tank2_control_yes_White"
"11/5/2019","D5",30,"17:30","tank2","D5_C2","CNW","control","no","White",230,-1,"11/5/2019 17:30","week2","tank2_control_no_11/5/2019 17:30",16.59321988,"tank2_control_no_White"
"11/5/2019","D5",30,"17:30","tank1","D5_C1","CW","control","yes","White",225,0,"11/5/2019 17:30","week2","tank1_control_yes_11/5/2019 17:30",16.50169446,"tank1_control_yes_White"
"11/5/2019","D5",30,"17:30","tank1","D5_C1","CNW","control","no","White",230,-1,"11/5/2019 17:30","week2","tank1_control_no_11/5/2019 17:30",16.03637191,"tank1_control_no_White"
"11/8/2019","D1",40,"10:30","tank4","D1_H1","HW","heating","yes","Red",227,0,"11/8/2019 10:30","week3","tank4_heating_yes_11/8/2019 10:30",16.48932059,"tank4_heating_yes_Red"
"11/8/2019","D1",40,"10:30","tank4","D1_H1","HNW","heating","no","Red",245,0,"11/8/2019 10:30","week3","tank4_heating_no_11/8/2019 10:30",16.7357414,"tank4_heating_no_Red"
"11/8/2019","D1",40,"10:30","tank3","D1_H2","HW","heating","yes","Red",221,0,"11/8/2019 10:30","week3","tank3_heating_yes_11/8/2019 10:30",16.76951512,"tank3_heating_yes_Red"
"11/8/2019","D1",40,"10:30","tank3","D1_H2","HNW","heating","no","Red",230,0,"11/8/2019 10:30","week3","tank3_heating_no_11/8/2019 10:30",16.56009777,"tank3_heating_no_Red"
"11/8/2019","D1",40,"10:30","tank2","D1_C2","CW","control","yes","Red",225,0,"11/8/2019 10:30","week3","tank2_control_yes_11/8/2019 10:30",16.8880041,"tank2_control_yes_Red"
"11/8/2019","D1",40,"10:30","tank2","D1_C2","CNW","control","no","Red",229,0,"11/8/2019 10:30","week3","tank2_control_no_11/8/2019 10:30",16.88249642,"tank2_control_no_Red"
"11/8/2019","D1",40,"10:30","tank1","D1_C1","CW","control","yes","Red",229,0,"11/8/2019 10:30","week3","tank1_control_yes_11/8/2019 10:30",16.72287256,"tank1_control_yes_Red"
"11/8/2019","D1",40,"10:30","tank1","D1_C1","CNW","control","no","Red",226,0,"11/8/2019 10:30","week3","tank1_control_no_11/8/2019 10:30",16.26670899,"tank1_control_no_Red"
"11/9/2019","D2",40,"10:30","tank4","D2_H1","HW","heating","yes","Red",226,0,"11/9/2019 10:30","week3","tank4_heating_yes_11/9/2019 10:30",16.76942,"tank4_heating_yes_Red"
"11/9/2019","D2",40,"10:30","tank4","D2_H1","HNW","heating","no","Red",238,0,"11/9/2019 10:30","week3","tank4_heating_no_11/9/2019 10:30",16.89897,"tank4_heating_no_Red"
"11/9/2019","D2",40,"10:30","tank3","D2_H2","HW","heating","yes","Red",225,0,"11/9/2019 10:30","week3","tank3_heating_yes_11/9/2019 10:30",16.885,"tank3_heating_yes_Red"
"11/9/2019","D2",40,"10:30","tank3","D2_H2","HNW","heating","no","Red",230,0,"11/9/2019 10:30","week3","tank3_heating_no_11/9/2019 10:30",16.57931,"tank3_heating_no_Red"
"11/9/2019","D2",40,"10:30","tank2","D2_C2","CW","control","yes","Red",230,0,"11/9/2019 10:30","week3","tank2_control_yes_11/9/2019 10:30",16.9852,"tank2_control_yes_Red"
"11/9/2019","D2",40,"10:30","tank2","D2_C2","CNW","control","no","Red",226,0,"11/9/2019 10:30","week3","tank2_control_no_11/9/2019 10:30",16.8825,"tank2_control_no_Red"
"11/9/2019","D2",40,"10:30","tank1","D2_C1","CW","control","yes","Red",229,0,"11/9/2019 10:30","week3","tank1_control_yes_11/9/2019 10:30",16.76134,"tank1_control_yes_Red"
"11/9/2019","D2",40,"10:30","tank1","D2_C1","CNW","control","no","Red",225,0,"11/9/2019 10:30","week3","tank1_control_no_11/9/2019 10:30",16.32429,"tank1_control_no_Red"
"11/10/2019","D3",40,"10:30","tank4","D3_H1","HW","heating","yes","Red",226,0,"11/10/2019 10:30","week3","tank4_heating_yes_11/10/2019 10:30",16.82737,"tank4_heating_yes_Red"
"11/10/2019","D3",40,"10:30","tank4","D3_H1","HNW","heating","no","Red",242,0,"11/10/2019 10:30","week3","tank4_heating_no_11/10/2019 10:30",16.89897,"tank4_heating_no_Red"
"11/10/2019","D3",40,"10:30","tank3","D3_H2","HW","heating","yes","Red",226,0,"11/10/2019 10:30","week3","tank3_heating_yes_11/10/2019 10:30",17.01011,"tank3_heating_yes_Red"
"11/10/2019","D3",40,"10:30","tank3","D3_H2","HNW","heating","no","Red",230,0,"11/10/2019 10:30","week3","tank3_heating_no_11/10/2019 10:30",16.67536,"tank3_heating_no_Red"
"11/10/2019","D3",40,"10:30","tank2","D3_C2","CW","control","yes","Red",227,0,"11/10/2019 10:30","week3","tank2_control_yes_11/10/2019 10:30",16.94632,"tank2_control_yes_Red"
"11/10/2019","D3",40,"10:30","tank2","D3_C2","CNW","control","no","Red",227,0,"11/10/2019 10:30","week3","tank2_control_no_11/10/2019 10:30",16.86321,"tank2_control_no_Red"
"11/10/2019","D3",40,"10:30","tank1","D3_C1","CW","control","yes","Red",230,0,"11/10/2019 10:30","week3","tank1_control_yes_11/10/2019 10:30",16.72287,"tank1_control_yes_Red"
"11/10/2019","D3",40,"10:30","tank1","D3_C1","CNW","control","no","Red",225,0,"11/10/2019 10:30","week3","tank1_control_no_11/10/2019 10:30",16.27631,"tank1_control_no_Red"
"11/11/2019","D4",40,"10:30","tank4","D4_H1","HW","heating","yes","Red",227,0,"11/11/2019 10:30","week3","tank4_heating_yes_11/11/2019 10:30",16.82737,"tank4_heating_yes_Red"
"11/11/2019","D4",40,"10:30","tank4","D4_H1","HNW","heating","no","Red",243,0,"11/11/2019 10:30","week3","tank4_heating_no_11/11/2019 10:30",16.81255,"tank4_heating_no_Red"
"11/11/2019","D4",40,"10:30","tank3","D4_H2","HW","heating","yes","Red",224,0,"11/11/2019 10:30","week3","tank3_heating_yes_11/11/2019 10:30",16.97162,"tank3_heating_yes_Red"
"11/11/2019","D4",40,"10:30","tank3","D4_H2","HNW","heating","no","Red",229,0,"11/11/2019 10:30","week3","tank3_heating_no_11/11/2019 10:30",16.59852,"tank3_heating_no_Red"
"11/11/2019","D4",40,"10:30","tank2","D4_C2","CW","control","yes","Red",225,0,"11/11/2019 10:30","week3","tank2_control_yes_11/11/2019 10:30",17.00464,"tank2_control_yes_Red"
"11/11/2019","D4",40,"10:30","tank2","D4_C2","CNW","control","no","Red",226,0,"11/11/2019 10:30","week3","tank2_control_no_11/11/2019 10:30",16.90178,"tank2_control_no_Red"
"11/11/2019","D4",40,"10:30","tank1","D4_C1","CW","control","yes","Red",228,0,"11/11/2019 10:30","week3","tank1_control_yes_11/11/2019 10:30",16.74211,"tank1_control_yes_Red"
"11/11/2019","D4",40,"10:30","tank1","D4_C1","CNW","control","no","Red",225,0,"11/11/2019 10:30","week3","tank1_control_no_11/11/2019 10:30",16.2955,"tank1_control_no_Red"
"11/12/2019","D5",40,"10:30","tank4","D5_H1","HW","heating","yes","Red",226,0,"11/12/2019 10:30","week3","tank4_heating_yes_11/12/2019 10:30",16.80806,"tank4_heating_yes_Red"
"11/12/2019","D5",40,"10:30","tank4","D5_H1","HNW","heating","no","Red",246,0,"11/12/2019 10:30","week3","tank4_heating_no_11/12/2019 10:30",16.83176,"tank4_heating_no_Red"
"11/12/2019","D5",40,"10:30","tank3","D5_H2","HW","heating","yes","Red",224,0,"11/12/2019 10:30","week3","tank3_heating_yes_11/12/2019 10:30",16.97162,"tank3_heating_yes_Red"
"11/12/2019","D5",40,"10:30","tank3","D5_H2","HNW","heating","no","Red",231,0,"11/12/2019 10:30","week3","tank3_heating_no_11/12/2019 10:30",16.57931,"tank3_heating_no_Red"
"11/12/2019","D5",40,"10:30","tank2","D5_C2","CW","control","yes","Red",225,0,"11/12/2019 10:30","week3","tank2_control_yes_11/12/2019 10:30",16.85885,"tank2_control_yes_Red"
"11/12/2019","D5",40,"10:30","tank2","D5_C2","CNW","control","no","Red",226,0,"11/12/2019 10:30","week3","tank2_control_no_11/12/2019 10:30",16.92107,"tank2_control_no_Red"
"11/12/2019","D5",40,"10:30","tank1","D5_C1","CW","control","yes","Red",230,0,"11/12/2019 10:30","week3","tank1_control_yes_11/12/2019 10:30",16.74211,"tank1_control_yes_Red"
"11/12/2019","D5",40,"10:30","tank1","D5_C1","CNW","control","no","Red",225,0,"11/12/2019 10:30","week3","tank1_control_no_11/12/2019 10:30",16.21872,"tank1_control_no_Red"
"11/8/2019","D1",40,"10:30","tank4","D1_H1","HW","heating","yes","Yellow",224,0,"11/8/2019 10:30","week3","tank4_heating_yes_11/8/2019 10:30",16.48932059,"tank4_heating_yes_Yellow"
"11/8/2019","D1",40,"10:30","tank4","D1_H1","HNW","heating","no","Yellow",229,0,"11/8/2019 10:30","week3","tank4_heating_no_11/8/2019 10:30",16.7357414,"tank4_heating_no_Yellow"
"11/8/2019","D1",40,"10:30","tank3","D1_H2","HW","heating","yes","Yellow",229,0,"11/8/2019 10:30","week3","tank3_heating_yes_11/8/2019 10:30",16.76951512,"tank3_heating_yes_Yellow"
"11/8/2019","D1",40,"10:30","tank3","D1_H2","HNW","heating","no","Yellow",224,0,"11/8/2019 10:30","week3","tank3_heating_no_11/8/2019 10:30",16.56009777,"tank3_heating_no_Yellow"
"11/8/2019","D1",40,"10:30","tank2","D1_C2","CW","control","yes","Yellow",227,0,"11/8/2019 10:30","week3","tank2_control_yes_11/8/2019 10:30",16.8880041,"tank2_control_yes_Yellow"
"11/8/2019","D1",40,"10:30","tank2","D1_C2","CNW","control","no","Yellow",223,0,"11/8/2019 10:30","week3","tank2_control_no_11/8/2019 10:30",16.88249642,"tank2_control_no_Yellow"
"11/8/2019","D1",40,"10:30","tank1","D1_C1","CW","control","yes","Yellow",227,0,"11/8/2019 10:30","week3","tank1_control_yes_11/8/2019 10:30",16.72287256,"tank1_control_yes_Yellow"
"11/8/2019","D1",40,"10:30","tank1","D1_C1","CNW","control","no","Yellow",226,0,"11/8/2019 10:30","week3","tank1_control_no_11/8/2019 10:30",16.26670899,"tank1_control_no_Yellow"
"11/9/2019","D2",40,"10:30","tank4","D2_H1","HW","heating","yes","Yellow",224,0,"11/9/2019 10:30","week3","tank4_heating_yes_11/9/2019 10:30",16.76942,"tank4_heating_yes_Yellow"
"11/9/2019","D2",40,"10:30","tank4","D2_H1","HNW","heating","no","Yellow",231,0,"11/9/2019 10:30","week3","tank4_heating_no_11/9/2019 10:30",16.89897,"tank4_heating_no_Yellow"
"11/9/2019","D2",40,"10:30","tank3","D2_H2","HW","heating","yes","Yellow",227,0,"11/9/2019 10:30","week3","tank3_heating_yes_11/9/2019 10:30",16.885,"tank3_heating_yes_Yellow"
"11/9/2019","D2",40,"10:30","tank3","D2_H2","HNW","heating","no","Yellow",227,0,"11/9/2019 10:30","week3","tank3_heating_no_11/9/2019 10:30",16.57931,"tank3_heating_no_Yellow"
"11/9/2019","D2",40,"10:30","tank2","D2_C2","CW","control","yes","Yellow",228,0,"11/9/2019 10:30","week3","tank2_control_yes_11/9/2019 10:30",16.9852,"tank2_control_yes_Yellow"
"11/9/2019","D2",40,"10:30","tank2","D2_C2","CNW","control","no","Yellow",223,0,"11/9/2019 10:30","week3","tank2_control_no_11/9/2019 10:30",16.8825,"tank2_control_no_Yellow"
"11/9/2019","D2",40,"10:30","tank1","D2_C1","CW","control","yes","Yellow",227,0,"11/9/2019 10:30","week3","tank1_control_yes_11/9/2019 10:30",16.76134,"tank1_control_yes_Yellow"
"11/9/2019","D2",40,"10:30","tank1","D2_C1","CNW","control","no","Yellow",224,0,"11/9/2019 10:30","week3","tank1_control_no_11/9/2019 10:30",16.32429,"tank1_control_no_Yellow"
"11/10/2019","D3",40,"10:30","tank4","D3_H1","HW","heating","yes","Yellow",227,0,"11/10/2019 10:30","week3","tank4_heating_yes_11/10/2019 10:30",16.82737,"tank4_heating_yes_Yellow"
"11/10/2019","D3",40,"10:30","tank4","D3_H1","HNW","heating","no","Yellow",233,0,"11/10/2019 10:30","week3","tank4_heating_no_11/10/2019 10:30",16.89897,"tank4_heating_no_Yellow"
"11/10/2019","D3",40,"10:30","tank3","D3_H2","HW","heating","yes","Yellow",226,0,"11/10/2019 10:30","week3","tank3_heating_yes_11/10/2019 10:30",17.01011,"tank3_heating_yes_Yellow"
"11/10/2019","D3",40,"10:30","tank3","D3_H2","HNW","heating","no","Yellow",225,0,"11/10/2019 10:30","week3","tank3_heating_no_11/10/2019 10:30",16.67536,"tank3_heating_no_Yellow"
"11/10/2019","D3",40,"10:30","tank2","D3_C2","CW","control","yes","Yellow",227,0,"11/10/2019 10:30","week3","tank2_control_yes_11/10/2019 10:30",16.94632,"tank2_control_yes_Yellow"
"11/10/2019","D3",40,"10:30","tank2","D3_C2","CNW","control","no","Yellow",222,0,"11/10/2019 10:30","week3","tank2_control_no_11/10/2019 10:30",16.86321,"tank2_control_no_Yellow"
"11/10/2019","D3",40,"10:30","tank1","D3_C1","CW","control","yes","Yellow",226,0,"11/10/2019 10:30","week3","tank1_control_yes_11/10/2019 10:30",16.72287,"tank1_control_yes_Yellow"
"11/10/2019","D3",40,"10:30","tank1","D3_C1","CNW","control","no","Yellow",224,0,"11/10/2019 10:30","week3","tank1_control_no_11/10/2019 10:30",16.27631,"tank1_control_no_Yellow"
"11/11/2019","D4",40,"10:30","tank4","D4_H1","HW","heating","yes","Yellow",227,0,"11/11/2019 10:30","week3","tank4_heating_yes_11/11/2019 10:30",16.82737,"tank4_heating_yes_Yellow"
"11/11/2019","D4",40,"10:30","tank4","D4_H1","HNW","heating","no","Yellow",233,0,"11/11/2019 10:30","week3","tank4_heating_no_11/11/2019 10:30",16.81255,"tank4_heating_no_Yellow"
"11/11/2019","D4",40,"10:30","tank3","D4_H2","HW","heating","yes","Yellow",227,0,"11/11/2019 10:30","week3","tank3_heating_yes_11/11/2019 10:30",16.97162,"tank3_heating_yes_Yellow"
"11/11/2019","D4",40,"10:30","tank3","D4_H2","HNW","heating","no","Yellow",223,0,"11/11/2019 10:30","week3","tank3_heating_no_11/11/2019 10:30",16.59852,"tank3_heating_no_Yellow"
"11/11/2019","D4",40,"10:30","tank2","D4_C2","CW","control","yes","Yellow",227,0,"11/11/2019 10:30","week3","tank2_control_yes_11/11/2019 10:30",17.00464,"tank2_control_yes_Yellow"
"11/11/2019","D4",40,"10:30","tank2","D4_C2","CNW","control","no","Yellow",221,0,"11/11/2019 10:30","week3","tank2_control_no_11/11/2019 10:30",16.90178,"tank2_control_no_Yellow"
"11/11/2019","D4",40,"10:30","tank1","D4_C1","CW","control","yes","Yellow",228,0,"11/11/2019 10:30","week3","tank1_control_yes_11/11/2019 10:30",16.74211,"tank1_control_yes_Yellow"
"11/11/2019","D4",40,"10:30","tank1","D4_C1","CNW","control","no","Yellow",226,0,"11/11/2019 10:30","week3","tank1_control_no_11/11/2019 10:30",16.2955,"tank1_control_no_Yellow"
"11/12/2019","D5",40,"10:30","tank4","D5_H1","HW","heating","yes","Yellow",224,0,"11/12/2019 10:30","week3","tank4_heating_yes_11/12/2019 10:30",16.80806,"tank4_heating_yes_Yellow"
"11/12/2019","D5",40,"10:30","tank4","D5_H1","HNW","heating","no","Yellow",231,0,"11/12/2019 10:30","week3","tank4_heating_no_11/12/2019 10:30",16.83176,"tank4_heating_no_Yellow"
"11/12/2019","D5",40,"10:30","tank3","D5_H2","HW","heating","yes","Yellow",227,0,"11/12/2019 10:30","week3","tank3_heating_yes_11/12/2019 10:30",16.97162,"tank3_heating_yes_Yellow"
"11/12/2019","D5",40,"10:30","tank3","D5_H2","HNW","heating","no","Yellow",225,0,"11/12/2019 10:30","week3","tank3_heating_no_11/12/2019 10:30",16.57931,"tank3_heating_no_Yellow"
"11/12/2019","D5",40,"10:30","tank2","D5_C2","CW","control","yes","Yellow",226,0,"11/12/2019 10:30","week3","tank2_control_yes_11/12/2019 10:30",16.85885,"tank2_control_yes_Yellow"
"11/12/2019","D5",40,"10:30","tank2","D5_C2","CNW","control","no","Yellow",222,0,"11/12/2019 10:30","week3","tank2_control_no_11/12/2019 10:30",16.92107,"tank2_control_no_Yellow"
"11/12/2019","D5",40,"10:30","tank1","D5_C1","CW","control","yes","Yellow",227,0,"11/12/2019 10:30","week3","tank1_control_yes_11/12/2019 10:30",16.74211,"tank1_control_yes_Yellow"
"11/12/2019","D5",40,"10:30","tank1","D5_C1","CNW","control","no","Yellow",222,0,"11/12/2019 10:30","week3","tank1_control_no_11/12/2019 10:30",16.21872,"tank1_control_no_Yellow"
"11/8/2019","D1",40,"10:30","tank4","D1_H1","HW","heating","yes","Black",223,0,"11/8/2019 10:30","week3","tank4_heating_yes_11/8/2019 10:30",16.48932059,"tank4_heating_yes_Black"
"11/8/2019","D1",40,"10:30","tank4","D1_H1","HNW","heating","no","Black",225,0,"11/8/2019 10:30","week3","tank4_heating_no_11/8/2019 10:30",16.7357414,"tank4_heating_no_Black"
"11/8/2019","D1",40,"10:30","tank3","D1_H2","HW","heating","yes","Black",222,0,"11/8/2019 10:30","week3","tank3_heating_yes_11/8/2019 10:30",16.76951512,"tank3_heating_yes_Black"
"11/8/2019","D1",40,"10:30","tank3","D1_H2","HNW","heating","no","Black",225,0,"11/8/2019 10:30","week3","tank3_heating_no_11/8/2019 10:30",16.56009777,"tank3_heating_no_Black"
"11/8/2019","D1",40,"10:30","tank2","D1_C2","CW","control","yes","Black",222,0,"11/8/2019 10:30","week3","tank2_control_yes_11/8/2019 10:30",16.8880041,"tank2_control_yes_Black"
"11/8/2019","D1",40,"10:30","tank2","D1_C2","CNW","control","no","Black",225,0,"11/8/2019 10:30","week3","tank2_control_no_11/8/2019 10:30",16.88249642,"tank2_control_no_Black"
"11/8/2019","D1",40,"10:30","tank1","D1_C1","CW","control","yes","Black",228,0,"11/8/2019 10:30","week3","tank1_control_yes_11/8/2019 10:30",16.72287256,"tank1_control_yes_Black"
"11/8/2019","D1",40,"10:30","tank1","D1_C1","CNW","control","no","Black",232,0,"11/8/2019 10:30","week3","tank1_control_no_11/8/2019 10:30",16.26670899,"tank1_control_no_Black"
"11/9/2019","D2",40,"10:30","tank4","D2_H1","HW","heating","yes","Black",223,0,"11/9/2019 10:30","week3","tank4_heating_yes_11/9/2019 10:30",16.76942,"tank4_heating_yes_Black"
"11/9/2019","D2",40,"10:30","tank4","D2_H1","HNW","heating","no","Black",225,0,"11/9/2019 10:30","week3","tank4_heating_no_11/9/2019 10:30",16.89897,"tank4_heating_no_Black"
"11/9/2019","D2",40,"10:30","tank3","D2_H2","HW","heating","yes","Black",223,0,"11/9/2019 10:30","week3","tank3_heating_yes_11/9/2019 10:30",16.885,"tank3_heating_yes_Black"
"11/9/2019","D2",40,"10:30","tank3","D2_H2","HNW","heating","no","Black",220,0,"11/9/2019 10:30","week3","tank3_heating_no_11/9/2019 10:30",16.57931,"tank3_heating_no_Black"
"11/9/2019","D2",40,"10:30","tank2","D2_C2","CW","control","yes","Black",222,0,"11/9/2019 10:30","week3","tank2_control_yes_11/9/2019 10:30",16.9852,"tank2_control_yes_Black"
"11/9/2019","D2",40,"10:30","tank2","D2_C2","CNW","control","no","Black",225,0,"11/9/2019 10:30","week3","tank2_control_no_11/9/2019 10:30",16.8825,"tank2_control_no_Black"
"11/9/2019","D2",40,"10:30","tank1","D2_C1","CW","control","yes","Black",231,0,"11/9/2019 10:30","week3","tank1_control_yes_11/9/2019 10:30",16.76134,"tank1_control_yes_Black"
"11/9/2019","D2",40,"10:30","tank1","D2_C1","CNW","control","no","Black",225,0,"11/9/2019 10:30","week3","tank1_control_no_11/9/2019 10:30",16.32429,"tank1_control_no_Black"
"11/10/2019","D3",40,"10:30","tank4","D3_H1","HW","heating","yes","Black",225,0,"11/10/2019 10:30","week3","tank4_heating_yes_11/10/2019 10:30",16.82737,"tank4_heating_yes_Black"
"11/10/2019","D3",40,"10:30","tank4","D3_H1","HNW","heating","no","Black",225,0,"11/10/2019 10:30","week3","tank4_heating_no_11/10/2019 10:30",16.89897,"tank4_heating_no_Black"
"11/10/2019","D3",40,"10:30","tank3","D3_H2","HW","heating","yes","Black",222,0,"11/10/2019 10:30","week3","tank3_heating_yes_11/10/2019 10:30",17.01011,"tank3_heating_yes_Black"
"11/10/2019","D3",40,"10:30","tank3","D3_H2","HNW","heating","no","Black",220,0,"11/10/2019 10:30","week3","tank3_heating_no_11/10/2019 10:30",16.67536,"tank3_heating_no_Black"
"11/10/2019","D3",40,"10:30","tank2","D3_C2","CW","control","yes","Black",223,0,"11/10/2019 10:30","week3","tank2_control_yes_11/10/2019 10:30",16.94632,"tank2_control_yes_Black"
"11/10/2019","D3",40,"10:30","tank2","D3_C2","CNW","control","no","Black",225,0,"11/10/2019 10:30","week3","tank2_control_no_11/10/2019 10:30",16.86321,"tank2_control_no_Black"
"11/10/2019","D3",40,"10:30","tank1","D3_C1","CW","control","yes","Black",229,0,"11/10/2019 10:30","week3","tank1_control_yes_11/10/2019 10:30",16.72287,"tank1_control_yes_Black"
"11/10/2019","D3",40,"10:30","tank1","D3_C1","CNW","control","no","Black",224,0,"11/10/2019 10:30","week3","tank1_control_no_11/10/2019 10:30",16.27631,"tank1_control_no_Black"
"11/11/2019","D4",40,"10:30","tank4","D4_H1","HW","heating","yes","Black",224,0,"11/11/2019 10:30","week3","tank4_heating_yes_11/11/2019 10:30",16.82737,"tank4_heating_yes_Black"
"11/11/2019","D4",40,"10:30","tank4","D4_H1","HNW","heating","no","Black",226,0,"11/11/2019 10:30","week3","tank4_heating_no_11/11/2019 10:30",16.81255,"tank4_heating_no_Black"
"11/11/2019","D4",40,"10:30","tank3","D4_H2","HW","heating","yes","Black",220,0,"11/11/2019 10:30","week3","tank3_heating_yes_11/11/2019 10:30",16.97162,"tank3_heating_yes_Black"
"11/11/2019","D4",40,"10:30","tank3","D4_H2","HNW","heating","no","Black",221,0,"11/11/2019 10:30","week3","tank3_heating_no_11/11/2019 10:30",16.59852,"tank3_heating_no_Black"
"11/11/2019","D4",40,"10:30","tank2","D4_C2","CW","control","yes","Black",223,0,"11/11/2019 10:30","week3","tank2_control_yes_11/11/2019 10:30",17.00464,"tank2_control_yes_Black"
"11/11/2019","D4",40,"10:30","tank2","D4_C2","CNW","control","no","Black",221,0,"11/11/2019 10:30","week3","tank2_control_no_11/11/2019 10:30",16.90178,"tank2_control_no_Black"
"11/11/2019","D4",40,"10:30","tank1","D4_C1","CW","control","yes","Black",229,0,"11/11/2019 10:30","week3","tank1_control_yes_11/11/2019 10:30",16.74211,"tank1_control_yes_Black"
"11/11/2019","D4",40,"10:30","tank1","D4_C1","CNW","control","no","Black",224,0,"11/11/2019 10:30","week3","tank1_control_no_11/11/2019 10:30",16.2955,"tank1_control_no_Black"
"11/12/2019","D5",40,"10:30","tank4","D5_H1","HW","heating","yes","Black",223,0,"11/12/2019 10:30","week3","tank4_heating_yes_11/12/2019 10:30",16.80806,"tank4_heating_yes_Black"
"11/12/2019","D5",40,"10:30","tank4","D5_H1","HNW","heating","no","Black",225,0,"11/12/2019 10:30","week3","tank4_heating_no_11/12/2019 10:30",16.83176,"tank4_heating_no_Black"
"11/12/2019","D5",40,"10:30","tank3","D5_H2","HW","heating","yes","Black",222,0,"11/12/2019 10:30","week3","tank3_heating_yes_11/12/2019 10:30",16.97162,"tank3_heating_yes_Black"
"11/12/2019","D5",40,"10:30","tank3","D5_H2","HNW","heating","no","Black",222,0,"11/12/2019 10:30","week3","tank3_heating_no_11/12/2019 10:30",16.57931,"tank3_heating_no_Black"
"11/12/2019","D5",40,"10:30","tank2","D5_C2","CW","control","yes","Black",224,0,"11/12/2019 10:30","week3","tank2_control_yes_11/12/2019 10:30",16.85885,"tank2_control_yes_Black"
"11/12/2019","D5",40,"10:30","tank2","D5_C2","CNW","control","no","Black",222,0,"11/12/2019 10:30","week3","tank2_control_no_11/12/2019 10:30",16.92107,"tank2_control_no_Black"
"11/12/2019","D5",40,"10:30","tank1","D5_C1","CW","control","yes","Black",229,0,"11/12/2019 10:30","week3","tank1_control_yes_11/12/2019 10:30",16.74211,"tank1_control_yes_Black"
"11/12/2019","D5",40,"10:30","tank1","D5_C1","CNW","control","no","Black",225,0,"11/12/2019 10:30","week3","tank1_control_no_11/12/2019 10:30",16.21872,"tank1_control_no_Black"
"11/8/2019","D1",40,"10:30","tank4","D1_H1","HW","heating","yes","White",226,0,"11/8/2019 10:30","week3","tank4_heating_yes_11/8/2019 10:30",16.48932059,"tank4_heating_yes_White"
"11/8/2019","D1",40,"10:30","tank4","D1_H1","HNW","heating","no","White",224,0,"11/8/2019 10:30","week3","tank4_heating_no_11/8/2019 10:30",16.7357414,"tank4_heating_no_White"
"11/8/2019","D1",40,"10:30","tank3","D1_H2","HW","heating","yes","White",226,0,"11/8/2019 10:30","week3","tank3_heating_yes_11/8/2019 10:30",16.76951512,"tank3_heating_yes_White"
"11/8/2019","D1",40,"10:30","tank3","D1_H2","HNW","heating","no","White",233,0,"11/8/2019 10:30","week3","tank3_heating_no_11/8/2019 10:30",16.56009777,"tank3_heating_no_White"
"11/8/2019","D1",40,"10:30","tank2","D1_C2","CW","control","yes","White",223,0,"11/8/2019 10:30","week3","tank2_control_yes_11/8/2019 10:30",16.8880041,"tank2_control_yes_White"
"11/8/2019","D1",40,"10:30","tank2","D1_C2","CNW","control","no","White",230,0,"11/8/2019 10:30","week3","tank2_control_no_11/8/2019 10:30",16.88249642,"tank2_control_no_White"
"11/8/2019","D1",40,"10:30","tank1","D1_C1","CW","control","yes","White",223,0,"11/8/2019 10:30","week3","tank1_control_yes_11/8/2019 10:30",16.72287256,"tank1_control_yes_White"
"11/8/2019","D1",40,"10:30","tank1","D1_C1","CNW","control","no","White",227,0,"11/8/2019 10:30","week3","tank1_control_no_11/8/2019 10:30",16.26670899,"tank1_control_no_White"
"11/9/2019","D2",40,"10:30","tank4","D2_H1","HW","heating","yes","White",231,0,"11/9/2019 10:30","week3","tank4_heating_yes_11/9/2019 10:30",16.76942,"tank4_heating_yes_White"
"11/9/2019","D2",40,"10:30","tank4","D2_H1","HNW","heating","no","White",224,0,"11/9/2019 10:30","week3","tank4_heating_no_11/9/2019 10:30",16.89897,"tank4_heating_no_White"
"11/9/2019","D2",40,"10:30","tank3","D2_H2","HW","heating","yes","White",226,0,"11/9/2019 10:30","week3","tank3_heating_yes_11/9/2019 10:30",16.885,"tank3_heating_yes_White"
"11/9/2019","D2",40,"10:30","tank3","D2_H2","HNW","heating","no","White",232,0,"11/9/2019 10:30","week3","tank3_heating_no_11/9/2019 10:30",16.57931,"tank3_heating_no_White"
"11/9/2019","D2",40,"10:30","tank2","D2_C2","CW","control","yes","White",222,0,"11/9/2019 10:30","week3","tank2_control_yes_11/9/2019 10:30",16.9852,"tank2_control_yes_White"
"11/9/2019","D2",40,"10:30","tank2","D2_C2","CNW","control","no","White",232,0,"11/9/2019 10:30","week3","tank2_control_no_11/9/2019 10:30",16.8825,"tank2_control_no_White"
"11/9/2019","D2",40,"10:30","tank1","D2_C1","CW","control","yes","White",227,0,"11/9/2019 10:30","week3","tank1_control_yes_11/9/2019 10:30",16.76134,"tank1_control_yes_White"
"11/9/2019","D2",40,"10:30","tank1","D2_C1","CNW","control","no","White",228,0,"11/9/2019 10:30","week3","tank1_control_no_11/9/2019 10:30",16.32429,"tank1_control_no_White"
"11/10/2019","D3",40,"10:30","tank4","D3_H1","HW","heating","yes","White",223,0,"11/10/2019 10:30","week3","tank4_heating_yes_11/10/2019 10:30",16.82737,"tank4_heating_yes_White"
"11/10/2019","D3",40,"10:30","tank4","D3_H1","HNW","heating","no","White",223,0,"11/10/2019 10:30","week3","tank4_heating_no_11/10/2019 10:30",16.89897,"tank4_heating_no_White"
"11/10/2019","D3",40,"10:30","tank3","D3_H2","HW","heating","yes","White",226,0,"11/10/2019 10:30","week3","tank3_heating_yes_11/10/2019 10:30",17.01011,"tank3_heating_yes_White"
"11/10/2019","D3",40,"10:30","tank3","D3_H2","HNW","heating","no","White",230,0,"11/10/2019 10:30","week3","tank3_heating_no_11/10/2019 10:30",16.67536,"tank3_heating_no_White"
"11/10/2019","D3",40,"10:30","tank2","D3_C2","CW","control","yes","White",223,0,"11/10/2019 10:30","week3","tank2_control_yes_11/10/2019 10:30",16.94632,"tank2_control_yes_White"
"11/10/2019","D3",40,"10:30","tank2","D3_C2","CNW","control","no","White",231,0,"11/10/2019 10:30","week3","tank2_control_no_11/10/2019 10:30",16.86321,"tank2_control_no_White"
"11/10/2019","D3",40,"10:30","tank1","D3_C1","CW","control","yes","White",222,0,"11/10/2019 10:30","week3","tank1_control_yes_11/10/2019 10:30",16.72287,"tank1_control_yes_White"
"11/10/2019","D3",40,"10:30","tank1","D3_C1","CNW","control","no","White",230,0,"11/10/2019 10:30","week3","tank1_control_no_11/10/2019 10:30",16.27631,"tank1_control_no_White"
"11/11/2019","D4",40,"10:30","tank4","D4_H1","HW","heating","yes","White",223,0,"11/11/2019 10:30","week3","tank4_heating_yes_11/11/2019 10:30",16.82737,"tank4_heating_yes_White"
"11/11/2019","D4",40,"10:30","tank4","D4_H1","HNW","heating","no","White",223,0,"11/11/2019 10:30","week3","tank4_heating_no_11/11/2019 10:30",16.81255,"tank4_heating_no_White"
"11/11/2019","D4",40,"10:30","tank3","D4_H2","HW","heating","yes","White",226,0,"11/11/2019 10:30","week3","tank3_heating_yes_11/11/2019 10:30",16.97162,"tank3_heating_yes_White"
"11/11/2019","D4",40,"10:30","tank3","D4_H2","HNW","heating","no","White",228,0,"11/11/2019 10:30","week3","tank3_heating_no_11/11/2019 10:30",16.59852,"tank3_heating_no_White"
"11/11/2019","D4",40,"10:30","tank2","D4_C2","CW","control","yes","White",222,0,"11/11/2019 10:30","week3","tank2_control_yes_11/11/2019 10:30",17.00464,"tank2_control_yes_White"
"11/11/2019","D4",40,"10:30","tank2","D4_C2","CNW","control","no","White",230,0,"11/11/2019 10:30","week3","tank2_control_no_11/11/2019 10:30",16.90178,"tank2_control_no_White"
"11/11/2019","D4",40,"10:30","tank1","D4_C1","CW","control","yes","White",225,0,"11/11/2019 10:30","week3","tank1_control_yes_11/11/2019 10:30",16.74211,"tank1_control_yes_White"
"11/11/2019","D4",40,"10:30","tank1","D4_C1","CNW","control","no","White",229,0,"11/11/2019 10:30","week3","tank1_control_no_11/11/2019 10:30",16.2955,"tank1_control_no_White"
"11/12/2019","D5",40,"10:30","tank4","D5_H1","HW","heating","yes","White",225,0,"11/12/2019 10:30","week3","tank4_heating_yes_11/12/2019 10:30",16.80806,"tank4_heating_yes_White"
"11/12/2019","D5",40,"10:30","tank4","D5_H1","HNW","heating","no","White",224,0,"11/12/2019 10:30","week3","tank4_heating_no_11/12/2019 10:30",16.83176,"tank4_heating_no_White"
"11/12/2019","D5",40,"10:30","tank3","D5_H2","HW","heating","yes","White",234,0,"11/12/2019 10:30","week3","tank3_heating_yes_11/12/2019 10:30",16.97162,"tank3_heating_yes_White"
"11/12/2019","D5",40,"10:30","tank3","D5_H2","HNW","heating","no","White",228,0,"11/12/2019 10:30","week3","tank3_heating_no_11/12/2019 10:30",16.57931,"tank3_heating_no_White"
"11/12/2019","D5",40,"10:30","tank2","D5_C2","CW","control","yes","White",222,0,"11/12/2019 10:30","week3","tank2_control_yes_11/12/2019 10:30",16.85885,"tank2_control_yes_White"
"11/12/2019","D5",40,"10:30","tank2","D5_C2","CNW","control","no","White",224,0,"11/12/2019 10:30","week3","tank2_control_no_11/12/2019 10:30",16.92107,"tank2_control_no_White"
"11/12/2019","D5",40,"10:30","tank1","D5_C1","CW","control","yes","White",219,0,"11/12/2019 10:30","week3","tank1_control_yes_11/12/2019 10:30",16.74211,"tank1_control_yes_White"
"11/12/2019","D5",40,"10:30","tank1","D5_C1","CNW","control","no","White",232,0,"11/12/2019 10:30","week3","tank1_control_no_11/12/2019 10:30",16.21872,"tank1_control_no_White"
"11/8/2019","D1",40,"12:30","tank4","D1_H1","HW","heating","yes","Red",235,8,"11/8/2019 12:30","week3","tank4_heating_yes_11/8/2019 12:30",21.31864875,"tank4_heating_yes_Red"
"11/8/2019","D1",40,"12:30","tank4","D1_H1","HNW","heating","no","Red",230,-15,"11/8/2019 12:30","week3","tank4_heating_no_11/8/2019 12:30",31.87750739,"tank4_heating_no_Red"
"11/8/2019","D1",40,"12:30","tank3","D1_H2","HW","heating","yes","Red",224,3,"11/8/2019 12:30","week3","tank3_heating_yes_11/8/2019 12:30",19.53157278,"tank3_heating_yes_Red"
"11/8/2019","D1",40,"12:30","tank3","D1_H2","HNW","heating","no","Red",230,0,"11/8/2019 12:30","week3","tank3_heating_no_11/8/2019 12:30",27.24143193,"tank3_heating_no_Red"
"11/8/2019","D1",40,"12:30","tank2","D1_C2","CW","control","yes","Red",226,1,"11/8/2019 12:30","week3","tank2_control_yes_11/8/2019 12:30",16.53810001,"tank2_control_yes_Red"
"11/8/2019","D1",40,"12:30","tank2","D1_C2","CNW","control","no","Red",226,-3,"11/8/2019 12:30","week3","tank2_control_no_11/8/2019 12:30",18.2517387,"tank2_control_no_Red"
"11/8/2019","D1",40,"12:30","tank1","D1_C1","CW","control","yes","Red",229,0,"11/8/2019 12:30","week3","tank1_control_yes_11/8/2019 12:30",16.59785885,"tank1_control_yes_Red"
"11/8/2019","D1",40,"12:30","tank1","D1_C1","CNW","control","no","Red",226,0,"11/8/2019 12:30","week3","tank1_control_no_11/8/2019 12:30",16.19952734,"tank1_control_no_Red"
"11/9/2019","D2",40,"12:30","tank4","D2_H1","HW","heating","yes","Red",230,4,"11/9/2019 12:30","week3","tank4_heating_yes_11/9/2019 12:30",21.38626,"tank4_heating_yes_Red"
"11/9/2019","D2",40,"12:30","tank4","D2_H1","HNW","heating","no","Red",227,-11,"11/9/2019 12:30","week3","tank4_heating_no_11/9/2019 12:30",30.02439,"tank4_heating_no_Red"
"11/9/2019","D2",40,"12:30","tank3","D2_H2","HW","heating","yes","Red",228,3,"11/9/2019 12:30","week3","tank3_heating_yes_11/9/2019 12:30",23.2464,"tank3_heating_yes_Red"
"11/9/2019","D2",40,"12:30","tank3","D2_H2","HNW","heating","no","Red",228,-2,"11/9/2019 12:30","week3","tank3_heating_no_11/9/2019 12:30",28.72068,"tank3_heating_no_Red"
"11/9/2019","D2",40,"12:30","tank2","D2_C2","CW","control","yes","Red",227,-3,"11/9/2019 12:30","week3","tank2_control_yes_11/9/2019 12:30",16.55754,"tank2_control_yes_Red"
"11/9/2019","D2",40,"12:30","tank2","D2_C2","CNW","control","no","Red",224,-2,"11/9/2019 12:30","week3","tank2_control_no_11/9/2019 12:30",16.41965,"tank2_control_no_Red"
"11/9/2019","D2",40,"12:30","tank1","D2_C1","CW","control","yes","Red",229,0,"11/9/2019 12:30","week3","tank1_control_yes_11/9/2019 12:30",16.55939,"tank1_control_yes_Red"
"11/9/2019","D2",40,"12:30","tank1","D2_C1","CNW","control","no","Red",225,0,"11/9/2019 12:30","week3","tank1_control_no_11/9/2019 12:30",15.90201,"tank1_control_no_Red"
"11/10/2019","D3",40,"12:30","tank4","D3_H1","HW","heating","yes","Red",226,0,"11/10/2019 12:30","week3","tank4_heating_yes_11/10/2019 12:30",21.56012,"tank4_heating_yes_Red"
"11/10/2019","D3",40,"12:30","tank4","D3_H1","HNW","heating","no","Red",228,-14,"11/10/2019 12:30","week3","tank4_heating_no_11/10/2019 12:30",30.59089,"tank4_heating_no_Red"
"11/10/2019","D3",40,"12:30","tank3","D3_H2","HW","heating","yes","Red",230,4,"11/10/2019 12:30","week3","tank3_heating_yes_11/10/2019 12:30",22.86144,"tank3_heating_yes_Red"
"11/10/2019","D3",40,"12:30","tank3","D3_H2","HNW","heating","no","Red",228,-2,"11/10/2019 12:30","week3","tank3_heating_no_11/10/2019 12:30",27.31828,"tank3_heating_no_Red"
"11/10/2019","D3",40,"12:30","tank2","D3_C2","CW","control","yes","Red",226,-1,"11/10/2019 12:30","week3","tank2_control_yes_11/10/2019 12:30",16.41175,"tank2_control_yes_Red"
"11/10/2019","D3",40,"12:30","tank2","D3_C2","CNW","control","no","Red",226,-1,"11/10/2019 12:30","week3","tank2_control_no_11/10/2019 12:30",15.28183,"tank2_control_no_Red"
"11/10/2019","D3",40,"12:30","tank1","D3_C1","CW","control","yes","Red",231,1,"11/10/2019 12:30","week3","tank1_control_yes_11/10/2019 12:30",16.55939,"tank1_control_yes_Red"
"11/10/2019","D3",40,"12:30","tank1","D3_C1","CNW","control","no","Red",226,1,"11/10/2019 12:30","week3","tank1_control_no_11/10/2019 12:30",15.71966,"tank1_control_no_Red"
"11/11/2019","D4",40,"12:30","tank4","D4_H1","HW","heating","yes","Red",228,1,"11/11/2019 12:30","week3","tank4_heating_yes_11/11/2019 12:30",21.62773,"tank4_heating_yes_Red"
"11/11/2019","D4",40,"12:30","tank4","D4_H1","HNW","heating","no","Red",227,-16,"11/11/2019 12:30","week3","tank4_heating_no_11/11/2019 12:30",31.68547,"tank4_heating_no_Red"
"11/11/2019","D4",40,"12:30","tank3","D4_H2","HW","heating","yes","Red",225,1,"11/11/2019 12:30","week3","tank3_heating_yes_11/11/2019 12:30",23.02505,"tank3_heating_yes_Red"
"11/11/2019","D4",40,"12:30","tank3","D4_H2","HNW","heating","no","Red",229,0,"11/11/2019 12:30","week3","tank3_heating_no_11/11/2019 12:30",27.80816,"tank3_heating_no_Red"
"11/11/2019","D4",40,"12:30","tank2","D4_C2","CW","control","yes","Red",226,1,"11/11/2019 12:30","week3","tank2_control_yes_11/11/2019 12:30",16.42147,"tank2_control_yes_Red"
"11/11/2019","D4",40,"12:30","tank2","D4_C2","CNW","control","no","Red",224,-2,"11/11/2019 12:30","week3","tank2_control_no_11/11/2019 12:30",16.38108,"tank2_control_no_Red"
"11/11/2019","D4",40,"12:30","tank1","D4_C1","CW","control","yes","Red",229,1,"11/11/2019 12:30","week3","tank1_control_yes_11/11/2019 12:30",16.58824,"tank1_control_yes_Red"
"11/11/2019","D4",40,"12:30","tank1","D4_C1","CNW","control","no","Red",225,0,"11/11/2019 12:30","week3","tank1_control_no_11/11/2019 12:30",15.78684,"tank1_control_no_Red"
"11/12/2019","D5",40,"12:30","tank4","D5_H1","HW","heating","yes","Red",226,0,"11/12/2019 12:30","week3","tank4_heating_yes_11/12/2019 12:30",21.22206,"tank4_heating_yes_Red"
"11/12/2019","D5",40,"12:30","tank4","D5_H1","HNW","heating","no","Red",231,-15,"11/12/2019 12:30","week3","tank4_heating_no_11/12/2019 12:30",31.2342,"tank4_heating_no_Red"
"11/12/2019","D5",40,"12:30","tank3","D5_H2","HW","heating","yes","Red",227,3,"11/12/2019 12:30","week3","tank3_heating_yes_11/12/2019 12:30",22.69783,"tank3_heating_yes_Red"
"11/12/2019","D5",40,"12:30","tank3","D5_H2","HNW","heating","no","Red",228,-3,"11/12/2019 12:30","week3","tank3_heating_no_11/12/2019 12:30",27.76974,"tank3_heating_no_Red"
"11/12/2019","D5",40,"12:30","tank2","D5_C2","CW","control","yes","Red",226,1,"11/12/2019 12:30","week3","tank2_control_yes_11/12/2019 12:30",16.57698,"tank2_control_yes_Red"
"11/12/2019","D5",40,"12:30","tank2","D5_C2","CNW","control","no","Red",225,-1,"11/12/2019 12:30","week3","tank2_control_no_11/12/2019 12:30",17.12356,"tank2_control_no_Red"
"11/12/2019","D5",40,"12:30","tank1","D5_C1","CW","control","yes","Red",231,1,"11/12/2019 12:30","week3","tank1_control_yes_11/12/2019 12:30",16.60748,"tank1_control_yes_Red"
"11/12/2019","D5",40,"12:30","tank1","D5_C1","CNW","control","no","Red",224,-1,"11/12/2019 12:30","week3","tank1_control_no_11/12/2019 12:30",15.90201,"tank1_control_no_Red"
"11/8/2019","D1",40,"12:30","tank4","D1_H1","HW","heating","yes","Yellow",227,3,"11/8/2019 12:30","week3","tank4_heating_yes_11/8/2019 12:30",21.31864875,"tank4_heating_yes_Yellow"
"11/8/2019","D1",40,"12:30","tank4","D1_H1","HNW","heating","no","Yellow",229,0,"11/8/2019 12:30","week3","tank4_heating_no_11/8/2019 12:30",31.87750739,"tank4_heating_no_Yellow"
"11/8/2019","D1",40,"12:30","tank3","D1_H2","HW","heating","yes","Yellow",231,2,"11/8/2019 12:30","week3","tank3_heating_yes_11/8/2019 12:30",19.53157278,"tank3_heating_yes_Yellow"
"11/8/2019","D1",40,"12:30","tank3","D1_H2","HNW","heating","no","Yellow",226,2,"11/8/2019 12:30","week3","tank3_heating_no_11/8/2019 12:30",27.24143193,"tank3_heating_no_Yellow"
"11/8/2019","D1",40,"12:30","tank2","D1_C2","CW","control","yes","Yellow",228,1,"11/8/2019 12:30","week3","tank2_control_yes_11/8/2019 12:30",16.53810001,"tank2_control_yes_Yellow"
"11/8/2019","D1",40,"12:30","tank2","D1_C2","CNW","control","no","Yellow",223,0,"11/8/2019 12:30","week3","tank2_control_no_11/8/2019 12:30",18.2517387,"tank2_control_no_Yellow"
"11/8/2019","D1",40,"12:30","tank1","D1_C1","CW","control","yes","Yellow",229,2,"11/8/2019 12:30","week3","tank1_control_yes_11/8/2019 12:30",16.59785885,"tank1_control_yes_Yellow"
"11/8/2019","D1",40,"12:30","tank1","D1_C1","CNW","control","no","Yellow",224,-2,"11/8/2019 12:30","week3","tank1_control_no_11/8/2019 12:30",16.19952734,"tank1_control_no_Yellow"
"11/9/2019","D2",40,"12:30","tank4","D2_H1","HW","heating","yes","Yellow",227,3,"11/9/2019 12:30","week3","tank4_heating_yes_11/9/2019 12:30",21.38626,"tank4_heating_yes_Yellow"
"11/9/2019","D2",40,"12:30","tank4","D2_H1","HNW","heating","no","Yellow",229,-2,"11/9/2019 12:30","week3","tank4_heating_no_11/9/2019 12:30",30.02439,"tank4_heating_no_Yellow"
"11/9/2019","D2",40,"12:30","tank3","D2_H2","HW","heating","yes","Yellow",234,7,"11/9/2019 12:30","week3","tank3_heating_yes_11/9/2019 12:30",23.2464,"tank3_heating_yes_Yellow"
"11/9/2019","D2",40,"12:30","tank3","D2_H2","HNW","heating","no","Yellow",225,-2,"11/9/2019 12:30","week3","tank3_heating_no_11/9/2019 12:30",28.72068,"tank3_heating_no_Yellow"
"11/9/2019","D2",40,"12:30","tank2","D2_C2","CW","control","yes","Yellow",229,1,"11/9/2019 12:30","week3","tank2_control_yes_11/9/2019 12:30",16.55754,"tank2_control_yes_Yellow"
"11/9/2019","D2",40,"12:30","tank2","D2_C2","CNW","control","no","Yellow",223,0,"11/9/2019 12:30","week3","tank2_control_no_11/9/2019 12:30",16.41965,"tank2_control_no_Yellow"
"11/9/2019","D2",40,"12:30","tank1","D2_C1","CW","control","yes","Yellow",227,0,"11/9/2019 12:30","week3","tank1_control_yes_11/9/2019 12:30",16.55939,"tank1_control_yes_Yellow"
"11/9/2019","D2",40,"12:30","tank1","D2_C1","CNW","control","no","Yellow",224,0,"11/9/2019 12:30","week3","tank1_control_no_11/9/2019 12:30",15.90201,"tank1_control_no_Yellow"
"11/10/2019","D3",40,"12:30","tank4","D3_H1","HW","heating","yes","Yellow",226,-1,"11/10/2019 12:30","week3","tank4_heating_yes_11/10/2019 12:30",21.56012,"tank4_heating_yes_Yellow"
"11/10/2019","D3",40,"12:30","tank4","D3_H1","HNW","heating","no","Yellow",231,-2,"11/10/2019 12:30","week3","tank4_heating_no_11/10/2019 12:30",30.59089,"tank4_heating_no_Yellow"
"11/10/2019","D3",40,"12:30","tank3","D3_H2","HW","heating","yes","Yellow",226,0,"11/10/2019 12:30","week3","tank3_heating_yes_11/10/2019 12:30",22.86144,"tank3_heating_yes_Yellow"
"11/10/2019","D3",40,"12:30","tank3","D3_H2","HNW","heating","no","Yellow",225,0,"11/10/2019 12:30","week3","tank3_heating_no_11/10/2019 12:30",27.31828,"tank3_heating_no_Yellow"
"11/10/2019","D3",40,"12:30","tank2","D3_C2","CW","control","yes","Yellow",228,1,"11/10/2019 12:30","week3","tank2_control_yes_11/10/2019 12:30",16.41175,"tank2_control_yes_Yellow"
"11/10/2019","D3",40,"12:30","tank2","D3_C2","CNW","control","no","Yellow",222,0,"11/10/2019 12:30","week3","tank2_control_no_11/10/2019 12:30",15.28183,"tank2_control_no_Yellow"
"11/10/2019","D3",40,"12:30","tank1","D3_C1","CW","control","yes","Yellow",226,0,"11/10/2019 12:30","week3","tank1_control_yes_11/10/2019 12:30",16.55939,"tank1_control_yes_Yellow"
"11/10/2019","D3",40,"12:30","tank1","D3_C1","CNW","control","no","Yellow",225,1,"11/10/2019 12:30","week3","tank1_control_no_11/10/2019 12:30",15.71966,"tank1_control_no_Yellow"
"11/11/2019","D4",40,"12:30","tank4","D4_H1","HW","heating","yes","Yellow",227,0,"11/11/2019 12:30","week3","tank4_heating_yes_11/11/2019 12:30",21.62773,"tank4_heating_yes_Yellow"
"11/11/2019","D4",40,"12:30","tank4","D4_H1","HNW","heating","no","Yellow",230,-3,"11/11/2019 12:30","week3","tank4_heating_no_11/11/2019 12:30",31.68547,"tank4_heating_no_Yellow"
"11/11/2019","D4",40,"12:30","tank3","D4_H2","HW","heating","yes","Yellow",229,2,"11/11/2019 12:30","week3","tank3_heating_yes_11/11/2019 12:30",23.02505,"tank3_heating_yes_Yellow"
"11/11/2019","D4",40,"12:30","tank3","D4_H2","HNW","heating","no","Yellow",221,-2,"11/11/2019 12:30","week3","tank3_heating_no_11/11/2019 12:30",27.80816,"tank3_heating_no_Yellow"
"11/11/2019","D4",40,"12:30","tank2","D4_C2","CW","control","yes","Yellow",227,0,"11/11/2019 12:30","week3","tank2_control_yes_11/11/2019 12:30",16.42147,"tank2_control_yes_Yellow"
"11/11/2019","D4",40,"12:30","tank2","D4_C2","CNW","control","no","Yellow",222,1,"11/11/2019 12:30","week3","tank2_control_no_11/11/2019 12:30",16.38108,"tank2_control_no_Yellow"
"11/11/2019","D4",40,"12:30","tank1","D4_C1","CW","control","yes","Yellow",227,-1,"11/11/2019 12:30","week3","tank1_control_yes_11/11/2019 12:30",16.58824,"tank1_control_yes_Yellow"
"11/11/2019","D4",40,"12:30","tank1","D4_C1","CNW","control","no","Yellow",226,0,"11/11/2019 12:30","week3","tank1_control_no_11/11/2019 12:30",15.78684,"tank1_control_no_Yellow"
"11/12/2019","D5",40,"12:30","tank4","D5_H1","HW","heating","yes","Yellow",226,2,"11/12/2019 12:30","week3","tank4_heating_yes_11/12/2019 12:30",21.22206,"tank4_heating_yes_Yellow"
"11/12/2019","D5",40,"12:30","tank4","D5_H1","HNW","heating","no","Yellow",229,-2,"11/12/2019 12:30","week3","tank4_heating_no_11/12/2019 12:30",31.2342,"tank4_heating_no_Yellow"
"11/12/2019","D5",40,"12:30","tank3","D5_H2","HW","heating","yes","Yellow",229,2,"11/12/2019 12:30","week3","tank3_heating_yes_11/12/2019 12:30",22.69783,"tank3_heating_yes_Yellow"
"11/12/2019","D5",40,"12:30","tank3","D5_H2","HNW","heating","no","Yellow",225,0,"11/12/2019 12:30","week3","tank3_heating_no_11/12/2019 12:30",27.76974,"tank3_heating_no_Yellow"
"11/12/2019","D5",40,"12:30","tank2","D5_C2","CW","control","yes","Yellow",226,0,"11/12/2019 12:30","week3","tank2_control_yes_11/12/2019 12:30",16.57698,"tank2_control_yes_Yellow"
"11/12/2019","D5",40,"12:30","tank2","D5_C2","CNW","control","no","Yellow",222,0,"11/12/2019 12:30","week3","tank2_control_no_11/12/2019 12:30",17.12356,"tank2_control_no_Yellow"
"11/12/2019","D5",40,"12:30","tank1","D5_C1","CW","control","yes","Yellow",226,-1,"11/12/2019 12:30","week3","tank1_control_yes_11/12/2019 12:30",16.60748,"tank1_control_yes_Yellow"
"11/12/2019","D5",40,"12:30","tank1","D5_C1","CNW","control","no","Yellow",223,1,"11/12/2019 12:30","week3","tank1_control_no_11/12/2019 12:30",15.90201,"tank1_control_no_Yellow"
"11/8/2019","D1",40,"12:30","tank4","D1_H1","HW","heating","yes","Black",225,2,"11/8/2019 12:30","week3","tank4_heating_yes_11/8/2019 12:30",21.31864875,"tank4_heating_yes_Black"
"11/8/2019","D1",40,"12:30","tank4","D1_H1","HNW","heating","no","Black",228,3,"11/8/2019 12:30","week3","tank4_heating_no_11/8/2019 12:30",31.87750739,"tank4_heating_no_Black"
"11/8/2019","D1",40,"12:30","tank3","D1_H2","HW","heating","yes","Black",223,1,"11/8/2019 12:30","week3","tank3_heating_yes_11/8/2019 12:30",19.53157278,"tank3_heating_yes_Black"
"11/8/2019","D1",40,"12:30","tank3","D1_H2","HNW","heating","no","Black",222,-3,"11/8/2019 12:30","week3","tank3_heating_no_11/8/2019 12:30",27.24143193,"tank3_heating_no_Black"
"11/8/2019","D1",40,"12:30","tank2","D1_C2","CW","control","yes","Black",223,1,"11/8/2019 12:30","week3","tank2_control_yes_11/8/2019 12:30",16.53810001,"tank2_control_yes_Black"
"11/8/2019","D1",40,"12:30","tank2","D1_C2","CNW","control","no","Black",224,-1,"11/8/2019 12:30","week3","tank2_control_no_11/8/2019 12:30",18.2517387,"tank2_control_no_Black"
"11/8/2019","D1",40,"12:30","tank1","D1_C1","CW","control","yes","Black",227,-1,"11/8/2019 12:30","week3","tank1_control_yes_11/8/2019 12:30",16.59785885,"tank1_control_yes_Black"
"11/8/2019","D1",40,"12:30","tank1","D1_C1","CNW","control","no","Black",224,-8,"11/8/2019 12:30","week3","tank1_control_no_11/8/2019 12:30",16.19952734,"tank1_control_no_Black"
"11/9/2019","D2",40,"12:30","tank4","D2_H1","HW","heating","yes","Black",224,1,"11/9/2019 12:30","week3","tank4_heating_yes_11/9/2019 12:30",21.38626,"tank4_heating_yes_Black"
"11/9/2019","D2",40,"12:30","tank4","D2_H1","HNW","heating","no","Black",224,-1,"11/9/2019 12:30","week3","tank4_heating_no_11/9/2019 12:30",30.02439,"tank4_heating_no_Black"
"11/9/2019","D2",40,"12:30","tank3","D2_H2","HW","heating","yes","Black",221,-2,"11/9/2019 12:30","week3","tank3_heating_yes_11/9/2019 12:30",23.2464,"tank3_heating_yes_Black"
"11/9/2019","D2",40,"12:30","tank3","D2_H2","HNW","heating","no","Black",220,0,"11/9/2019 12:30","week3","tank3_heating_no_11/9/2019 12:30",28.72068,"tank3_heating_no_Black"
"11/9/2019","D2",40,"12:30","tank2","D2_C2","CW","control","yes","Black",223,1,"11/9/2019 12:30","week3","tank2_control_yes_11/9/2019 12:30",16.55754,"tank2_control_yes_Black"
"11/9/2019","D2",40,"12:30","tank2","D2_C2","CNW","control","no","Black",224,-1,"11/9/2019 12:30","week3","tank2_control_no_11/9/2019 12:30",16.41965,"tank2_control_no_Black"
"11/9/2019","D2",40,"12:30","tank1","D2_C1","CW","control","yes","Black",233,2,"11/9/2019 12:30","week3","tank1_control_yes_11/9/2019 12:30",16.55939,"tank1_control_yes_Black"
"11/9/2019","D2",40,"12:30","tank1","D2_C1","CNW","control","no","Black",225,0,"11/9/2019 12:30","week3","tank1_control_no_11/9/2019 12:30",15.90201,"tank1_control_no_Black"
"11/10/2019","D3",40,"12:30","tank4","D3_H1","HW","heating","yes","Black",225,0,"11/10/2019 12:30","week3","tank4_heating_yes_11/10/2019 12:30",21.56012,"tank4_heating_yes_Black"
"11/10/2019","D3",40,"12:30","tank4","D3_H1","HNW","heating","no","Black",224,-1,"11/10/2019 12:30","week3","tank4_heating_no_11/10/2019 12:30",30.59089,"tank4_heating_no_Black"
"11/10/2019","D3",40,"12:30","tank3","D3_H2","HW","heating","yes","Black",222,0,"11/10/2019 12:30","week3","tank3_heating_yes_11/10/2019 12:30",22.86144,"tank3_heating_yes_Black"
"11/10/2019","D3",40,"12:30","tank3","D3_H2","HNW","heating","no","Black",219,-1,"11/10/2019 12:30","week3","tank3_heating_no_11/10/2019 12:30",27.31828,"tank3_heating_no_Black"
"11/10/2019","D3",40,"12:30","tank2","D3_C2","CW","control","yes","Black",223,0,"11/10/2019 12:30","week3","tank2_control_yes_11/10/2019 12:30",16.41175,"tank2_control_yes_Black"
"11/10/2019","D3",40,"12:30","tank2","D3_C2","CNW","control","no","Black",224,-1,"11/10/2019 12:30","week3","tank2_control_no_11/10/2019 12:30",15.28183,"tank2_control_no_Black"
"11/10/2019","D3",40,"12:30","tank1","D3_C1","CW","control","yes","Black",232,3,"11/10/2019 12:30","week3","tank1_control_yes_11/10/2019 12:30",16.55939,"tank1_control_yes_Black"
"11/10/2019","D3",40,"12:30","tank1","D3_C1","CNW","control","no","Black",225,1,"11/10/2019 12:30","week3","tank1_control_no_11/10/2019 12:30",15.71966,"tank1_control_no_Black"
"11/11/2019","D4",40,"12:30","tank4","D4_H1","HW","heating","yes","Black",224,0,"11/11/2019 12:30","week3","tank4_heating_yes_11/11/2019 12:30",21.62773,"tank4_heating_yes_Black"
"11/11/2019","D4",40,"12:30","tank4","D4_H1","HNW","heating","no","Black",223,-3,"11/11/2019 12:30","week3","tank4_heating_no_11/11/2019 12:30",31.68547,"tank4_heating_no_Black"
"11/11/2019","D4",40,"12:30","tank3","D4_H2","HW","heating","yes","Black",221,1,"11/11/2019 12:30","week3","tank3_heating_yes_11/11/2019 12:30",23.02505,"tank3_heating_yes_Black"
"11/11/2019","D4",40,"12:30","tank3","D4_H2","HNW","heating","no","Black",220,-1,"11/11/2019 12:30","week3","tank3_heating_no_11/11/2019 12:30",27.80816,"tank3_heating_no_Black"
"11/11/2019","D4",40,"12:30","tank2","D4_C2","CW","control","yes","Black",223,0,"11/11/2019 12:30","week3","tank2_control_yes_11/11/2019 12:30",16.42147,"tank2_control_yes_Black"
"11/11/2019","D4",40,"12:30","tank2","D4_C2","CNW","control","no","Black",223,2,"11/11/2019 12:30","week3","tank2_control_no_11/11/2019 12:30",16.38108,"tank2_control_no_Black"
"11/11/2019","D4",40,"12:30","tank1","D4_C1","CW","control","yes","Black",228,-1,"11/11/2019 12:30","week3","tank1_control_yes_11/11/2019 12:30",16.58824,"tank1_control_yes_Black"
"11/11/2019","D4",40,"12:30","tank1","D4_C1","CNW","control","no","Black",225,1,"11/11/2019 12:30","week3","tank1_control_no_11/11/2019 12:30",15.78684,"tank1_control_no_Black"
"11/12/2019","D5",40,"12:30","tank4","D5_H1","HW","heating","yes","Black",224,1,"11/12/2019 12:30","week3","tank4_heating_yes_11/12/2019 12:30",21.22206,"tank4_heating_yes_Black"
"11/12/2019","D5",40,"12:30","tank4","D5_H1","HNW","heating","no","Black",224,-1,"11/12/2019 12:30","week3","tank4_heating_no_11/12/2019 12:30",31.2342,"tank4_heating_no_Black"
"11/12/2019","D5",40,"12:30","tank3","D5_H2","HW","heating","yes","Black",222,0,"11/12/2019 12:30","week3","tank3_heating_yes_11/12/2019 12:30",22.69783,"tank3_heating_yes_Black"
"11/12/2019","D5",40,"12:30","tank3","D5_H2","HNW","heating","no","Black",221,-1,"11/12/2019 12:30","week3","tank3_heating_no_11/12/2019 12:30",27.76974,"tank3_heating_no_Black"
"11/12/2019","D5",40,"12:30","tank2","D5_C2","CW","control","yes","Black",223,-1,"11/12/2019 12:30","week3","tank2_control_yes_11/12/2019 12:30",16.57698,"tank2_control_yes_Black"
"11/12/2019","D5",40,"12:30","tank2","D5_C2","CNW","control","no","Black",223,1,"11/12/2019 12:30","week3","tank2_control_no_11/12/2019 12:30",17.12356,"tank2_control_no_Black"
"11/12/2019","D5",40,"12:30","tank1","D5_C1","CW","control","yes","Black",229,0,"11/12/2019 12:30","week3","tank1_control_yes_11/12/2019 12:30",16.60748,"tank1_control_yes_Black"
"11/12/2019","D5",40,"12:30","tank1","D5_C1","CNW","control","no","Black",225,0,"11/12/2019 12:30","week3","tank1_control_no_11/12/2019 12:30",15.90201,"tank1_control_no_Black"
"11/8/2019","D1",40,"12:30","tank4","D1_H1","HW","heating","yes","White",232,6,"11/8/2019 12:30","week3","tank4_heating_yes_11/8/2019 12:30",21.31864875,"tank4_heating_yes_White"
"11/8/2019","D1",40,"12:30","tank4","D1_H1","HNW","heating","no","White",224,0,"11/8/2019 12:30","week3","tank4_heating_no_11/8/2019 12:30",31.87750739,"tank4_heating_no_White"
"11/8/2019","D1",40,"12:30","tank3","D1_H2","HW","heating","yes","White",226,0,"11/8/2019 12:30","week3","tank3_heating_yes_11/8/2019 12:30",19.53157278,"tank3_heating_yes_White"
"11/8/2019","D1",40,"12:30","tank3","D1_H2","HNW","heating","no","White",227,-6,"11/8/2019 12:30","week3","tank3_heating_no_11/8/2019 12:30",27.24143193,"tank3_heating_no_White"
"11/8/2019","D1",40,"12:30","tank2","D1_C2","CW","control","yes","White",222,-1,"11/8/2019 12:30","week3","tank2_control_yes_11/8/2019 12:30",16.53810001,"tank2_control_yes_White"
"11/8/2019","D1",40,"12:30","tank2","D1_C2","CNW","control","no","White",231,1,"11/8/2019 12:30","week3","tank2_control_no_11/8/2019 12:30",18.2517387,"tank2_control_no_White"
"11/8/2019","D1",40,"12:30","tank1","D1_C1","CW","control","yes","White",224,1,"11/8/2019 12:30","week3","tank1_control_yes_11/8/2019 12:30",16.59785885,"tank1_control_yes_White"
"11/8/2019","D1",40,"12:30","tank1","D1_C1","CNW","control","no","White",226,-1,"11/8/2019 12:30","week3","tank1_control_no_11/8/2019 12:30",16.19952734,"tank1_control_no_White"
"11/9/2019","D2",40,"12:30","tank4","D2_H1","HW","heating","yes","White",231,0,"11/9/2019 12:30","week3","tank4_heating_yes_11/9/2019 12:30",21.38626,"tank4_heating_yes_White"
"11/9/2019","D2",40,"12:30","tank4","D2_H1","HNW","heating","no","White",224,0,"11/9/2019 12:30","week3","tank4_heating_no_11/9/2019 12:30",30.02439,"tank4_heating_no_White"
"11/9/2019","D2",40,"12:30","tank3","D2_H2","HW","heating","yes","White",231,5,"11/9/2019 12:30","week3","tank3_heating_yes_11/9/2019 12:30",23.2464,"tank3_heating_yes_White"
"11/9/2019","D2",40,"12:30","tank3","D2_H2","HNW","heating","no","White",226,-6,"11/9/2019 12:30","week3","tank3_heating_no_11/9/2019 12:30",28.72068,"tank3_heating_no_White"
"11/9/2019","D2",40,"12:30","tank2","D2_C2","CW","control","yes","White",223,1,"11/9/2019 12:30","week3","tank2_control_yes_11/9/2019 12:30",16.55754,"tank2_control_yes_White"
"11/9/2019","D2",40,"12:30","tank2","D2_C2","CNW","control","no","White",228,-4,"11/9/2019 12:30","week3","tank2_control_no_11/9/2019 12:30",16.41965,"tank2_control_no_White"
"11/9/2019","D2",40,"12:30","tank1","D2_C1","CW","control","yes","White",227,0,"11/9/2019 12:30","week3","tank1_control_yes_11/9/2019 12:30",16.55939,"tank1_control_yes_White"
"11/9/2019","D2",40,"12:30","tank1","D2_C1","CNW","control","no","White",229,1,"11/9/2019 12:30","week3","tank1_control_no_11/9/2019 12:30",15.90201,"tank1_control_no_White"
"11/10/2019","D3",40,"12:30","tank4","D3_H1","HW","heating","yes","White",222,-1,"11/10/2019 12:30","week3","tank4_heating_yes_11/10/2019 12:30",21.56012,"tank4_heating_yes_White"
"11/10/2019","D3",40,"12:30","tank4","D3_H1","HNW","heating","no","White",223,0,"11/10/2019 12:30","week3","tank4_heating_no_11/10/2019 12:30",30.59089,"tank4_heating_no_White"
"11/10/2019","D3",40,"12:30","tank3","D3_H2","HW","heating","yes","White",228,2,"11/10/2019 12:30","week3","tank3_heating_yes_11/10/2019 12:30",22.86144,"tank3_heating_yes_White"
"11/10/2019","D3",40,"12:30","tank3","D3_H2","HNW","heating","no","White",228,-2,"11/10/2019 12:30","week3","tank3_heating_no_11/10/2019 12:30",27.31828,"tank3_heating_no_White"
"11/10/2019","D3",40,"12:30","tank2","D3_C2","CW","control","yes","White",221,-2,"11/10/2019 12:30","week3","tank2_control_yes_11/10/2019 12:30",16.41175,"tank2_control_yes_White"
"11/10/2019","D3",40,"12:30","tank2","D3_C2","CNW","control","no","White",230,-1,"11/10/2019 12:30","week3","tank2_control_no_11/10/2019 12:30",15.28183,"tank2_control_no_White"
"11/10/2019","D3",40,"12:30","tank1","D3_C1","CW","control","yes","White",222,0,"11/10/2019 12:30","week3","tank1_control_yes_11/10/2019 12:30",16.55939,"tank1_control_yes_White"
"11/10/2019","D3",40,"12:30","tank1","D3_C1","CNW","control","no","White",229,-1,"11/10/2019 12:30","week3","tank1_control_no_11/10/2019 12:30",15.71966,"tank1_control_no_White"
"11/11/2019","D4",40,"12:30","tank4","D4_H1","HW","heating","yes","White",222,-1,"11/11/2019 12:30","week3","tank4_heating_yes_11/11/2019 12:30",21.62773,"tank4_heating_yes_White"
"11/11/2019","D4",40,"12:30","tank4","D4_H1","HNW","heating","no","White",223,0,"11/11/2019 12:30","week3","tank4_heating_no_11/11/2019 12:30",31.68547,"tank4_heating_no_White"
"11/11/2019","D4",40,"12:30","tank3","D4_H2","HW","heating","yes","White",241,15,"11/11/2019 12:30","week3","tank3_heating_yes_11/11/2019 12:30",23.02505,"tank3_heating_yes_White"
"11/11/2019","D4",40,"12:30","tank3","D4_H2","HNW","heating","no","White",227,-1,"11/11/2019 12:30","week3","tank3_heating_no_11/11/2019 12:30",27.80816,"tank3_heating_no_White"
"11/11/2019","D4",40,"12:30","tank2","D4_C2","CW","control","yes","White",223,1,"11/11/2019 12:30","week3","tank2_control_yes_11/11/2019 12:30",16.42147,"tank2_control_yes_White"
"11/11/2019","D4",40,"12:30","tank2","D4_C2","CNW","control","no","White",229,-1,"11/11/2019 12:30","week3","tank2_control_no_11/11/2019 12:30",16.38108,"tank2_control_no_White"
"11/11/2019","D4",40,"12:30","tank1","D4_C1","CW","control","yes","White",228,3,"11/11/2019 12:30","week3","tank1_control_yes_11/11/2019 12:30",16.58824,"tank1_control_yes_White"
"11/11/2019","D4",40,"12:30","tank1","D4_C1","CNW","control","no","White",229,0,"11/11/2019 12:30","week3","tank1_control_no_11/11/2019 12:30",15.78684,"tank1_control_no_White"
"11/12/2019","D5",40,"12:30","tank4","D5_H1","HW","heating","yes","White",225,0,"11/12/2019 12:30","week3","tank4_heating_yes_11/12/2019 12:30",21.22206,"tank4_heating_yes_White"
"11/12/2019","D5",40,"12:30","tank4","D5_H1","HNW","heating","no","White",222,-2,"11/12/2019 12:30","week3","tank4_heating_no_11/12/2019 12:30",31.2342,"tank4_heating_no_White"
"11/12/2019","D5",40,"12:30","tank3","D5_H2","HW","heating","yes","White",227,-7,"11/12/2019 12:30","week3","tank3_heating_yes_11/12/2019 12:30",22.69783,"tank3_heating_yes_White"
"11/12/2019","D5",40,"12:30","tank3","D5_H2","HNW","heating","no","White",226,-2,"11/12/2019 12:30","week3","tank3_heating_no_11/12/2019 12:30",27.76974,"tank3_heating_no_White"
"11/12/2019","D5",40,"12:30","tank2","D5_C2","CW","control","yes","White",223,1,"11/12/2019 12:30","week3","tank2_control_yes_11/12/2019 12:30",16.57698,"tank2_control_yes_White"
"11/12/2019","D5",40,"12:30","tank2","D5_C2","CNW","control","no","White",222,-2,"11/12/2019 12:30","week3","tank2_control_no_11/12/2019 12:30",17.12356,"tank2_control_no_White"
"11/12/2019","D5",40,"12:30","tank1","D5_C1","CW","control","yes","White",221,2,"11/12/2019 12:30","week3","tank1_control_yes_11/12/2019 12:30",16.60748,"tank1_control_yes_White"
"11/12/2019","D5",40,"12:30","tank1","D5_C1","CNW","control","no","White",232,0,"11/12/2019 12:30","week3","tank1_control_no_11/12/2019 12:30",15.90201,"tank1_control_no_White"
"11/8/2019","D1",40,"14:00","tank4","D1_H1","HW","heating","yes","Red",228,1,"11/8/2019 14:00","week3","tank4_heating_yes_11/8/2019 14:00",26.58261644,"tank4_heating_yes_Red"
"11/8/2019","D1",40,"14:00","tank4","D1_H1","HNW","heating","no","Red",234,-11,"11/8/2019 14:00","week3","tank4_heating_no_11/8/2019 14:00",32.69364569,"tank4_heating_no_Red"
"11/8/2019","D1",40,"14:00","tank3","D1_H2","HW","heating","yes","Red",224,3,"11/8/2019 14:00","week3","tank3_heating_yes_11/8/2019 14:00",23.08278977,"tank3_heating_yes_Red"
"11/8/2019","D1",40,"14:00","tank3","D1_H2","HNW","heating","no","Red",228,-2,"11/8/2019 14:00","week3","tank3_heating_no_11/8/2019 14:00",30.33440819,"tank3_heating_no_Red"
"11/8/2019","D1",40,"14:00","tank2","D1_C2","CW","control","yes","Red",226,1,"11/8/2019 14:00","week3","tank2_control_yes_11/8/2019 14:00",16.25623282,"tank2_control_yes_Red"
"11/8/2019","D1",40,"14:00","tank2","D1_C2","CNW","control","no","Red",225,-4,"11/8/2019 14:00","week3","tank2_control_no_11/8/2019 14:00",16.23644548,"tank2_control_no_Red"
"11/8/2019","D1",40,"14:00","tank1","D1_C1","CW","control","yes","Red",230,1,"11/8/2019 14:00","week3","tank1_control_yes_11/8/2019 14:00",16.3189821,"tank1_control_yes_Red"
"11/8/2019","D1",40,"14:00","tank1","D1_C1","CNW","control","no","Red",226,0,"11/8/2019 14:00","week3","tank1_control_no_11/8/2019 14:00",15.56610038,"tank1_control_no_Red"
"11/9/2019","D2",40,"14:00","tank4","D2_H1","HW","heating","yes","Red",228,2,"11/9/2019 14:00","week3","tank4_heating_yes_11/9/2019 14:00",26.61159,"tank4_heating_yes_Red"
"11/9/2019","D2",40,"14:00","tank4","D2_H1","HNW","heating","no","Red",238,0,"11/9/2019 14:00","week3","tank4_heating_no_11/9/2019 14:00",32.49201,"tank4_heating_no_Red"
"11/9/2019","D2",40,"14:00","tank3","D2_H2","HW","heating","yes","Red",230,5,"11/9/2019 14:00","week3","tank3_heating_yes_11/9/2019 14:00",27.45204,"tank3_heating_yes_Red"
"11/9/2019","D2",40,"14:00","tank3","D2_H2","HNW","heating","no","Red",228,-2,"11/9/2019 14:00","week3","tank3_heating_no_11/9/2019 14:00",31.30457,"tank3_heating_no_Red"
"11/9/2019","D2",40,"14:00","tank2","D2_C2","CW","control","yes","Red",227,-3,"11/9/2019 14:00","week3","tank2_control_yes_11/9/2019 14:00",16.27567,"tank2_control_yes_Red"
"11/9/2019","D2",40,"14:00","tank2","D2_C2","CNW","control","no","Red",225,-1,"11/9/2019 14:00","week3","tank2_control_no_11/9/2019 14:00",16.41965,"tank2_control_no_Red"
"11/9/2019","D2",40,"14:00","tank1","D2_C1","CW","control","yes","Red",230,1,"11/9/2019 14:00","week3","tank1_control_yes_11/9/2019 14:00",16.26128,"tank1_control_yes_Red"
"11/9/2019","D2",40,"14:00","tank1","D2_C1","CNW","control","no","Red",225,0,"11/9/2019 14:00","week3","tank1_control_no_11/9/2019 14:00",15.5757,"tank1_control_no_Red"
"11/10/2019","D3",40,"14:00","tank4","D3_H1","HW","heating","yes","Red",226,0,"11/10/2019 14:00","week3","tank4_heating_yes_11/10/2019 14:00",26.60193,"tank4_heating_yes_Red"
"11/10/2019","D3",40,"14:00","tank4","D3_H1","HNW","heating","no","Red",233,-9,"11/10/2019 14:00","week3","tank4_heating_no_11/10/2019 14:00",34.806,"tank4_heating_no_Red"
"11/10/2019","D3",40,"14:00","tank3","D3_H2","HW","heating","yes","Red",232,6,"11/10/2019 14:00","week3","tank3_heating_yes_11/10/2019 14:00",27.33655,"tank3_heating_yes_Red"
"11/10/2019","D3",40,"14:00","tank3","D3_H2","HNW","heating","no","Red",229,-1,"11/10/2019 14:00","week3","tank3_heating_no_11/10/2019 14:00",30.62257,"tank3_heating_no_Red"
"11/10/2019","D3",40,"14:00","tank2","D3_C2","CW","control","yes","Red",226,-1,"11/10/2019 14:00","week3","tank2_control_yes_11/10/2019 14:00",16.34371,"tank2_control_yes_Red"
"11/10/2019","D3",40,"14:00","tank2","D3_C2","CNW","control","no","Red",225,-2,"11/10/2019 14:00","week3","tank2_control_no_11/10/2019 14:00",16.56429,"tank2_control_no_Red"
"11/10/2019","D3",40,"14:00","tank1","D3_C1","CW","control","yes","Red",231,1,"11/10/2019 14:00","week3","tank1_control_yes_11/10/2019 14:00",16.29013,"tank1_control_yes_Red"
"11/10/2019","D3",40,"14:00","tank1","D3_C1","CNW","control","no","Red",225,0,"11/10/2019 14:00","week3","tank1_control_no_11/10/2019 14:00",15.54691,"tank1_control_no_Red"
"11/11/2019","D4",40,"14:00","tank4","D4_H1","HW","heating","yes","Red",227,0,"11/11/2019 14:00","week3","tank4_heating_yes_11/11/2019 14:00",26.29286,"tank4_heating_yes_Red"
"11/11/2019","D4",40,"14:00","tank4","D4_H1","HNW","heating","no","Red",232,-11,"11/11/2019 14:00","week3","tank4_heating_no_11/11/2019 14:00",34.92122,"tank4_heating_no_Red"
"11/11/2019","D4",40,"14:00","tank3","D4_H2","HW","heating","yes","Red",230,6,"11/11/2019 14:00","week3","tank3_heating_yes_11/11/2019 14:00",27.28843,"tank3_heating_yes_Red"
"11/11/2019","D4",40,"14:00","tank3","D4_H2","HNW","heating","no","Red",228,-1,"11/11/2019 14:00","week3","tank3_heating_no_11/11/2019 14:00",29.98861,"tank3_heating_no_Red"
"11/11/2019","D4",40,"14:00","tank2","D4_C2","CW","control","yes","Red",226,1,"11/11/2019 14:00","week3","tank2_control_yes_11/11/2019 14:00",16.23679,"tank2_control_yes_Red"
"11/11/2019","D4",40,"14:00","tank2","D4_C2","CNW","control","no","Red",225,-1,"11/11/2019 14:00","week3","tank2_control_no_11/11/2019 14:00",15.88931,"tank2_control_no_Red"
"11/11/2019","D4",40,"14:00","tank1","D4_C1","CW","control","yes","Red",230,2,"11/11/2019 14:00","week3","tank1_control_yes_11/11/2019 14:00",16.33821,"tank1_control_yes_Red"
"11/11/2019","D4",40,"14:00","tank1","D4_C1","CNW","control","no","Red",225,0,"11/11/2019 14:00","week3","tank1_control_no_11/11/2019 14:00",15.5565,"tank1_control_no_Red"
"11/12/2019","D5",40,"14:00","tank4","D5_H1","HW","heating","yes","Red",226,0,"11/12/2019 14:00","week3","tank4_heating_yes_11/12/2019 14:00",26.16729,"tank4_heating_yes_Red"
"11/12/2019","D5",40,"14:00","tank4","D5_H1","HNW","heating","no","Red",233,-13,"11/12/2019 14:00","week3","tank4_heating_no_11/12/2019 14:00",28.44012,"tank4_heating_no_Red"
"11/12/2019","D5",40,"14:00","tank3","D5_H2","HW","heating","yes","Red",227,3,"11/12/2019 14:00","week3","tank3_heating_yes_11/12/2019 14:00",27.02859,"tank3_heating_yes_Red"
"11/12/2019","D5",40,"14:00","tank3","D5_H2","HNW","heating","no","Red",227,-4,"11/12/2019 14:00","week3","tank3_heating_no_11/12/2019 14:00",31.06443,"tank3_heating_no_Red"
"11/12/2019","D5",40,"14:00","tank2","D5_C2","CW","control","yes","Red",226,1,"11/12/2019 14:00","week3","tank2_control_yes_11/12/2019 14:00",16.23679,"tank2_control_yes_Red"
"11/12/2019","D5",40,"14:00","tank2","D5_C2","CNW","control","no","Red",225,-1,"11/12/2019 14:00","week3","tank2_control_no_11/12/2019 14:00",16.57393,"tank2_control_no_Red"
"11/12/2019","D5",40,"14:00","tank1","D5_C1","CW","control","yes","Red",231,1,"11/12/2019 14:00","week3","tank1_control_yes_11/12/2019 14:00",16.31898,"tank1_control_yes_Red"
"11/12/2019","D5",40,"14:00","tank1","D5_C1","CNW","control","no","Red",225,0,"11/12/2019 14:00","week3","tank1_control_no_11/12/2019 14:00",15.5565,"tank1_control_no_Red"
"11/8/2019","D1",40,"14:00","tank4","D1_H1","HW","heating","yes","Yellow",227,3,"11/8/2019 14:00","week3","tank4_heating_yes_11/8/2019 14:00",26.58261644,"tank4_heating_yes_Yellow"
"11/8/2019","D1",40,"14:00","tank4","D1_H1","HNW","heating","no","Yellow",229,0,"11/8/2019 14:00","week3","tank4_heating_no_11/8/2019 14:00",32.69364569,"tank4_heating_no_Yellow"
"11/8/2019","D1",40,"14:00","tank3","D1_H2","HW","heating","yes","Yellow",231,2,"11/8/2019 14:00","week3","tank3_heating_yes_11/8/2019 14:00",23.08278977,"tank3_heating_yes_Yellow"
"11/8/2019","D1",40,"14:00","tank3","D1_H2","HNW","heating","no","Yellow",224,0,"11/8/2019 14:00","week3","tank3_heating_no_11/8/2019 14:00",30.33440819,"tank3_heating_no_Yellow"
"11/8/2019","D1",40,"14:00","tank2","D1_C2","CW","control","yes","Yellow",229,2,"11/8/2019 14:00","week3","tank2_control_yes_11/8/2019 14:00",16.25623282,"tank2_control_yes_Yellow"
"11/8/2019","D1",40,"14:00","tank2","D1_C2","CNW","control","no","Yellow",223,0,"11/8/2019 14:00","week3","tank2_control_no_11/8/2019 14:00",16.23644548,"tank2_control_no_Yellow"
"11/8/2019","D1",40,"14:00","tank1","D1_C1","CW","control","yes","Yellow",227,0,"11/8/2019 14:00","week3","tank1_control_yes_11/8/2019 14:00",16.3189821,"tank1_control_yes_Yellow"
"11/8/2019","D1",40,"14:00","tank1","D1_C1","CNW","control","no","Yellow",224,-2,"11/8/2019 14:00","week3","tank1_control_no_11/8/2019 14:00",15.56610038,"tank1_control_no_Yellow"
"11/9/2019","D2",40,"14:00","tank4","D2_H1","HW","heating","yes","Yellow",227,3,"11/9/2019 14:00","week3","tank4_heating_yes_11/9/2019 14:00",26.61159,"tank4_heating_yes_Yellow"
"11/9/2019","D2",40,"14:00","tank4","D2_H1","HNW","heating","no","Yellow",229,-2,"11/9/2019 14:00","week3","tank4_heating_no_11/9/2019 14:00",32.49201,"tank4_heating_no_Yellow"
"11/9/2019","D2",40,"14:00","tank3","D2_H2","HW","heating","yes","Yellow",235,8,"11/9/2019 14:00","week3","tank3_heating_yes_11/9/2019 14:00",27.45204,"tank3_heating_yes_Yellow"
"11/9/2019","D2",40,"14:00","tank3","D2_H2","HNW","heating","no","Yellow",226,-1,"11/9/2019 14:00","week3","tank3_heating_no_11/9/2019 14:00",31.30457,"tank3_heating_no_Yellow"
"11/9/2019","D2",40,"14:00","tank2","D2_C2","CW","control","yes","Yellow",229,1,"11/9/2019 14:00","week3","tank2_control_yes_11/9/2019 14:00",16.27567,"tank2_control_yes_Yellow"
"11/9/2019","D2",40,"14:00","tank2","D2_C2","CNW","control","no","Yellow",224,1,"11/9/2019 14:00","week3","tank2_control_no_11/9/2019 14:00",16.41965,"tank2_control_no_Yellow"
"11/9/2019","D2",40,"14:00","tank1","D2_C1","CW","control","yes","Yellow",227,0,"11/9/2019 14:00","week3","tank1_control_yes_11/9/2019 14:00",16.26128,"tank1_control_yes_Yellow"
"11/9/2019","D2",40,"14:00","tank1","D2_C1","CNW","control","no","Yellow",226,2,"11/9/2019 14:00","week3","tank1_control_no_11/9/2019 14:00",15.5757,"tank1_control_no_Yellow"
"11/10/2019","D3",40,"14:00","tank4","D3_H1","HW","heating","yes","Yellow",225,-2,"11/10/2019 14:00","week3","tank4_heating_yes_11/10/2019 14:00",26.60193,"tank4_heating_yes_Yellow"
"11/10/2019","D3",40,"14:00","tank4","D3_H1","HNW","heating","no","Yellow",230,-3,"11/10/2019 14:00","week3","tank4_heating_no_11/10/2019 14:00",34.806,"tank4_heating_no_Yellow"
"11/10/2019","D3",40,"14:00","tank3","D3_H2","HW","heating","yes","Yellow",226,0,"11/10/2019 14:00","week3","tank3_heating_yes_11/10/2019 14:00",27.33655,"tank3_heating_yes_Yellow"
"11/10/2019","D3",40,"14:00","tank3","D3_H2","HNW","heating","no","Yellow",225,0,"11/10/2019 14:00","week3","tank3_heating_no_11/10/2019 14:00",30.62257,"tank3_heating_no_Yellow"
"11/10/2019","D3",40,"14:00","tank2","D3_C2","CW","control","yes","Yellow",227,0,"11/10/2019 14:00","week3","tank2_control_yes_11/10/2019 14:00",16.34371,"tank2_control_yes_Yellow"
"11/10/2019","D3",40,"14:00","tank2","D3_C2","CNW","control","no","Yellow",222,0,"11/10/2019 14:00","week3","tank2_control_no_11/10/2019 14:00",16.56429,"tank2_control_no_Yellow"
"11/10/2019","D3",40,"14:00","tank1","D3_C1","CW","control","yes","Yellow",225,-1,"11/10/2019 14:00","week3","tank1_control_yes_11/10/2019 14:00",16.29013,"tank1_control_yes_Yellow"
"11/10/2019","D3",40,"14:00","tank1","D3_C1","CNW","control","no","Yellow",226,2,"11/10/2019 14:00","week3","tank1_control_no_11/10/2019 14:00",15.54691,"tank1_control_no_Yellow"
"11/11/2019","D4",40,"14:00","tank4","D4_H1","HW","heating","yes","Yellow",226,-1,"11/11/2019 14:00","week3","tank4_heating_yes_11/11/2019 14:00",26.29286,"tank4_heating_yes_Yellow"
"11/11/2019","D4",40,"14:00","tank4","D4_H1","HNW","heating","no","Yellow",230,-3,"11/11/2019 14:00","week3","tank4_heating_no_11/11/2019 14:00",34.92122,"tank4_heating_no_Yellow"
"11/11/2019","D4",40,"14:00","tank3","D4_H2","HW","heating","yes","Yellow",219,-8,"11/11/2019 14:00","week3","tank3_heating_yes_11/11/2019 14:00",27.28843,"tank3_heating_yes_Yellow"
"11/11/2019","D4",40,"14:00","tank3","D4_H2","HNW","heating","no","Yellow",221,-2,"11/11/2019 14:00","week3","tank3_heating_no_11/11/2019 14:00",29.98861,"tank3_heating_no_Yellow"
"11/11/2019","D4",40,"14:00","tank2","D4_C2","CW","control","yes","Yellow",227,0,"11/11/2019 14:00","week3","tank2_control_yes_11/11/2019 14:00",16.23679,"tank2_control_yes_Yellow"
"11/11/2019","D4",40,"14:00","tank2","D4_C2","CNW","control","no","Yellow",222,1,"11/11/2019 14:00","week3","tank2_control_no_11/11/2019 14:00",15.88931,"tank2_control_no_Yellow"
"11/11/2019","D4",40,"14:00","tank1","D4_C1","CW","control","yes","Yellow",226,-2,"11/11/2019 14:00","week3","tank1_control_yes_11/11/2019 14:00",16.33821,"tank1_control_yes_Yellow"
"11/11/2019","D4",40,"14:00","tank1","D4_C1","CNW","control","no","Yellow",226,0,"11/11/2019 14:00","week3","tank1_control_no_11/11/2019 14:00",15.5565,"tank1_control_no_Yellow"
"11/12/2019","D5",40,"14:00","tank4","D5_H1","HW","heating","yes","Yellow",226,2,"11/12/2019 14:00","week3","tank4_heating_yes_11/12/2019 14:00",26.16729,"tank4_heating_yes_Yellow"
"11/12/2019","D5",40,"14:00","tank4","D5_H1","HNW","heating","no","Yellow",228,-3,"11/12/2019 14:00","week3","tank4_heating_no_11/12/2019 14:00",28.44012,"tank4_heating_no_Yellow"
"11/12/2019","D5",40,"14:00","tank3","D5_H2","HW","heating","yes","Yellow",229,2,"11/12/2019 14:00","week3","tank3_heating_yes_11/12/2019 14:00",27.02859,"tank3_heating_yes_Yellow"
"11/12/2019","D5",40,"14:00","tank3","D5_H2","HNW","heating","no","Yellow",223,-2,"11/12/2019 14:00","week3","tank3_heating_no_11/12/2019 14:00",31.06443,"tank3_heating_no_Yellow"
"11/12/2019","D5",40,"14:00","tank2","D5_C2","CW","control","yes","Yellow",227,1,"11/12/2019 14:00","week3","tank2_control_yes_11/12/2019 14:00",16.23679,"tank2_control_yes_Yellow"
"11/12/2019","D5",40,"14:00","tank2","D5_C2","CNW","control","no","Yellow",222,0,"11/12/2019 14:00","week3","tank2_control_no_11/12/2019 14:00",16.57393,"tank2_control_no_Yellow"
"11/12/2019","D5",40,"14:00","tank1","D5_C1","CW","control","yes","Yellow",227,0,"11/12/2019 14:00","week3","tank1_control_yes_11/12/2019 14:00",16.31898,"tank1_control_yes_Yellow"
"11/12/2019","D5",40,"14:00","tank1","D5_C1","CNW","control","no","Yellow",223,1,"11/12/2019 14:00","week3","tank1_control_no_11/12/2019 14:00",15.5565,"tank1_control_no_Yellow"
"11/8/2019","D1",40,"14:00","tank4","D1_H1","HW","heating","yes","Black",225,2,"11/8/2019 14:00","week3","tank4_heating_yes_11/8/2019 14:00",26.58261644,"tank4_heating_yes_Black"
"11/8/2019","D1",40,"14:00","tank4","D1_H1","HNW","heating","no","Black",225,0,"11/8/2019 14:00","week3","tank4_heating_no_11/8/2019 14:00",32.69364569,"tank4_heating_no_Black"
"11/8/2019","D1",40,"14:00","tank3","D1_H2","HW","heating","yes","Black",223,1,"11/8/2019 14:00","week3","tank3_heating_yes_11/8/2019 14:00",23.08278977,"tank3_heating_yes_Black"
"11/8/2019","D1",40,"14:00","tank3","D1_H2","HNW","heating","no","Black",221,-4,"11/8/2019 14:00","week3","tank3_heating_no_11/8/2019 14:00",30.33440819,"tank3_heating_no_Black"
"11/8/2019","D1",40,"14:00","tank2","D1_C2","CW","control","yes","Black",224,2,"11/8/2019 14:00","week3","tank2_control_yes_11/8/2019 14:00",16.25623282,"tank2_control_yes_Black"
"11/8/2019","D1",40,"14:00","tank2","D1_C2","CNW","control","no","Black",223,-2,"11/8/2019 14:00","week3","tank2_control_no_11/8/2019 14:00",16.23644548,"tank2_control_no_Black"
"11/8/2019","D1",40,"14:00","tank1","D1_C1","CW","control","yes","Black",230,2,"11/8/2019 14:00","week3","tank1_control_yes_11/8/2019 14:00",16.3189821,"tank1_control_yes_Black"
"11/8/2019","D1",40,"14:00","tank1","D1_C1","CNW","control","no","Black",225,-7,"11/8/2019 14:00","week3","tank1_control_no_11/8/2019 14:00",15.56610038,"tank1_control_no_Black"
"11/9/2019","D2",40,"14:00","tank4","D2_H1","HW","heating","yes","Black",225,2,"11/9/2019 14:00","week3","tank4_heating_yes_11/9/2019 14:00",26.61159,"tank4_heating_yes_Black"
"11/9/2019","D2",40,"14:00","tank4","D2_H1","HNW","heating","no","Black",224,-1,"11/9/2019 14:00","week3","tank4_heating_no_11/9/2019 14:00",32.49201,"tank4_heating_no_Black"
"11/9/2019","D2",40,"14:00","tank3","D2_H2","HW","heating","yes","Black",222,-1,"11/9/2019 14:00","week3","tank3_heating_yes_11/9/2019 14:00",27.45204,"tank3_heating_yes_Black"
"11/9/2019","D2",40,"14:00","tank3","D2_H2","HNW","heating","no","Black",219,-1,"11/9/2019 14:00","week3","tank3_heating_no_11/9/2019 14:00",31.30457,"tank3_heating_no_Black"
"11/9/2019","D2",40,"14:00","tank2","D2_C2","CW","control","yes","Black",224,2,"11/9/2019 14:00","week3","tank2_control_yes_11/9/2019 14:00",16.27567,"tank2_control_yes_Black"
"11/9/2019","D2",40,"14:00","tank2","D2_C2","CNW","control","no","Black",222,-3,"11/9/2019 14:00","week3","tank2_control_no_11/9/2019 14:00",16.41965,"tank2_control_no_Black"
"11/9/2019","D2",40,"14:00","tank1","D2_C1","CW","control","yes","Black",233,2,"11/9/2019 14:00","week3","tank1_control_yes_11/9/2019 14:00",16.26128,"tank1_control_yes_Black"
"11/9/2019","D2",40,"14:00","tank1","D2_C1","CNW","control","no","Black",225,0,"11/9/2019 14:00","week3","tank1_control_no_11/9/2019 14:00",15.5757,"tank1_control_no_Black"
"11/10/2019","D3",40,"14:00","tank4","D3_H1","HW","heating","yes","Black",225,0,"11/10/2019 14:00","week3","tank4_heating_yes_11/10/2019 14:00",26.60193,"tank4_heating_yes_Black"
"11/10/2019","D3",40,"14:00","tank4","D3_H1","HNW","heating","no","Black",224,-1,"11/10/2019 14:00","week3","tank4_heating_no_11/10/2019 14:00",34.806,"tank4_heating_no_Black"
"11/10/2019","D3",40,"14:00","tank3","D3_H2","HW","heating","yes","Black",222,0,"11/10/2019 14:00","week3","tank3_heating_yes_11/10/2019 14:00",27.33655,"tank3_heating_yes_Black"
"11/10/2019","D3",40,"14:00","tank3","D3_H2","HNW","heating","no","Black",219,-1,"11/10/2019 14:00","week3","tank3_heating_no_11/10/2019 14:00",30.62257,"tank3_heating_no_Black"
"11/10/2019","D3",40,"14:00","tank2","D3_C2","CW","control","yes","Black",224,1,"11/10/2019 14:00","week3","tank2_control_yes_11/10/2019 14:00",16.34371,"tank2_control_yes_Black"
"11/10/2019","D3",40,"14:00","tank2","D3_C2","CNW","control","no","Black",224,-1,"11/10/2019 14:00","week3","tank2_control_no_11/10/2019 14:00",16.56429,"tank2_control_no_Black"
"11/10/2019","D3",40,"14:00","tank1","D3_C1","CW","control","yes","Black",232,3,"11/10/2019 14:00","week3","tank1_control_yes_11/10/2019 14:00",16.29013,"tank1_control_yes_Black"
"11/10/2019","D3",40,"14:00","tank1","D3_C1","CNW","control","no","Black",225,1,"11/10/2019 14:00","week3","tank1_control_no_11/10/2019 14:00",15.54691,"tank1_control_no_Black"
"11/11/2019","D4",40,"14:00","tank4","D4_H1","HW","heating","yes","Black",224,0,"11/11/2019 14:00","week3","tank4_heating_yes_11/11/2019 14:00",26.29286,"tank4_heating_yes_Black"
"11/11/2019","D4",40,"14:00","tank4","D4_H1","HNW","heating","no","Black",224,-2,"11/11/2019 14:00","week3","tank4_heating_no_11/11/2019 14:00",34.92122,"tank4_heating_no_Black"
"11/11/2019","D4",40,"14:00","tank3","D4_H2","HW","heating","yes","Black",222,2,"11/11/2019 14:00","week3","tank3_heating_yes_11/11/2019 14:00",27.28843,"tank3_heating_yes_Black"
"11/11/2019","D4",40,"14:00","tank3","D4_H2","HNW","heating","no","Black",221,0,"11/11/2019 14:00","week3","tank3_heating_no_11/11/2019 14:00",29.98861,"tank3_heating_no_Black"
"11/11/2019","D4",40,"14:00","tank2","D4_C2","CW","control","yes","Black",224,1,"11/11/2019 14:00","week3","tank2_control_yes_11/11/2019 14:00",16.23679,"tank2_control_yes_Black"
"11/11/2019","D4",40,"14:00","tank2","D4_C2","CNW","control","no","Black",223,2,"11/11/2019 14:00","week3","tank2_control_no_11/11/2019 14:00",15.88931,"tank2_control_no_Black"
"11/11/2019","D4",40,"14:00","tank1","D4_C1","CW","control","yes","Black",229,0,"11/11/2019 14:00","week3","tank1_control_yes_11/11/2019 14:00",16.33821,"tank1_control_yes_Black"
"11/11/2019","D4",40,"14:00","tank1","D4_C1","CNW","control","no","Black",225,1,"11/11/2019 14:00","week3","tank1_control_no_11/11/2019 14:00",15.5565,"tank1_control_no_Black"
"11/12/2019","D5",40,"14:00","tank4","D5_H1","HW","heating","yes","Black",225,2,"11/12/2019 14:00","week3","tank4_heating_yes_11/12/2019 14:00",26.16729,"tank4_heating_yes_Black"
"11/12/2019","D5",40,"14:00","tank4","D5_H1","HNW","heating","no","Black",224,-1,"11/12/2019 14:00","week3","tank4_heating_no_11/12/2019 14:00",28.44012,"tank4_heating_no_Black"
"11/12/2019","D5",40,"14:00","tank3","D5_H2","HW","heating","yes","Black",222,0,"11/12/2019 14:00","week3","tank3_heating_yes_11/12/2019 14:00",27.02859,"tank3_heating_yes_Black"
"11/12/2019","D5",40,"14:00","tank3","D5_H2","HNW","heating","no","Black",221,-1,"11/12/2019 14:00","week3","tank3_heating_no_11/12/2019 14:00",31.06443,"tank3_heating_no_Black"
"11/12/2019","D5",40,"14:00","tank2","D5_C2","CW","control","yes","Black",224,0,"11/12/2019 14:00","week3","tank2_control_yes_11/12/2019 14:00",16.23679,"tank2_control_yes_Black"
"11/12/2019","D5",40,"14:00","tank2","D5_C2","CNW","control","no","Black",223,1,"11/12/2019 14:00","week3","tank2_control_no_11/12/2019 14:00",16.57393,"tank2_control_no_Black"
"11/12/2019","D5",40,"14:00","tank1","D5_C1","CW","control","yes","Black",230,1,"11/12/2019 14:00","week3","tank1_control_yes_11/12/2019 14:00",16.31898,"tank1_control_yes_Black"
"11/12/2019","D5",40,"14:00","tank1","D5_C1","CNW","control","no","Black",225,0,"11/12/2019 14:00","week3","tank1_control_no_11/12/2019 14:00",15.5565,"tank1_control_no_Black"
"11/8/2019","D1",40,"14:00","tank4","D1_H1","HW","heating","yes","White",231,5,"11/8/2019 14:00","week3","tank4_heating_yes_11/8/2019 14:00",26.58261644,"tank4_heating_yes_White"
"11/8/2019","D1",40,"14:00","tank4","D1_H1","HNW","heating","no","White",223,-1,"11/8/2019 14:00","week3","tank4_heating_no_11/8/2019 14:00",32.69364569,"tank4_heating_no_White"
"11/8/2019","D1",40,"14:00","tank3","D1_H2","HW","heating","yes","White",226,0,"11/8/2019 14:00","week3","tank3_heating_yes_11/8/2019 14:00",23.08278977,"tank3_heating_yes_White"
"11/8/2019","D1",40,"14:00","tank3","D1_H2","HNW","heating","no","White",227,-6,"11/8/2019 14:00","week3","tank3_heating_no_11/8/2019 14:00",30.33440819,"tank3_heating_no_White"
"11/8/2019","D1",40,"14:00","tank2","D1_C2","CW","control","yes","White",222,-1,"11/8/2019 14:00","week3","tank2_control_yes_11/8/2019 14:00",16.25623282,"tank2_control_yes_White"
"11/8/2019","D1",40,"14:00","tank2","D1_C2","CNW","control","no","White",230,0,"11/8/2019 14:00","week3","tank2_control_no_11/8/2019 14:00",16.23644548,"tank2_control_no_White"
"11/8/2019","D1",40,"14:00","tank1","D1_C1","CW","control","yes","White",226,3,"11/8/2019 14:00","week3","tank1_control_yes_11/8/2019 14:00",16.3189821,"tank1_control_yes_White"
"11/8/2019","D1",40,"14:00","tank1","D1_C1","CNW","control","no","White",227,0,"11/8/2019 14:00","week3","tank1_control_no_11/8/2019 14:00",15.56610038,"tank1_control_no_White"
"11/9/2019","D2",40,"14:00","tank4","D2_H1","HW","heating","yes","White",230,-1,"11/9/2019 14:00","week3","tank4_heating_yes_11/9/2019 14:00",26.61159,"tank4_heating_yes_White"
"11/9/2019","D2",40,"14:00","tank4","D2_H1","HNW","heating","no","White",223,-1,"11/9/2019 14:00","week3","tank4_heating_no_11/9/2019 14:00",32.49201,"tank4_heating_no_White"
"11/9/2019","D2",40,"14:00","tank3","D2_H2","HW","heating","yes","White",232,6,"11/9/2019 14:00","week3","tank3_heating_yes_11/9/2019 14:00",27.45204,"tank3_heating_yes_White"
"11/9/2019","D2",40,"14:00","tank3","D2_H2","HNW","heating","no","White",226,-6,"11/9/2019 14:00","week3","tank3_heating_no_11/9/2019 14:00",31.30457,"tank3_heating_no_White"
"11/9/2019","D2",40,"14:00","tank2","D2_C2","CW","control","yes","White",223,1,"11/9/2019 14:00","week3","tank2_control_yes_11/9/2019 14:00",16.27567,"tank2_control_yes_White"
"11/9/2019","D2",40,"14:00","tank2","D2_C2","CNW","control","no","White",229,-3,"11/9/2019 14:00","week3","tank2_control_no_11/9/2019 14:00",16.41965,"tank2_control_no_White"
"11/9/2019","D2",40,"14:00","tank1","D2_C1","CW","control","yes","White",228,1,"11/9/2019 14:00","week3","tank1_control_yes_11/9/2019 14:00",16.26128,"tank1_control_yes_White"
"11/9/2019","D2",40,"14:00","tank1","D2_C1","CNW","control","no","White",230,2,"11/9/2019 14:00","week3","tank1_control_no_11/9/2019 14:00",15.5757,"tank1_control_no_White"
"11/10/2019","D3",40,"14:00","tank4","D3_H1","HW","heating","yes","White",222,-1,"11/10/2019 14:00","week3","tank4_heating_yes_11/10/2019 14:00",26.60193,"tank4_heating_yes_White"
"11/10/2019","D3",40,"14:00","tank4","D3_H1","HNW","heating","no","White",222,-1,"11/10/2019 14:00","week3","tank4_heating_no_11/10/2019 14:00",34.806,"tank4_heating_no_White"
"11/10/2019","D3",40,"14:00","tank3","D3_H2","HW","heating","yes","White",226,0,"11/10/2019 14:00","week3","tank3_heating_yes_11/10/2019 14:00",27.33655,"tank3_heating_yes_White"
"11/10/2019","D3",40,"14:00","tank3","D3_H2","HNW","heating","no","White",229,-1,"11/10/2019 14:00","week3","tank3_heating_no_11/10/2019 14:00",30.62257,"tank3_heating_no_White"
"11/10/2019","D3",40,"14:00","tank2","D3_C2","CW","control","yes","White",222,-1,"11/10/2019 14:00","week3","tank2_control_yes_11/10/2019 14:00",16.34371,"tank2_control_yes_White"
"11/10/2019","D3",40,"14:00","tank2","D3_C2","CNW","control","no","White",230,-1,"11/10/2019 14:00","week3","tank2_control_no_11/10/2019 14:00",16.56429,"tank2_control_no_White"
"11/10/2019","D3",40,"14:00","tank1","D3_C1","CW","control","yes","White",223,1,"11/10/2019 14:00","week3","tank1_control_yes_11/10/2019 14:00",16.29013,"tank1_control_yes_White"
"11/10/2019","D3",40,"14:00","tank1","D3_C1","CNW","control","no","White",229,-1,"11/10/2019 14:00","week3","tank1_control_no_11/10/2019 14:00",15.54691,"tank1_control_no_White"
"11/11/2019","D4",40,"14:00","tank4","D4_H1","HW","heating","yes","White",224,1,"11/11/2019 14:00","week3","tank4_heating_yes_11/11/2019 14:00",26.29286,"tank4_heating_yes_White"
"11/11/2019","D4",40,"14:00","tank4","D4_H1","HNW","heating","no","White",223,0,"11/11/2019 14:00","week3","tank4_heating_no_11/11/2019 14:00",34.92122,"tank4_heating_no_White"
"11/11/2019","D4",40,"14:00","tank3","D4_H2","HW","heating","yes","White",243,17,"11/11/2019 14:00","week3","tank3_heating_yes_11/11/2019 14:00",27.28843,"tank3_heating_yes_White"
"11/11/2019","D4",40,"14:00","tank3","D4_H2","HNW","heating","no","White",227,-1,"11/11/2019 14:00","week3","tank3_heating_no_11/11/2019 14:00",29.98861,"tank3_heating_no_White"
"11/11/2019","D4",40,"14:00","tank2","D4_C2","CW","control","yes","White",223,1,"11/11/2019 14:00","week3","tank2_control_yes_11/11/2019 14:00",16.23679,"tank2_control_yes_White"
"11/11/2019","D4",40,"14:00","tank2","D4_C2","CNW","control","no","White",229,-1,"11/11/2019 14:00","week3","tank2_control_no_11/11/2019 14:00",15.88931,"tank2_control_no_White"
"11/11/2019","D4",40,"14:00","tank1","D4_C1","CW","control","yes","White",229,4,"11/11/2019 14:00","week3","tank1_control_yes_11/11/2019 14:00",16.33821,"tank1_control_yes_White"
"11/11/2019","D4",40,"14:00","tank1","D4_C1","CNW","control","no","White",229,0,"11/11/2019 14:00","week3","tank1_control_no_11/11/2019 14:00",15.5565,"tank1_control_no_White"
"11/12/2019","D5",40,"14:00","tank4","D5_H1","HW","heating","yes","White",224,-1,"11/12/2019 14:00","week3","tank4_heating_yes_11/12/2019 14:00",26.16729,"tank4_heating_yes_White"
"11/12/2019","D5",40,"14:00","tank4","D5_H1","HNW","heating","no","White",223,-1,"11/12/2019 14:00","week3","tank4_heating_no_11/12/2019 14:00",28.44012,"tank4_heating_no_White"
"11/12/2019","D5",40,"14:00","tank3","D5_H2","HW","heating","yes","White",227,-7,"11/12/2019 14:00","week3","tank3_heating_yes_11/12/2019 14:00",27.02859,"tank3_heating_yes_White"
"11/12/2019","D5",40,"14:00","tank3","D5_H2","HNW","heating","no","White",226,-2,"11/12/2019 14:00","week3","tank3_heating_no_11/12/2019 14:00",31.06443,"tank3_heating_no_White"
"11/12/2019","D5",40,"14:00","tank2","D5_C2","CW","control","yes","White",224,2,"11/12/2019 14:00","week3","tank2_control_yes_11/12/2019 14:00",16.23679,"tank2_control_yes_White"
"11/12/2019","D5",40,"14:00","tank2","D5_C2","CNW","control","no","White",223,-1,"11/12/2019 14:00","week3","tank2_control_no_11/12/2019 14:00",16.57393,"tank2_control_no_White"
"11/12/2019","D5",40,"14:00","tank1","D5_C1","CW","control","yes","White",221,2,"11/12/2019 14:00","week3","tank1_control_yes_11/12/2019 14:00",16.31898,"tank1_control_yes_White"
"11/12/2019","D5",40,"14:00","tank1","D5_C1","CNW","control","no","White",232,0,"11/12/2019 14:00","week3","tank1_control_no_11/12/2019 14:00",15.5565,"tank1_control_no_White"
"11/8/2019","D1",40,"15:30","tank4","D1_H1","HW","heating","yes","Red",229,2,"11/8/2019 15:30","week3","tank4_heating_yes_11/8/2019 15:30",27.93482832,"tank4_heating_yes_Red"
"11/8/2019","D1",40,"15:30","tank4","D1_H1","HNW","heating","no","Red",233,-12,"11/8/2019 15:30","week3","tank4_heating_no_11/8/2019 15:30",31.05176745,"tank4_heating_no_Red"
"11/8/2019","D1",40,"15:30","tank3","D1_H2","HW","heating","yes","Red",224,3,"11/8/2019 15:30","week3","tank3_heating_yes_11/8/2019 15:30",24.51675002,"tank3_heating_yes_Red"
"11/8/2019","D1",40,"15:30","tank3","D1_H2","HNW","heating","no","Red",230,0,"11/8/2019 15:30","week3","tank3_heating_no_11/8/2019 15:30",31.66957496,"tank3_heating_no_Red"
"11/8/2019","D1",40,"15:30","tank2","D1_C2","CW","control","yes","Red",228,3,"11/8/2019 15:30","week3","tank2_control_yes_11/8/2019 15:30",16.12987857,"tank2_control_yes_Red"
"11/8/2019","D1",40,"15:30","tank2","D1_C2","CNW","control","no","Red",225,-4,"11/8/2019 15:30","week3","tank2_control_no_11/8/2019 15:30",16.38108375,"tank2_control_no_Red"
"11/8/2019","D1",40,"15:30","tank1","D1_C1","CW","control","yes","Red",229,0,"11/8/2019 15:30","week3","tank1_control_yes_11/8/2019 15:30",16.09780399,"tank1_control_yes_Red"
"11/8/2019","D1",40,"15:30","tank1","D1_C1","CNW","control","no","Red",226,0,"11/8/2019 15:30","week3","tank1_control_no_11/8/2019 15:30",15.4221397,"tank1_control_no_Red"
"11/9/2019","D2",40,"15:30","tank4","D2_H1","HW","heating","yes","Red",230,4,"11/9/2019 15:30","week3","tank4_heating_yes_11/9/2019 15:30",28.18595,"tank4_heating_yes_Red"
"11/9/2019","D2",40,"15:30","tank4","D2_H1","HNW","heating","no","Red",238,0,"11/9/2019 15:30","week3","tank4_heating_no_11/9/2019 15:30",33.13532,"tank4_heating_no_Red"
"11/9/2019","D2",40,"15:30","tank3","D2_H2","HW","heating","yes","Red",233,8,"11/9/2019 15:30","week3","tank3_heating_yes_11/9/2019 15:30",28.4048,"tank3_heating_yes_Red"
"11/9/2019","D2",40,"15:30","tank3","D2_H2","HNW","heating","no","Red",229,-1,"11/9/2019 15:30","week3","tank3_heating_no_11/9/2019 15:30",31.42944,"tank3_heating_no_Red"
"11/9/2019","D2",40,"15:30","tank2","D2_C2","CW","control","yes","Red",227,-3,"11/9/2019 15:30","week3","tank2_control_yes_11/9/2019 15:30",16.091,"tank2_control_yes_Red"
"11/9/2019","D2",40,"15:30","tank2","D2_C2","CNW","control","no","Red",225,-1,"11/9/2019 15:30","week3","tank2_control_no_11/9/2019 15:30",15.95681,"tank2_control_no_Red"
"11/9/2019","D2",40,"15:30","tank1","D2_C1","CW","control","yes","Red",232,3,"11/9/2019 15:30","week3","tank1_control_yes_11/9/2019 15:30",16.07857,"tank1_control_yes_Red"
"11/9/2019","D2",40,"15:30","tank1","D2_C1","CNW","control","no","Red",225,0,"11/9/2019 15:30","week3","tank1_control_no_11/9/2019 15:30",15.23979,"tank1_control_no_Red"
"11/10/2019","D3",40,"15:30","tank4","D3_H1","HW","heating","yes","Red",226,0,"11/10/2019 15:30","week3","tank4_heating_yes_11/10/2019 15:30",27.93483,"tank4_heating_yes_Red"
"11/10/2019","D3",40,"15:30","tank4","D3_H1","HNW","heating","no","Red",234,-8,"11/10/2019 15:30","week3","tank4_heating_no_11/10/2019 15:30",34.83481,"tank4_heating_no_Red"
"11/10/2019","D3",40,"15:30","tank3","D3_H2","HW","heating","yes","Red",234,8,"11/10/2019 15:30","week3","tank3_heating_yes_11/10/2019 15:30",28.86675,"tank3_heating_yes_Red"
"11/10/2019","D3",40,"15:30","tank3","D3_H2","HNW","heating","no","Red",229,-1,"11/10/2019 15:30","week3","tank3_heating_no_11/10/2019 15:30",31.52549,"tank3_heating_no_Red"
"11/10/2019","D3",40,"15:30","tank2","D3_C2","CW","control","yes","Red",226,-1,"11/10/2019 15:30","week3","tank2_control_yes_11/10/2019 15:30",16.07156,"tank2_control_yes_Red"
"11/10/2019","D3",40,"15:30","tank2","D3_C2","CNW","control","no","Red",225,-2,"11/10/2019 15:30","week3","tank2_control_no_11/10/2019 15:30",16.33287,"tank2_control_no_Red"
"11/10/2019","D3",40,"15:30","tank1","D3_C1","CW","control","yes","Red",231,1,"11/10/2019 15:30","week3","tank1_control_yes_11/10/2019 15:30",16.02087,"tank1_control_yes_Red"
"11/10/2019","D3",40,"15:30","tank1","D3_C1","CNW","control","no","Red",225,0,"11/10/2019 15:30","week3","tank1_control_no_11/10/2019 15:30",15.37415,"tank1_control_no_Red"
"11/11/2019","D4",40,"15:30","tank4","D4_H1","HW","heating","yes","Red",228,1,"11/11/2019 15:30","week3","tank4_heating_yes_11/11/2019 15:30",27.47121,"tank4_heating_yes_Red"
"11/11/2019","D4",40,"15:30","tank4","D4_H1","HNW","heating","no","Red",232,-11,"11/11/2019 15:30","week3","tank4_heating_no_11/11/2019 15:30",36.5631,"tank4_heating_no_Red"
"11/11/2019","D4",40,"15:30","tank3","D4_H2","HW","heating","yes","Red",231,7,"11/11/2019 15:30","week3","tank3_heating_yes_11/11/2019 15:30",28.4433,"tank3_heating_yes_Red"
"11/11/2019","D4",40,"15:30","tank3","D4_H2","HNW","heating","no","Red",228,-1,"11/11/2019 15:30","week3","tank3_heating_no_11/11/2019 15:30",29.77729,"tank3_heating_no_Red"
"11/11/2019","D4",40,"15:30","tank2","D4_C2","CW","control","yes","Red",225,0,"11/11/2019 15:30","week3","tank2_control_yes_11/11/2019 15:30",16.33399,"tank2_control_yes_Red"
"11/11/2019","D4",40,"15:30","tank2","D4_C2","CNW","control","no","Red",225,-1,"11/11/2019 15:30","week3","tank2_control_no_11/11/2019 15:30",17.04642,"tank2_control_no_Red"
"11/11/2019","D4",40,"15:30","tank1","D4_C1","CW","control","yes","Red",230,2,"11/11/2019 15:30","week3","tank1_control_yes_11/11/2019 15:30",16.22282,"tank1_control_yes_Red"
"11/11/2019","D4",40,"15:30","tank1","D4_C1","CNW","control","no","Red",225,0,"11/11/2019 15:30","week3","tank1_control_no_11/11/2019 15:30",15.66207,"tank1_control_no_Red"
"11/12/2019","D5",40,"15:30","tank4","D5_H1","HW","heating","yes","Red",226,0,"11/12/2019 15:30","week3","tank4_heating_yes_11/12/2019 15:30",28.32117,"tank4_heating_yes_Red"
"11/12/2019","D5",40,"15:30","tank4","D5_H1","HNW","heating","no","Red",234,-12,"11/12/2019 15:30","week3","tank4_heating_no_11/12/2019 15:30",33.88425,"tank4_heating_no_Red"
"11/12/2019","D5",40,"15:30","tank3","D5_H2","HW","heating","yes","Red",228,4,"11/12/2019 15:30","week3","tank3_heating_yes_11/12/2019 15:30",28.66465,"tank3_heating_yes_Red"
"11/12/2019","D5",40,"15:30","tank3","D5_H2","HNW","heating","no","Red",228,-3,"11/12/2019 15:30","week3","tank3_heating_no_11/12/2019 15:30",30.68021,"tank3_heating_no_Red"
"11/12/2019","D5",40,"15:30","tank2","D5_C2","CW","control","yes","Red",225,0,"11/12/2019 15:30","week3","tank2_control_yes_11/12/2019 15:30",16.07156,"tank2_control_yes_Red"
"11/12/2019","D5",40,"15:30","tank2","D5_C2","CNW","control","no","Red",226,0,"11/12/2019 15:30","week3","tank2_control_no_11/12/2019 15:30",16.13038,"tank2_control_no_Red"
"11/12/2019","D5",40,"15:30","tank1","D5_C1","CW","control","yes","Red",234,4,"11/12/2019 15:30","week3","tank1_control_yes_11/12/2019 15:30",16.1555,"tank1_control_yes_Red"
"11/12/2019","D5",40,"15:30","tank1","D5_C1","CNW","control","no","Red",225,0,"11/12/2019 15:30","week3","tank1_control_no_11/12/2019 15:30",15.37415,"tank1_control_no_Red"
"11/8/2019","D1",40,"15:30","tank4","D1_H1","HW","heating","yes","Yellow",226,2,"11/8/2019 15:30","week3","tank4_heating_yes_11/8/2019 15:30",27.93482832,"tank4_heating_yes_Yellow"
"11/8/2019","D1",40,"15:30","tank4","D1_H1","HNW","heating","no","Yellow",229,0,"11/8/2019 15:30","week3","tank4_heating_no_11/8/2019 15:30",31.05176745,"tank4_heating_no_Yellow"
"11/8/2019","D1",40,"15:30","tank3","D1_H2","HW","heating","yes","Yellow",233,4,"11/8/2019 15:30","week3","tank3_heating_yes_11/8/2019 15:30",24.51675002,"tank3_heating_yes_Yellow"
"11/8/2019","D1",40,"15:30","tank3","D1_H2","HNW","heating","no","Yellow",231,7,"11/8/2019 15:30","week3","tank3_heating_no_11/8/2019 15:30",31.66957496,"tank3_heating_no_Yellow"
"11/8/2019","D1",40,"15:30","tank2","D1_C2","CW","control","yes","Yellow",231,4,"11/8/2019 15:30","week3","tank2_control_yes_11/8/2019 15:30",16.12987857,"tank2_control_yes_Yellow"
"11/8/2019","D1",40,"15:30","tank2","D1_C2","CNW","control","no","Yellow",222,-1,"11/8/2019 15:30","week3","tank2_control_no_11/8/2019 15:30",16.38108375,"tank2_control_no_Yellow"
"11/8/2019","D1",40,"15:30","tank1","D1_C1","CW","control","yes","Yellow",227,0,"11/8/2019 15:30","week3","tank1_control_yes_11/8/2019 15:30",16.09780399,"tank1_control_yes_Yellow"
"11/8/2019","D1",40,"15:30","tank1","D1_C1","CNW","control","no","Yellow",224,-2,"11/8/2019 15:30","week3","tank1_control_no_11/8/2019 15:30",15.4221397,"tank1_control_no_Yellow"
"11/9/2019","D2",40,"15:30","tank4","D2_H1","HW","heating","yes","Yellow",227,3,"11/9/2019 15:30","week3","tank4_heating_yes_11/9/2019 15:30",28.18595,"tank4_heating_yes_Yellow"
"11/9/2019","D2",40,"15:30","tank4","D2_H1","HNW","heating","no","Yellow",230,-1,"11/9/2019 15:30","week3","tank4_heating_no_11/9/2019 15:30",33.13532,"tank4_heating_no_Yellow"
"11/9/2019","D2",40,"15:30","tank3","D2_H2","HW","heating","yes","Yellow",233,6,"11/9/2019 15:30","week3","tank3_heating_yes_11/9/2019 15:30",28.4048,"tank3_heating_yes_Yellow"
"11/9/2019","D2",40,"15:30","tank3","D2_H2","HNW","heating","no","Yellow",226,-1,"11/9/2019 15:30","week3","tank3_heating_no_11/9/2019 15:30",31.42944,"tank3_heating_no_Yellow"
"11/9/2019","D2",40,"15:30","tank2","D2_C2","CW","control","yes","Yellow",229,1,"11/9/2019 15:30","week3","tank2_control_yes_11/9/2019 15:30",16.091,"tank2_control_yes_Yellow"
"11/9/2019","D2",40,"15:30","tank2","D2_C2","CNW","control","no","Yellow",223,0,"11/9/2019 15:30","week3","tank2_control_no_11/9/2019 15:30",15.95681,"tank2_control_no_Yellow"
"11/9/2019","D2",40,"15:30","tank1","D2_C1","CW","control","yes","Yellow",226,-1,"11/9/2019 15:30","week3","tank1_control_yes_11/9/2019 15:30",16.07857,"tank1_control_yes_Yellow"
"11/9/2019","D2",40,"15:30","tank1","D2_C1","CNW","control","no","Yellow",224,0,"11/9/2019 15:30","week3","tank1_control_no_11/9/2019 15:30",15.23979,"tank1_control_no_Yellow"
"11/10/2019","D3",40,"15:30","tank4","D3_H1","HW","heating","yes","Yellow",225,-2,"11/10/2019 15:30","week3","tank4_heating_yes_11/10/2019 15:30",27.93483,"tank4_heating_yes_Yellow"
"11/10/2019","D3",40,"15:30","tank4","D3_H1","HNW","heating","no","Yellow",231,-2,"11/10/2019 15:30","week3","tank4_heating_no_11/10/2019 15:30",34.83481,"tank4_heating_no_Yellow"
"11/10/2019","D3",40,"15:30","tank3","D3_H2","HW","heating","yes","Yellow",226,0,"11/10/2019 15:30","week3","tank3_heating_yes_11/10/2019 15:30",28.86675,"tank3_heating_yes_Yellow"
"11/10/2019","D3",40,"15:30","tank3","D3_H2","HNW","heating","no","Yellow",224,-1,"11/10/2019 15:30","week3","tank3_heating_no_11/10/2019 15:30",31.52549,"tank3_heating_no_Yellow"
"11/10/2019","D3",40,"15:30","tank2","D3_C2","CW","control","yes","Yellow",228,1,"11/10/2019 15:30","week3","tank2_control_yes_11/10/2019 15:30",16.07156,"tank2_control_yes_Yellow"
"11/10/2019","D3",40,"15:30","tank2","D3_C2","CNW","control","no","Yellow",221,-1,"11/10/2019 15:30","week3","tank2_control_no_11/10/2019 15:30",16.33287,"tank2_control_no_Yellow"
"11/10/2019","D3",40,"15:30","tank1","D3_C1","CW","control","yes","Yellow",225,-1,"11/10/2019 15:30","week3","tank1_control_yes_11/10/2019 15:30",16.02087,"tank1_control_yes_Yellow"
"11/10/2019","D3",40,"15:30","tank1","D3_C1","CNW","control","no","Yellow",226,2,"11/10/2019 15:30","week3","tank1_control_no_11/10/2019 15:30",15.37415,"tank1_control_no_Yellow"
"11/11/2019","D4",40,"15:30","tank4","D4_H1","HW","heating","yes","Yellow",227,0,"11/11/2019 15:30","week3","tank4_heating_yes_11/11/2019 15:30",27.47121,"tank4_heating_yes_Yellow"
"11/11/2019","D4",40,"15:30","tank4","D4_H1","HNW","heating","no","Yellow",230,-3,"11/11/2019 15:30","week3","tank4_heating_no_11/11/2019 15:30",36.5631,"tank4_heating_no_Yellow"
"11/11/2019","D4",40,"15:30","tank3","D4_H2","HW","heating","yes","Yellow",228,1,"11/11/2019 15:30","week3","tank3_heating_yes_11/11/2019 15:30",28.4433,"tank3_heating_yes_Yellow"
"11/11/2019","D4",40,"15:30","tank3","D4_H2","HNW","heating","no","Yellow",221,-2,"11/11/2019 15:30","week3","tank3_heating_no_11/11/2019 15:30",29.77729,"tank3_heating_no_Yellow"
"11/11/2019","D4",40,"15:30","tank2","D4_C2","CW","control","yes","Yellow",227,0,"11/11/2019 15:30","week3","tank2_control_yes_11/11/2019 15:30",16.33399,"tank2_control_yes_Yellow"
"11/11/2019","D4",40,"15:30","tank2","D4_C2","CNW","control","no","Yellow",222,1,"11/11/2019 15:30","week3","tank2_control_no_11/11/2019 15:30",17.04642,"tank2_control_no_Yellow"
"11/11/2019","D4",40,"15:30","tank1","D4_C1","CW","control","yes","Yellow",226,-2,"11/11/2019 15:30","week3","tank1_control_yes_11/11/2019 15:30",16.22282,"tank1_control_yes_Yellow"
"11/11/2019","D4",40,"15:30","tank1","D4_C1","CNW","control","no","Yellow",226,0,"11/11/2019 15:30","week3","tank1_control_no_11/11/2019 15:30",15.66207,"tank1_control_no_Yellow"
"11/12/2019","D5",40,"15:30","tank4","D5_H1","HW","heating","yes","Yellow",227,3,"11/12/2019 15:30","week3","tank4_heating_yes_11/12/2019 15:30",28.32117,"tank4_heating_yes_Yellow"
"11/12/2019","D5",40,"15:30","tank4","D5_H1","HNW","heating","no","Yellow",230,-1,"11/12/2019 15:30","week3","tank4_heating_no_11/12/2019 15:30",33.88425,"tank4_heating_no_Yellow"
"11/12/2019","D5",40,"15:30","tank3","D5_H2","HW","heating","yes","Yellow",229,2,"11/12/2019 15:30","week3","tank3_heating_yes_11/12/2019 15:30",28.66465,"tank3_heating_yes_Yellow"
"11/12/2019","D5",40,"15:30","tank3","D5_H2","HNW","heating","no","Yellow",224,-1,"11/12/2019 15:30","week3","tank3_heating_no_11/12/2019 15:30",30.68021,"tank3_heating_no_Yellow"
"11/12/2019","D5",40,"15:30","tank2","D5_C2","CW","control","yes","Yellow",227,1,"11/12/2019 15:30","week3","tank2_control_yes_11/12/2019 15:30",16.07156,"tank2_control_yes_Yellow"
"11/12/2019","D5",40,"15:30","tank2","D5_C2","CNW","control","no","Yellow",222,0,"11/12/2019 15:30","week3","tank2_control_no_11/12/2019 15:30",16.13038,"tank2_control_no_Yellow"
"11/12/2019","D5",40,"15:30","tank1","D5_C1","CW","control","yes","Yellow",226,-1,"11/12/2019 15:30","week3","tank1_control_yes_11/12/2019 15:30",16.1555,"tank1_control_yes_Yellow"
"11/12/2019","D5",40,"15:30","tank1","D5_C1","CNW","control","no","Yellow",223,1,"11/12/2019 15:30","week3","tank1_control_no_11/12/2019 15:30",15.37415,"tank1_control_no_Yellow"
"11/8/2019","D1",40,"15:30","tank4","D1_H1","HW","heating","yes","Black",224,1,"11/8/2019 15:30","week3","tank4_heating_yes_11/8/2019 15:30",27.93482832,"tank4_heating_yes_Black"
"11/8/2019","D1",40,"15:30","tank4","D1_H1","HNW","heating","no","Black",225,0,"11/8/2019 15:30","week3","tank4_heating_no_11/8/2019 15:30",31.05176745,"tank4_heating_no_Black"
"11/8/2019","D1",40,"15:30","tank3","D1_H2","HW","heating","yes","Black",223,1,"11/8/2019 15:30","week3","tank3_heating_yes_11/8/2019 15:30",24.51675002,"tank3_heating_yes_Black"
"11/8/2019","D1",40,"15:30","tank3","D1_H2","HNW","heating","no","Black",226,1,"11/8/2019 15:30","week3","tank3_heating_no_11/8/2019 15:30",31.66957496,"tank3_heating_no_Black"
"11/8/2019","D1",40,"15:30","tank2","D1_C2","CW","control","yes","Black",224,2,"11/8/2019 15:30","week3","tank2_control_yes_11/8/2019 15:30",16.12987857,"tank2_control_yes_Black"
"11/8/2019","D1",40,"15:30","tank2","D1_C2","CNW","control","no","Black",224,-1,"11/8/2019 15:30","week3","tank2_control_no_11/8/2019 15:30",16.38108375,"tank2_control_no_Black"
"11/8/2019","D1",40,"15:30","tank1","D1_C1","CW","control","yes","Black",230,2,"11/8/2019 15:30","week3","tank1_control_yes_11/8/2019 15:30",16.09780399,"tank1_control_yes_Black"
"11/8/2019","D1",40,"15:30","tank1","D1_C1","CNW","control","no","Black",224,-8,"11/8/2019 15:30","week3","tank1_control_no_11/8/2019 15:30",15.4221397,"tank1_control_no_Black"
"11/9/2019","D2",40,"15:30","tank4","D2_H1","HW","heating","yes","Black",225,2,"11/9/2019 15:30","week3","tank4_heating_yes_11/9/2019 15:30",28.18595,"tank4_heating_yes_Black"
"11/9/2019","D2",40,"15:30","tank4","D2_H1","HNW","heating","no","Black",224,-1,"11/9/2019 15:30","week3","tank4_heating_no_11/9/2019 15:30",33.13532,"tank4_heating_no_Black"
"11/9/2019","D2",40,"15:30","tank3","D2_H2","HW","heating","yes","Black",223,0,"11/9/2019 15:30","week3","tank3_heating_yes_11/9/2019 15:30",28.4048,"tank3_heating_yes_Black"
"11/9/2019","D2",40,"15:30","tank3","D2_H2","HNW","heating","no","Black",219,-1,"11/9/2019 15:30","week3","tank3_heating_no_11/9/2019 15:30",31.42944,"tank3_heating_no_Black"
"11/9/2019","D2",40,"15:30","tank2","D2_C2","CW","control","yes","Black",224,2,"11/9/2019 15:30","week3","tank2_control_yes_11/9/2019 15:30",16.091,"tank2_control_yes_Black"
"11/9/2019","D2",40,"15:30","tank2","D2_C2","CNW","control","no","Black",223,-2,"11/9/2019 15:30","week3","tank2_control_no_11/9/2019 15:30",15.95681,"tank2_control_no_Black"
"11/9/2019","D2",40,"15:30","tank1","D2_C1","CW","control","yes","Black",232,1,"11/9/2019 15:30","week3","tank1_control_yes_11/9/2019 15:30",16.07857,"tank1_control_yes_Black"
"11/9/2019","D2",40,"15:30","tank1","D2_C1","CNW","control","no","Black",226,1,"11/9/2019 15:30","week3","tank1_control_no_11/9/2019 15:30",15.23979,"tank1_control_no_Black"
"11/10/2019","D3",40,"15:30","tank4","D3_H1","HW","heating","yes","Black",225,0,"11/10/2019 15:30","week3","tank4_heating_yes_11/10/2019 15:30",27.93483,"tank4_heating_yes_Black"
"11/10/2019","D3",40,"15:30","tank4","D3_H1","HNW","heating","no","Black",224,-1,"11/10/2019 15:30","week3","tank4_heating_no_11/10/2019 15:30",34.83481,"tank4_heating_no_Black"
"11/10/2019","D3",40,"15:30","tank3","D3_H2","HW","heating","yes","Black",222,0,"11/10/2019 15:30","week3","tank3_heating_yes_11/10/2019 15:30",28.86675,"tank3_heating_yes_Black"
"11/10/2019","D3",40,"15:30","tank3","D3_H2","HNW","heating","no","Black",220,0,"11/10/2019 15:30","week3","tank3_heating_no_11/10/2019 15:30",31.52549,"tank3_heating_no_Black"
"11/10/2019","D3",40,"15:30","tank2","D3_C2","CW","control","yes","Black",226,3,"11/10/2019 15:30","week3","tank2_control_yes_11/10/2019 15:30",16.07156,"tank2_control_yes_Black"
"11/10/2019","D3",40,"15:30","tank2","D3_C2","CNW","control","no","Black",224,-1,"11/10/2019 15:30","week3","tank2_control_no_11/10/2019 15:30",16.33287,"tank2_control_no_Black"
"11/10/2019","D3",40,"15:30","tank1","D3_C1","CW","control","yes","Black",232,3,"11/10/2019 15:30","week3","tank1_control_yes_11/10/2019 15:30",16.02087,"tank1_control_yes_Black"
"11/10/2019","D3",40,"15:30","tank1","D3_C1","CNW","control","no","Black",225,1,"11/10/2019 15:30","week3","tank1_control_no_11/10/2019 15:30",15.37415,"tank1_control_no_Black"
"11/11/2019","D4",40,"15:30","tank4","D4_H1","HW","heating","yes","Black",225,1,"11/11/2019 15:30","week3","tank4_heating_yes_11/11/2019 15:30",27.47121,"tank4_heating_yes_Black"
"11/11/2019","D4",40,"15:30","tank4","D4_H1","HNW","heating","no","Black",224,-2,"11/11/2019 15:30","week3","tank4_heating_no_11/11/2019 15:30",36.5631,"tank4_heating_no_Black"
"11/11/2019","D4",40,"15:30","tank3","D4_H2","HW","heating","yes","Black",222,2,"11/11/2019 15:30","week3","tank3_heating_yes_11/11/2019 15:30",28.4433,"tank3_heating_yes_Black"
"11/11/2019","D4",40,"15:30","tank3","D4_H2","HNW","heating","no","Black",221,0,"11/11/2019 15:30","week3","tank3_heating_no_11/11/2019 15:30",29.77729,"tank3_heating_no_Black"
"11/11/2019","D4",40,"15:30","tank2","D4_C2","CW","control","yes","Black",224,1,"11/11/2019 15:30","week3","tank2_control_yes_11/11/2019 15:30",16.33399,"tank2_control_yes_Black"
"11/11/2019","D4",40,"15:30","tank2","D4_C2","CNW","control","no","Black",223,2,"11/11/2019 15:30","week3","tank2_control_no_11/11/2019 15:30",17.04642,"tank2_control_no_Black"
"11/11/2019","D4",40,"15:30","tank1","D4_C1","CW","control","yes","Black",228,-1,"11/11/2019 15:30","week3","tank1_control_yes_11/11/2019 15:30",16.22282,"tank1_control_yes_Black"
"11/11/2019","D4",40,"15:30","tank1","D4_C1","CNW","control","no","Black",225,1,"11/11/2019 15:30","week3","tank1_control_no_11/11/2019 15:30",15.66207,"tank1_control_no_Black"
"11/12/2019","D5",40,"15:30","tank4","D5_H1","HW","heating","yes","Black",225,2,"11/12/2019 15:30","week3","tank4_heating_yes_11/12/2019 15:30",28.32117,"tank4_heating_yes_Black"
"11/12/2019","D5",40,"15:30","tank4","D5_H1","HNW","heating","no","Black",224,-1,"11/12/2019 15:30","week3","tank4_heating_no_11/12/2019 15:30",33.88425,"tank4_heating_no_Black"
"11/12/2019","D5",40,"15:30","tank3","D5_H2","HW","heating","yes","Black",223,1,"11/12/2019 15:30","week3","tank3_heating_yes_11/12/2019 15:30",28.66465,"tank3_heating_yes_Black"
"11/12/2019","D5",40,"15:30","tank3","D5_H2","HNW","heating","no","Black",221,-1,"11/12/2019 15:30","week3","tank3_heating_no_11/12/2019 15:30",30.68021,"tank3_heating_no_Black"
"11/12/2019","D5",40,"15:30","tank2","D5_C2","CW","control","yes","Black",224,0,"11/12/2019 15:30","week3","tank2_control_yes_11/12/2019 15:30",16.07156,"tank2_control_yes_Black"
"11/12/2019","D5",40,"15:30","tank2","D5_C2","CNW","control","no","Black",223,1,"11/12/2019 15:30","week3","tank2_control_no_11/12/2019 15:30",16.13038,"tank2_control_no_Black"
"11/12/2019","D5",40,"15:30","tank1","D5_C1","CW","control","yes","Black",230,1,"11/12/2019 15:30","week3","tank1_control_yes_11/12/2019 15:30",16.1555,"tank1_control_yes_Black"
"11/12/2019","D5",40,"15:30","tank1","D5_C1","CNW","control","no","Black",225,0,"11/12/2019 15:30","week3","tank1_control_no_11/12/2019 15:30",15.37415,"tank1_control_no_Black"
"11/8/2019","D1",40,"15:30","tank4","D1_H1","HW","heating","yes","White",230,4,"11/8/2019 15:30","week3","tank4_heating_yes_11/8/2019 15:30",27.93482832,"tank4_heating_yes_White"
"11/8/2019","D1",40,"15:30","tank4","D1_H1","HNW","heating","no","White",223,-1,"11/8/2019 15:30","week3","tank4_heating_no_11/8/2019 15:30",31.05176745,"tank4_heating_no_White"
"11/8/2019","D1",40,"15:30","tank3","D1_H2","HW","heating","yes","White",226,0,"11/8/2019 15:30","week3","tank3_heating_yes_11/8/2019 15:30",24.51675002,"tank3_heating_yes_White"
"11/8/2019","D1",40,"15:30","tank3","D1_H2","HNW","heating","no","White",220,-13,"11/8/2019 15:30","week3","tank3_heating_no_11/8/2019 15:30",31.66957496,"tank3_heating_no_White"
"11/8/2019","D1",40,"15:30","tank2","D1_C2","CW","control","yes","White",222,-1,"11/8/2019 15:30","week3","tank2_control_yes_11/8/2019 15:30",16.12987857,"tank2_control_yes_White"
"11/8/2019","D1",40,"15:30","tank2","D1_C2","CNW","control","no","White",229,-1,"11/8/2019 15:30","week3","tank2_control_no_11/8/2019 15:30",16.38108375,"tank2_control_no_White"
"11/8/2019","D1",40,"15:30","tank1","D1_C1","CW","control","yes","White",226,3,"11/8/2019 15:30","week3","tank1_control_yes_11/8/2019 15:30",16.09780399,"tank1_control_yes_White"
"11/8/2019","D1",40,"15:30","tank1","D1_C1","CNW","control","no","White",227,0,"11/8/2019 15:30","week3","tank1_control_no_11/8/2019 15:30",15.4221397,"tank1_control_no_White"
"11/9/2019","D2",40,"15:30","tank4","D2_H1","HW","heating","yes","White",231,0,"11/9/2019 15:30","week3","tank4_heating_yes_11/9/2019 15:30",28.18595,"tank4_heating_yes_White"
"11/9/2019","D2",40,"15:30","tank4","D2_H1","HNW","heating","no","White",223,-1,"11/9/2019 15:30","week3","tank4_heating_no_11/9/2019 15:30",33.13532,"tank4_heating_no_White"
"11/9/2019","D2",40,"15:30","tank3","D2_H2","HW","heating","yes","White",233,7,"11/9/2019 15:30","week3","tank3_heating_yes_11/9/2019 15:30",28.4048,"tank3_heating_yes_White"
"11/9/2019","D2",40,"15:30","tank3","D2_H2","HNW","heating","no","White",226,-6,"11/9/2019 15:30","week3","tank3_heating_no_11/9/2019 15:30",31.42944,"tank3_heating_no_White"
"11/9/2019","D2",40,"15:30","tank2","D2_C2","CW","control","yes","White",223,1,"11/9/2019 15:30","week3","tank2_control_yes_11/9/2019 15:30",16.091,"tank2_control_yes_White"
"11/9/2019","D2",40,"15:30","tank2","D2_C2","CNW","control","no","White",230,-2,"11/9/2019 15:30","week3","tank2_control_no_11/9/2019 15:30",15.95681,"tank2_control_no_White"
"11/9/2019","D2",40,"15:30","tank1","D2_C1","CW","control","yes","White",229,2,"11/9/2019 15:30","week3","tank1_control_yes_11/9/2019 15:30",16.07857,"tank1_control_yes_White"
"11/9/2019","D2",40,"15:30","tank1","D2_C1","CNW","control","no","White",229,1,"11/9/2019 15:30","week3","tank1_control_no_11/9/2019 15:30",15.23979,"tank1_control_no_White"
"11/10/2019","D3",40,"15:30","tank4","D3_H1","HW","heating","yes","White",222,-1,"11/10/2019 15:30","week3","tank4_heating_yes_11/10/2019 15:30",27.93483,"tank4_heating_yes_White"
"11/10/2019","D3",40,"15:30","tank4","D3_H1","HNW","heating","no","White",222,-1,"11/10/2019 15:30","week3","tank4_heating_no_11/10/2019 15:30",34.83481,"tank4_heating_no_White"
"11/10/2019","D3",40,"15:30","tank3","D3_H2","HW","heating","yes","White",228,2,"11/10/2019 15:30","week3","tank3_heating_yes_11/10/2019 15:30",28.86675,"tank3_heating_yes_White"
"11/10/2019","D3",40,"15:30","tank3","D3_H2","HNW","heating","no","White",228,-2,"11/10/2019 15:30","week3","tank3_heating_no_11/10/2019 15:30",31.52549,"tank3_heating_no_White"
"11/10/2019","D3",40,"15:30","tank2","D3_C2","CW","control","yes","White",223,0,"11/10/2019 15:30","week3","tank2_control_yes_11/10/2019 15:30",16.07156,"tank2_control_yes_White"
"11/10/2019","D3",40,"15:30","tank2","D3_C2","CNW","control","no","White",229,-2,"11/10/2019 15:30","week3","tank2_control_no_11/10/2019 15:30",16.33287,"tank2_control_no_White"
"11/10/2019","D3",40,"15:30","tank1","D3_C1","CW","control","yes","White",224,2,"11/10/2019 15:30","week3","tank1_control_yes_11/10/2019 15:30",16.02087,"tank1_control_yes_White"
"11/10/2019","D3",40,"15:30","tank1","D3_C1","CNW","control","no","White",229,-1,"11/10/2019 15:30","week3","tank1_control_no_11/10/2019 15:30",15.37415,"tank1_control_no_White"
"11/11/2019","D4",40,"15:30","tank4","D4_H1","HW","heating","yes","White",224,1,"11/11/2019 15:30","week3","tank4_heating_yes_11/11/2019 15:30",27.47121,"tank4_heating_yes_White"
"11/11/2019","D4",40,"15:30","tank4","D4_H1","HNW","heating","no","White",223,0,"11/11/2019 15:30","week3","tank4_heating_no_11/11/2019 15:30",36.5631,"tank4_heating_no_White"
"11/11/2019","D4",40,"15:30","tank3","D4_H2","HW","heating","yes","White",241,15,"11/11/2019 15:30","week3","tank3_heating_yes_11/11/2019 15:30",28.4433,"tank3_heating_yes_White"
"11/11/2019","D4",40,"15:30","tank3","D4_H2","HNW","heating","no","White",227,-1,"11/11/2019 15:30","week3","tank3_heating_no_11/11/2019 15:30",29.77729,"tank3_heating_no_White"
"11/11/2019","D4",40,"15:30","tank2","D4_C2","CW","control","yes","White",223,1,"11/11/2019 15:30","week3","tank2_control_yes_11/11/2019 15:30",16.33399,"tank2_control_yes_White"
"11/11/2019","D4",40,"15:30","tank2","D4_C2","CNW","control","no","White",229,-1,"11/11/2019 15:30","week3","tank2_control_no_11/11/2019 15:30",17.04642,"tank2_control_no_White"
"11/11/2019","D4",40,"15:30","tank1","D4_C1","CW","control","yes","White",230,5,"11/11/2019 15:30","week3","tank1_control_yes_11/11/2019 15:30",16.22282,"tank1_control_yes_White"
"11/11/2019","D4",40,"15:30","tank1","D4_C1","CNW","control","no","White",229,0,"11/11/2019 15:30","week3","tank1_control_no_11/11/2019 15:30",15.66207,"tank1_control_no_White"
"11/12/2019","D5",40,"15:30","tank4","D5_H1","HW","heating","yes","White",226,1,"11/12/2019 15:30","week3","tank4_heating_yes_11/12/2019 15:30",28.32117,"tank4_heating_yes_White"
"11/12/2019","D5",40,"15:30","tank4","D5_H1","HNW","heating","no","White",224,0,"11/12/2019 15:30","week3","tank4_heating_no_11/12/2019 15:30",33.88425,"tank4_heating_no_White"
"11/12/2019","D5",40,"15:30","tank3","D5_H2","HW","heating","yes","White",227,-7,"11/12/2019 15:30","week3","tank3_heating_yes_11/12/2019 15:30",28.66465,"tank3_heating_yes_White"
"11/12/2019","D5",40,"15:30","tank3","D5_H2","HNW","heating","no","White",227,-1,"11/12/2019 15:30","week3","tank3_heating_no_11/12/2019 15:30",30.68021,"tank3_heating_no_White"
"11/12/2019","D5",40,"15:30","tank2","D5_C2","CW","control","yes","White",223,1,"11/12/2019 15:30","week3","tank2_control_yes_11/12/2019 15:30",16.07156,"tank2_control_yes_White"
"11/12/2019","D5",40,"15:30","tank2","D5_C2","CNW","control","no","White",224,0,"11/12/2019 15:30","week3","tank2_control_no_11/12/2019 15:30",16.13038,"tank2_control_no_White"
"11/12/2019","D5",40,"15:30","tank1","D5_C1","CW","control","yes","White",221,2,"11/12/2019 15:30","week3","tank1_control_yes_11/12/2019 15:30",16.1555,"tank1_control_yes_White"
"11/12/2019","D5",40,"15:30","tank1","D5_C1","CNW","control","no","White",231,-1,"11/12/2019 15:30","week3","tank1_control_no_11/12/2019 15:30",15.37415,"tank1_control_no_White"
"11/8/2019","D1",40,"17:30","tank4","D1_H1","HW","heating","yes","Red",229,2,"11/8/2019 17:30","week3","tank4_heating_yes_11/8/2019 17:30",18.81705676,"tank4_heating_yes_Red"
"11/8/2019","D1",40,"17:30","tank4","D1_H1","HNW","heating","no","Red",250,5,"11/8/2019 17:30","week3","tank4_heating_no_11/8/2019 17:30",18.80969286,"tank4_heating_no_Red"
"11/8/2019","D1",40,"17:30","tank3","D1_H2","HW","heating","yes","Red",225,4,"11/8/2019 17:30","week3","tank3_heating_yes_11/8/2019 17:30",18.4825683,"tank3_heating_yes_Red"
"11/8/2019","D1",40,"17:30","tank3","D1_H2","HNW","heating","no","Red",229,-1,"11/8/2019 17:30","week3","tank3_heating_no_11/8/2019 17:30",18.19303555,"tank3_heating_no_Red"
"11/8/2019","D1",40,"17:30","tank2","D1_C2","CW","control","yes","Red",228,3,"11/8/2019 17:30","week3","tank2_control_yes_11/8/2019 17:30",16.53810001,"tank2_control_yes_Red"
"11/8/2019","D1",40,"17:30","tank2","D1_C2","CNW","control","no","Red",225,-4,"11/8/2019 17:30","week3","tank2_control_no_11/8/2019 17:30",16.62214753,"tank2_control_no_Red"
"11/8/2019","D1",40,"17:30","tank1","D1_C1","CW","control","yes","Red",231,2,"11/8/2019 17:30","week3","tank1_control_yes_11/8/2019 17:30",16.34783142,"tank1_control_yes_Red"
"11/8/2019","D1",40,"17:30","tank1","D1_C1","CNW","control","no","Red",226,0,"11/8/2019 17:30","week3","tank1_control_no_11/8/2019 17:30",15.98838502,"tank1_control_no_Red"
"11/9/2019","D2",40,"17:30","tank4","D2_H1","HW","heating","yes","Red",230,4,"11/9/2019 17:30","week3","tank4_heating_yes_11/9/2019 17:30",18.93296,"tank4_heating_yes_Red"
"11/9/2019","D2",40,"17:30","tank4","D2_H1","HNW","heating","no","Red",247,9,"11/9/2019 17:30","week3","tank4_heating_no_11/9/2019 17:30",18.94412,"tank4_heating_no_Red"
"11/9/2019","D2",40,"17:30","tank3","D2_H2","HW","heating","yes","Red",224,-1,"11/9/2019 17:30","week3","tank3_heating_yes_11/9/2019 17:30",20.03202,"tank3_heating_yes_Red"
"11/9/2019","D2",40,"17:30","tank3","D2_H2","HNW","heating","no","Red",230,0,"11/9/2019 17:30","week3","tank3_heating_no_11/9/2019 17:30",18.38515,"tank3_heating_no_Red"
"11/9/2019","D2",40,"17:30","tank2","D2_C2","CW","control","yes","Red",227,-3,"11/9/2019 17:30","week3","tank2_control_yes_11/9/2019 17:30",16.5381,"tank2_control_yes_Red"
"11/9/2019","D2",40,"17:30","tank2","D2_C2","CNW","control","no","Red",225,-1,"11/9/2019 17:30","week3","tank2_control_no_11/9/2019 17:30",16.55465,"tank2_control_no_Red"
"11/9/2019","D2",40,"17:30","tank1","D2_C1","CW","control","yes","Red",230,1,"11/9/2019 17:30","week3","tank1_control_yes_11/9/2019 17:30",16.37668,"tank1_control_yes_Red"
"11/9/2019","D2",40,"17:30","tank1","D2_C1","CNW","control","no","Red",226,1,"11/9/2019 17:30","week3","tank1_control_no_11/9/2019 17:30",15.95959,"tank1_control_no_Red"
"11/10/2019","D3",40,"17:30","tank4","D3_H1","HW","heating","yes","Red",226,0,"11/10/2019 17:30","week3","tank4_heating_yes_11/10/2019 17:30",18.9716,"tank4_heating_yes_Red"
"11/10/2019","D3",40,"17:30","tank4","D3_H1","HNW","heating","no","Red",244,2,"11/10/2019 17:30","week3","tank4_heating_no_11/10/2019 17:30",19.06894,"tank4_heating_no_Red"
"11/10/2019","D3",40,"17:30","tank3","D3_H2","HW","heating","yes","Red",225,-1,"11/10/2019 17:30","week3","tank3_heating_yes_11/10/2019 17:30",19.93578,"tank3_heating_yes_Red"
"11/10/2019","D3",40,"17:30","tank3","D3_H2","HNW","heating","no","Red",230,0,"11/10/2019 17:30","week3","tank3_heating_no_11/10/2019 17:30",18.37554,"tank3_heating_no_Red"
"11/10/2019","D3",40,"17:30","tank2","D3_C2","CW","control","yes","Red",227,0,"11/10/2019 17:30","week3","tank2_control_yes_11/10/2019 17:30",16.61586,"tank2_control_yes_Red"
"11/10/2019","D3",40,"17:30","tank2","D3_C2","CNW","control","no","Red",225,-2,"11/10/2019 17:30","week3","tank2_control_no_11/10/2019 17:30",16.6125,"tank2_control_no_Red"
"11/10/2019","D3",40,"17:30","tank1","D3_C1","CW","control","yes","Red",234,4,"11/10/2019 17:30","week3","tank1_control_yes_11/10/2019 17:30",16.33821,"tank1_control_yes_Red"
"11/10/2019","D3",40,"17:30","tank1","D3_C1","CNW","control","no","Red",224,-1,"11/10/2019 17:30","week3","tank1_control_no_11/10/2019 17:30",15.97879,"tank1_control_no_Red"
"11/11/2019","D4",40,"17:30","tank4","D4_H1","HW","heating","yes","Red",228,1,"11/11/2019 17:30","week3","tank4_heating_yes_11/11/2019 17:30",19.04886,"tank4_heating_yes_Red"
"11/11/2019","D4",40,"17:30","tank4","D4_H1","HNW","heating","no","Red",248,5,"11/11/2019 17:30","week3","tank4_heating_no_11/11/2019 17:30",19.02093,"tank4_heating_no_Red"
"11/11/2019","D4",40,"17:30","tank3","D4_H2","HW","heating","yes","Red",231,7,"11/11/2019 17:30","week3","tank3_heating_yes_11/11/2019 17:30",19.82029,"tank3_heating_yes_Red"
"11/11/2019","D4",40,"17:30","tank3","D4_H2","HNW","heating","no","Red",231,2,"11/11/2019 17:30","week3","tank3_heating_no_11/11/2019 17:30",18.26027,"tank3_heating_no_Red"
"11/11/2019","D4",40,"17:30","tank2","D4_C2","CW","control","yes","Red",226,1,"11/11/2019 17:30","week3","tank2_control_yes_11/11/2019 17:30",16.56726,"tank2_control_yes_Red"
"11/11/2019","D4",40,"17:30","tank2","D4_C2","CNW","control","no","Red",225,-1,"11/11/2019 17:30","week3","tank2_control_no_11/11/2019 17:30",16.65108,"tank2_control_no_Red"
"11/11/2019","D4",40,"17:30","tank1","D4_C1","CW","control","yes","Red",231,3,"11/11/2019 17:30","week3","tank1_control_yes_11/11/2019 17:30",16.35745,"tank1_control_yes_Red"
"11/11/2019","D4",40,"17:30","tank1","D4_C1","CNW","control","no","Red",225,0,"11/11/2019 17:30","week3","tank1_control_no_11/11/2019 17:30",15.98839,"tank1_control_no_Red"
"11/12/2019","D5",40,"17:30","tank4","D5_H1","HW","heating","yes","Red",227,1,"11/12/2019 17:30","week3","tank4_heating_yes_11/12/2019 17:30",19.05852,"tank4_heating_yes_Red"
"11/12/2019","D5",40,"17:30","tank4","D5_H1","HNW","heating","no","Red",248,2,"11/12/2019 17:30","week3","tank4_heating_no_11/12/2019 17:30",18.95372,"tank4_heating_no_Red"
"11/12/2019","D5",40,"17:30","tank3","D5_H2","HW","heating","yes","Red",229,5,"11/12/2019 17:30","week3","tank3_heating_yes_11/12/2019 17:30",19.89728,"tank3_heating_yes_Red"
"11/12/2019","D5",40,"17:30","tank3","D5_H2","HNW","heating","no","Red",232,1,"11/12/2019 17:30","week3","tank3_heating_no_11/12/2019 17:30",18.26988,"tank3_heating_no_Red"
"11/12/2019","D5",40,"17:30","tank2","D5_C2","CW","control","yes","Red",227,2,"11/12/2019 17:30","week3","tank2_control_yes_11/12/2019 17:30",16.42147,"tank2_control_yes_Red"
"11/12/2019","D5",40,"17:30","tank2","D5_C2","CNW","control","no","Red",226,0,"11/12/2019 17:30","week3","tank2_control_no_11/12/2019 17:30",16.51608,"tank2_control_no_Red"
"11/12/2019","D5",40,"17:30","tank1","D5_C1","CW","control","yes","Red",230,0,"11/12/2019 17:30","week3","tank1_control_yes_11/12/2019 17:30",16.33821,"tank1_control_yes_Red"
"11/12/2019","D5",40,"17:30","tank1","D5_C1","CNW","control","no","Red",226,1,"11/12/2019 17:30","week3","tank1_control_no_11/12/2019 17:30",15.95959,"tank1_control_no_Red"
"11/8/2019","D1",40,"17:30","tank4","D1_H1","HW","heating","yes","Yellow",225,1,"11/8/2019 17:30","week3","tank4_heating_yes_11/8/2019 17:30",18.81705676,"tank4_heating_yes_Yellow"
"11/8/2019","D1",40,"17:30","tank4","D1_H1","HNW","heating","no","Yellow",233,4,"11/8/2019 17:30","week3","tank4_heating_no_11/8/2019 17:30",18.80969286,"tank4_heating_no_Yellow"
"11/8/2019","D1",40,"17:30","tank3","D1_H2","HW","heating","yes","Yellow",227,-2,"11/8/2019 17:30","week3","tank3_heating_yes_11/8/2019 17:30",18.4825683,"tank3_heating_yes_Yellow"
"11/8/2019","D1",40,"17:30","tank3","D1_H2","HNW","heating","no","Yellow",224,0,"11/8/2019 17:30","week3","tank3_heating_no_11/8/2019 17:30",18.19303555,"tank3_heating_no_Yellow"
"11/8/2019","D1",40,"17:30","tank2","D1_C2","CW","control","yes","Yellow",230,3,"11/8/2019 17:30","week3","tank2_control_yes_11/8/2019 17:30",16.53810001,"tank2_control_yes_Yellow"
"11/8/2019","D1",40,"17:30","tank2","D1_C2","CNW","control","no","Yellow",222,-1,"11/8/2019 17:30","week3","tank2_control_no_11/8/2019 17:30",16.62214753,"tank2_control_no_Yellow"
"11/8/2019","D1",40,"17:30","tank1","D1_C1","CW","control","yes","Yellow",226,-1,"11/8/2019 17:30","week3","tank1_control_yes_11/8/2019 17:30",16.34783142,"tank1_control_yes_Yellow"
"11/8/2019","D1",40,"17:30","tank1","D1_C1","CNW","control","no","Yellow",224,-2,"11/8/2019 17:30","week3","tank1_control_no_11/8/2019 17:30",15.98838502,"tank1_control_no_Yellow"
"11/9/2019","D2",40,"17:30","tank4","D2_H1","HW","heating","yes","Yellow",226,2,"11/9/2019 17:30","week3","tank4_heating_yes_11/9/2019 17:30",18.93296,"tank4_heating_yes_Yellow"
"11/9/2019","D2",40,"17:30","tank4","D2_H1","HNW","heating","no","Yellow",234,3,"11/9/2019 17:30","week3","tank4_heating_no_11/9/2019 17:30",18.94412,"tank4_heating_no_Yellow"
"11/9/2019","D2",40,"17:30","tank3","D2_H2","HW","heating","yes","Yellow",227,0,"11/9/2019 17:30","week3","tank3_heating_yes_11/9/2019 17:30",20.03202,"tank3_heating_yes_Yellow"
"11/9/2019","D2",40,"17:30","tank3","D2_H2","HNW","heating","no","Yellow",223,-4,"11/9/2019 17:30","week3","tank3_heating_no_11/9/2019 17:30",18.38515,"tank3_heating_no_Yellow"
"11/9/2019","D2",40,"17:30","tank2","D2_C2","CW","control","yes","Yellow",228,0,"11/9/2019 17:30","week3","tank2_control_yes_11/9/2019 17:30",16.5381,"tank2_control_yes_Yellow"
"11/9/2019","D2",40,"17:30","tank2","D2_C2","CNW","control","no","Yellow",223,0,"11/9/2019 17:30","week3","tank2_control_no_11/9/2019 17:30",16.55465,"tank2_control_no_Yellow"
"11/9/2019","D2",40,"17:30","tank1","D2_C1","CW","control","yes","Yellow",227,0,"11/9/2019 17:30","week3","tank1_control_yes_11/9/2019 17:30",16.37668,"tank1_control_yes_Yellow"
"11/9/2019","D2",40,"17:30","tank1","D2_C1","CNW","control","no","Yellow",224,0,"11/9/2019 17:30","week3","tank1_control_no_11/9/2019 17:30",15.95959,"tank1_control_no_Yellow"
"11/10/2019","D3",40,"17:30","tank4","D3_H1","HW","heating","yes","Yellow",224,-3,"11/10/2019 17:30","week3","tank4_heating_yes_11/10/2019 17:30",18.9716,"tank4_heating_yes_Yellow"
"11/10/2019","D3",40,"17:30","tank4","D3_H1","HNW","heating","no","Yellow",234,1,"11/10/2019 17:30","week3","tank4_heating_no_11/10/2019 17:30",19.06894,"tank4_heating_no_Yellow"
"11/10/2019","D3",40,"17:30","tank3","D3_H2","HW","heating","yes","Yellow",227,1,"11/10/2019 17:30","week3","tank3_heating_yes_11/10/2019 17:30",19.93578,"tank3_heating_yes_Yellow"
"11/10/2019","D3",40,"17:30","tank3","D3_H2","HNW","heating","no","Yellow",226,1,"11/10/2019 17:30","week3","tank3_heating_no_11/10/2019 17:30",18.37554,"tank3_heating_no_Yellow"
"11/10/2019","D3",40,"17:30","tank2","D3_C2","CW","control","yes","Yellow",229,2,"11/10/2019 17:30","week3","tank2_control_yes_11/10/2019 17:30",16.61586,"tank2_control_yes_Yellow"
"11/10/2019","D3",40,"17:30","tank2","D3_C2","CNW","control","no","Yellow",221,-1,"11/10/2019 17:30","week3","tank2_control_no_11/10/2019 17:30",16.6125,"tank2_control_no_Yellow"
"11/10/2019","D3",40,"17:30","tank1","D3_C1","CW","control","yes","Yellow",224,-2,"11/10/2019 17:30","week3","tank1_control_yes_11/10/2019 17:30",16.33821,"tank1_control_yes_Yellow"
"11/10/2019","D3",40,"17:30","tank1","D3_C1","CNW","control","no","Yellow",225,1,"11/10/2019 17:30","week3","tank1_control_no_11/10/2019 17:30",15.97879,"tank1_control_no_Yellow"
"11/11/2019","D4",40,"17:30","tank4","D4_H1","HW","heating","yes","Yellow",227,0,"11/11/2019 17:30","week3","tank4_heating_yes_11/11/2019 17:30",19.04886,"tank4_heating_yes_Yellow"
"11/11/2019","D4",40,"17:30","tank4","D4_H1","HNW","heating","no","Yellow",232,-1,"11/11/2019 17:30","week3","tank4_heating_no_11/11/2019 17:30",19.02093,"tank4_heating_no_Yellow"
"11/11/2019","D4",40,"17:30","tank3","D4_H2","HW","heating","yes","Yellow",228,1,"11/11/2019 17:30","week3","tank3_heating_yes_11/11/2019 17:30",19.82029,"tank3_heating_yes_Yellow"
"11/11/2019","D4",40,"17:30","tank3","D4_H2","HNW","heating","no","Yellow",224,1,"11/11/2019 17:30","week3","tank3_heating_no_11/11/2019 17:30",18.26027,"tank3_heating_no_Yellow"
"11/11/2019","D4",40,"17:30","tank2","D4_C2","CW","control","yes","Yellow",228,1,"11/11/2019 17:30","week3","tank2_control_yes_11/11/2019 17:30",16.56726,"tank2_control_yes_Yellow"
"11/11/2019","D4",40,"17:30","tank2","D4_C2","CNW","control","no","Yellow",222,1,"11/11/2019 17:30","week3","tank2_control_no_11/11/2019 17:30",16.65108,"tank2_control_no_Yellow"
"11/11/2019","D4",40,"17:30","tank1","D4_C1","CW","control","yes","Yellow",227,-1,"11/11/2019 17:30","week3","tank1_control_yes_11/11/2019 17:30",16.35745,"tank1_control_yes_Yellow"
"11/11/2019","D4",40,"17:30","tank1","D4_C1","CNW","control","no","Yellow",220,-6,"11/11/2019 17:30","week3","tank1_control_no_11/11/2019 17:30",15.98839,"tank1_control_no_Yellow"
"11/12/2019","D5",40,"17:30","tank4","D5_H1","HW","heating","yes","Yellow",226,2,"11/12/2019 17:30","week3","tank4_heating_yes_11/12/2019 17:30",19.05852,"tank4_heating_yes_Yellow"
"11/12/2019","D5",40,"17:30","tank4","D5_H1","HNW","heating","no","Yellow",232,1,"11/12/2019 17:30","week3","tank4_heating_no_11/12/2019 17:30",18.95372,"tank4_heating_no_Yellow"
"11/12/2019","D5",40,"17:30","tank3","D5_H2","HW","heating","yes","Yellow",229,2,"11/12/2019 17:30","week3","tank3_heating_yes_11/12/2019 17:30",19.89728,"tank3_heating_yes_Yellow"
"11/12/2019","D5",40,"17:30","tank3","D5_H2","HNW","heating","no","Yellow",225,0,"11/12/2019 17:30","week3","tank3_heating_no_11/12/2019 17:30",18.26988,"tank3_heating_no_Yellow"
"11/12/2019","D5",40,"17:30","tank2","D5_C2","CW","control","yes","Yellow",227,1,"11/12/2019 17:30","week3","tank2_control_yes_11/12/2019 17:30",16.42147,"tank2_control_yes_Yellow"
"11/12/2019","D5",40,"17:30","tank2","D5_C2","CNW","control","no","Yellow",222,0,"11/12/2019 17:30","week3","tank2_control_no_11/12/2019 17:30",16.51608,"tank2_control_no_Yellow"
"11/12/2019","D5",40,"17:30","tank1","D5_C1","CW","control","yes","Yellow",226,-1,"11/12/2019 17:30","week3","tank1_control_yes_11/12/2019 17:30",16.33821,"tank1_control_yes_Yellow"
"11/12/2019","D5",40,"17:30","tank1","D5_C1","CNW","control","no","Yellow",223,1,"11/12/2019 17:30","week3","tank1_control_no_11/12/2019 17:30",15.95959,"tank1_control_no_Yellow"
"11/8/2019","D1",40,"17:30","tank4","D1_H1","HW","heating","yes","Black",224,1,"11/8/2019 17:30","week3","tank4_heating_yes_11/8/2019 17:30",18.81705676,"tank4_heating_yes_Black"
"11/8/2019","D1",40,"17:30","tank4","D1_H1","HNW","heating","no","Black",225,0,"11/8/2019 17:30","week3","tank4_heating_no_11/8/2019 17:30",18.80969286,"tank4_heating_no_Black"
"11/8/2019","D1",40,"17:30","tank3","D1_H2","HW","heating","yes","Black",223,1,"11/8/2019 17:30","week3","tank3_heating_yes_11/8/2019 17:30",18.4825683,"tank3_heating_yes_Black"
"11/8/2019","D1",40,"17:30","tank3","D1_H2","HNW","heating","no","Black",221,-4,"11/8/2019 17:30","week3","tank3_heating_no_11/8/2019 17:30",18.19303555,"tank3_heating_no_Black"
"11/8/2019","D1",40,"17:30","tank2","D1_C2","CW","control","yes","Black",226,4,"11/8/2019 17:30","week3","tank2_control_yes_11/8/2019 17:30",16.53810001,"tank2_control_yes_Black"
"11/8/2019","D1",40,"17:30","tank2","D1_C2","CNW","control","no","Black",224,-1,"11/8/2019 17:30","week3","tank2_control_no_11/8/2019 17:30",16.62214753,"tank2_control_no_Black"
"11/8/2019","D1",40,"17:30","tank1","D1_C1","CW","control","yes","Black",230,2,"11/8/2019 17:30","week3","tank1_control_yes_11/8/2019 17:30",16.34783142,"tank1_control_yes_Black"
"11/8/2019","D1",40,"17:30","tank1","D1_C1","CNW","control","no","Black",226,-6,"11/8/2019 17:30","week3","tank1_control_no_11/8/2019 17:30",15.98838502,"tank1_control_no_Black"
"11/9/2019","D2",40,"17:30","tank4","D2_H1","HW","heating","yes","Black",224,1,"11/9/2019 17:30","week3","tank4_heating_yes_11/9/2019 17:30",18.93296,"tank4_heating_yes_Black"
"11/9/2019","D2",40,"17:30","tank4","D2_H1","HNW","heating","no","Black",226,1,"11/9/2019 17:30","week3","tank4_heating_no_11/9/2019 17:30",18.94412,"tank4_heating_no_Black"
"11/9/2019","D2",40,"17:30","tank3","D2_H2","HW","heating","yes","Black",223,0,"11/9/2019 17:30","week3","tank3_heating_yes_11/9/2019 17:30",20.03202,"tank3_heating_yes_Black"
"11/9/2019","D2",40,"17:30","tank3","D2_H2","HNW","heating","no","Black",223,3,"11/9/2019 17:30","week3","tank3_heating_no_11/9/2019 17:30",18.38515,"tank3_heating_no_Black"
"11/9/2019","D2",40,"17:30","tank2","D2_C2","CW","control","yes","Black",226,4,"11/9/2019 17:30","week3","tank2_control_yes_11/9/2019 17:30",16.5381,"tank2_control_yes_Black"
"11/9/2019","D2",40,"17:30","tank2","D2_C2","CNW","control","no","Black",224,-1,"11/9/2019 17:30","week3","tank2_control_no_11/9/2019 17:30",16.55465,"tank2_control_no_Black"
"11/9/2019","D2",40,"17:30","tank1","D2_C1","CW","control","yes","Black",232,1,"11/9/2019 17:30","week3","tank1_control_yes_11/9/2019 17:30",16.37668,"tank1_control_yes_Black"
"11/9/2019","D2",40,"17:30","tank1","D2_C1","CNW","control","no","Black",225,0,"11/9/2019 17:30","week3","tank1_control_no_11/9/2019 17:30",15.95959,"tank1_control_no_Black"
"11/10/2019","D3",40,"17:30","tank4","D3_H1","HW","heating","yes","Black",224,-1,"11/10/2019 17:30","week3","tank4_heating_yes_11/10/2019 17:30",18.9716,"tank4_heating_yes_Black"
"11/10/2019","D3",40,"17:30","tank4","D3_H1","HNW","heating","no","Black",226,1,"11/10/2019 17:30","week3","tank4_heating_no_11/10/2019 17:30",19.06894,"tank4_heating_no_Black"
"11/10/2019","D3",40,"17:30","tank3","D3_H2","HW","heating","yes","Black",222,0,"11/10/2019 17:30","week3","tank3_heating_yes_11/10/2019 17:30",19.93578,"tank3_heating_yes_Black"
"11/10/2019","D3",40,"17:30","tank3","D3_H2","HNW","heating","no","Black",223,3,"11/10/2019 17:30","week3","tank3_heating_no_11/10/2019 17:30",18.37554,"tank3_heating_no_Black"
"11/10/2019","D3",40,"17:30","tank2","D3_C2","CW","control","yes","Black",226,3,"11/10/2019 17:30","week3","tank2_control_yes_11/10/2019 17:30",16.61586,"tank2_control_yes_Black"
"11/10/2019","D3",40,"17:30","tank2","D3_C2","CNW","control","no","Black",224,-1,"11/10/2019 17:30","week3","tank2_control_no_11/10/2019 17:30",16.6125,"tank2_control_no_Black"
"11/10/2019","D3",40,"17:30","tank1","D3_C1","CW","control","yes","Black",232,3,"11/10/2019 17:30","week3","tank1_control_yes_11/10/2019 17:30",16.33821,"tank1_control_yes_Black"
"11/10/2019","D3",40,"17:30","tank1","D3_C1","CNW","control","no","Black",225,1,"11/10/2019 17:30","week3","tank1_control_no_11/10/2019 17:30",15.97879,"tank1_control_no_Black"
"11/11/2019","D4",40,"17:30","tank4","D4_H1","HW","heating","yes","Black",225,1,"11/11/2019 17:30","week3","tank4_heating_yes_11/11/2019 17:30",19.04886,"tank4_heating_yes_Black"
"11/11/2019","D4",40,"17:30","tank4","D4_H1","HNW","heating","no","Black",224,-2,"11/11/2019 17:30","week3","tank4_heating_no_11/11/2019 17:30",19.02093,"tank4_heating_no_Black"
"11/11/2019","D4",40,"17:30","tank3","D4_H2","HW","heating","yes","Black",222,2,"11/11/2019 17:30","week3","tank3_heating_yes_11/11/2019 17:30",19.82029,"tank3_heating_yes_Black"
"11/11/2019","D4",40,"17:30","tank3","D4_H2","HNW","heating","no","Black",221,0,"11/11/2019 17:30","week3","tank3_heating_no_11/11/2019 17:30",18.26027,"tank3_heating_no_Black"
"11/11/2019","D4",40,"17:30","tank2","D4_C2","CW","control","yes","Black",225,2,"11/11/2019 17:30","week3","tank2_control_yes_11/11/2019 17:30",16.56726,"tank2_control_yes_Black"
"11/11/2019","D4",40,"17:30","tank2","D4_C2","CNW","control","no","Black",224,3,"11/11/2019 17:30","week3","tank2_control_no_11/11/2019 17:30",16.65108,"tank2_control_no_Black"
"11/11/2019","D4",40,"17:30","tank1","D4_C1","CW","control","yes","Black",230,1,"11/11/2019 17:30","week3","tank1_control_yes_11/11/2019 17:30",16.35745,"tank1_control_yes_Black"
"11/11/2019","D4",40,"17:30","tank1","D4_C1","CNW","control","no","Black",225,1,"11/11/2019 17:30","week3","tank1_control_no_11/11/2019 17:30",15.98839,"tank1_control_no_Black"
"11/12/2019","D5",40,"17:30","tank4","D5_H1","HW","heating","yes","Black",224,1,"11/12/2019 17:30","week3","tank4_heating_yes_11/12/2019 17:30",19.05852,"tank4_heating_yes_Black"
"11/12/2019","D5",40,"17:30","tank4","D5_H1","HNW","heating","no","Black",228,3,"11/12/2019 17:30","week3","tank4_heating_no_11/12/2019 17:30",18.95372,"tank4_heating_no_Black"
"11/12/2019","D5",40,"17:30","tank3","D5_H2","HW","heating","yes","Black",222,0,"11/12/2019 17:30","week3","tank3_heating_yes_11/12/2019 17:30",19.89728,"tank3_heating_yes_Black"
"11/12/2019","D5",40,"17:30","tank3","D5_H2","HNW","heating","no","Black",223,1,"11/12/2019 17:30","week3","tank3_heating_no_11/12/2019 17:30",18.26988,"tank3_heating_no_Black"
"11/12/2019","D5",40,"17:30","tank2","D5_C2","CW","control","yes","Black",225,1,"11/12/2019 17:30","week3","tank2_control_yes_11/12/2019 17:30",16.42147,"tank2_control_yes_Black"
"11/12/2019","D5",40,"17:30","tank2","D5_C2","CNW","control","no","Black",224,2,"11/12/2019 17:30","week3","tank2_control_no_11/12/2019 17:30",16.51608,"tank2_control_no_Black"
"11/12/2019","D5",40,"17:30","tank1","D5_C1","CW","control","yes","Black",230,1,"11/12/2019 17:30","week3","tank1_control_yes_11/12/2019 17:30",16.33821,"tank1_control_yes_Black"
"11/12/2019","D5",40,"17:30","tank1","D5_C1","CNW","control","no","Black",228,3,"11/12/2019 17:30","week3","tank1_control_no_11/12/2019 17:30",15.95959,"tank1_control_no_Black"
"11/8/2019","D1",40,"17:30","tank4","D1_H1","HW","heating","yes","White",233,7,"11/8/2019 17:30","week3","tank4_heating_yes_11/8/2019 17:30",18.81705676,"tank4_heating_yes_White"
"11/8/2019","D1",40,"17:30","tank4","D1_H1","HNW","heating","no","White",223,-1,"11/8/2019 17:30","week3","tank4_heating_no_11/8/2019 17:30",18.80969286,"tank4_heating_no_White"
"11/8/2019","D1",40,"17:30","tank3","D1_H2","HW","heating","yes","White",226,0,"11/8/2019 17:30","week3","tank3_heating_yes_11/8/2019 17:30",18.4825683,"tank3_heating_yes_White"
"11/8/2019","D1",40,"17:30","tank3","D1_H2","HNW","heating","no","White",230,-3,"11/8/2019 17:30","week3","tank3_heating_no_11/8/2019 17:30",18.19303555,"tank3_heating_no_White"
"11/8/2019","D1",40,"17:30","tank2","D1_C2","CW","control","yes","White",223,0,"11/8/2019 17:30","week3","tank2_control_yes_11/8/2019 17:30",16.53810001,"tank2_control_yes_White"
"11/8/2019","D1",40,"17:30","tank2","D1_C2","CNW","control","no","White",230,0,"11/8/2019 17:30","week3","tank2_control_no_11/8/2019 17:30",16.62214753,"tank2_control_no_White"
"11/8/2019","D1",40,"17:30","tank1","D1_C1","CW","control","yes","White",226,3,"11/8/2019 17:30","week3","tank1_control_yes_11/8/2019 17:30",16.34783142,"tank1_control_yes_White"
"11/8/2019","D1",40,"17:30","tank1","D1_C1","CNW","control","no","White",229,2,"11/8/2019 17:30","week3","tank1_control_no_11/8/2019 17:30",15.98838502,"tank1_control_no_White"
"11/9/2019","D2",40,"17:30","tank4","D2_H1","HW","heating","yes","White",232,1,"11/9/2019 17:30","week3","tank4_heating_yes_11/9/2019 17:30",18.93296,"tank4_heating_yes_White"
"11/9/2019","D2",40,"17:30","tank4","D2_H1","HNW","heating","no","White",234,10,"11/9/2019 17:30","week3","tank4_heating_no_11/9/2019 17:30",18.94412,"tank4_heating_no_White"
"11/9/2019","D2",40,"17:30","tank3","D2_H2","HW","heating","yes","White",227,1,"11/9/2019 17:30","week3","tank3_heating_yes_11/9/2019 17:30",20.03202,"tank3_heating_yes_White"
"11/9/2019","D2",40,"17:30","tank3","D2_H2","HNW","heating","no","White",230,-2,"11/9/2019 17:30","week3","tank3_heating_no_11/9/2019 17:30",18.38515,"tank3_heating_no_White"
"11/9/2019","D2",40,"17:30","tank2","D2_C2","CW","control","yes","White",225,3,"11/9/2019 17:30","week3","tank2_control_yes_11/9/2019 17:30",16.5381,"tank2_control_yes_White"
"11/9/2019","D2",40,"17:30","tank2","D2_C2","CNW","control","no","White",231,-1,"11/9/2019 17:30","week3","tank2_control_no_11/9/2019 17:30",16.55465,"tank2_control_no_White"
"11/9/2019","D2",40,"17:30","tank1","D2_C1","CW","control","yes","White",224,-3,"11/9/2019 17:30","week3","tank1_control_yes_11/9/2019 17:30",16.37668,"tank1_control_yes_White"
"11/9/2019","D2",40,"17:30","tank1","D2_C1","CNW","control","no","White",228,0,"11/9/2019 17:30","week3","tank1_control_no_11/9/2019 17:30",15.95959,"tank1_control_no_White"
"11/10/2019","D3",40,"17:30","tank4","D3_H1","HW","heating","yes","White",223,0,"11/10/2019 17:30","week3","tank4_heating_yes_11/10/2019 17:30",18.9716,"tank4_heating_yes_White"
"11/10/2019","D3",40,"17:30","tank4","D3_H1","HNW","heating","no","White",222,-1,"11/10/2019 17:30","week3","tank4_heating_no_11/10/2019 17:30",19.06894,"tank4_heating_no_White"
"11/10/2019","D3",40,"17:30","tank3","D3_H2","HW","heating","yes","White",227,1,"11/10/2019 17:30","week3","tank3_heating_yes_11/10/2019 17:30",19.93578,"tank3_heating_yes_White"
"11/10/2019","D3",40,"17:30","tank3","D3_H2","HNW","heating","no","White",230,0,"11/10/2019 17:30","week3","tank3_heating_no_11/10/2019 17:30",18.37554,"tank3_heating_no_White"
"11/10/2019","D3",40,"17:30","tank2","D3_C2","CW","control","yes","White",223,0,"11/10/2019 17:30","week3","tank2_control_yes_11/10/2019 17:30",16.61586,"tank2_control_yes_White"
"11/10/2019","D3",40,"17:30","tank2","D3_C2","CNW","control","no","White",227,-4,"11/10/2019 17:30","week3","tank2_control_no_11/10/2019 17:30",16.6125,"tank2_control_no_White"
"11/10/2019","D3",40,"17:30","tank1","D3_C1","CW","control","yes","White",224,2,"11/10/2019 17:30","week3","tank1_control_yes_11/10/2019 17:30",16.33821,"tank1_control_yes_White"
"11/10/2019","D3",40,"17:30","tank1","D3_C1","CNW","control","no","White",228,-2,"11/10/2019 17:30","week3","tank1_control_no_11/10/2019 17:30",15.97879,"tank1_control_no_White"
"11/11/2019","D4",40,"17:30","tank4","D4_H1","HW","heating","yes","White",225,2,"11/11/2019 17:30","week3","tank4_heating_yes_11/11/2019 17:30",19.04886,"tank4_heating_yes_White"
"11/11/2019","D4",40,"17:30","tank4","D4_H1","HNW","heating","no","White",223,0,"11/11/2019 17:30","week3","tank4_heating_no_11/11/2019 17:30",19.02093,"tank4_heating_no_White"
"11/11/2019","D4",40,"17:30","tank3","D4_H2","HW","heating","yes","White",224,-2,"11/11/2019 17:30","week3","tank3_heating_yes_11/11/2019 17:30",19.82029,"tank3_heating_yes_White"
"11/11/2019","D4",40,"17:30","tank3","D4_H2","HNW","heating","no","White",230,2,"11/11/2019 17:30","week3","tank3_heating_no_11/11/2019 17:30",18.26027,"tank3_heating_no_White"
"11/11/2019","D4",40,"17:30","tank2","D4_C2","CW","control","yes","White",223,1,"11/11/2019 17:30","week3","tank2_control_yes_11/11/2019 17:30",16.56726,"tank2_control_yes_White"
"11/11/2019","D4",40,"17:30","tank2","D4_C2","CNW","control","no","White",230,0,"11/11/2019 17:30","week3","tank2_control_no_11/11/2019 17:30",16.65108,"tank2_control_no_White"
"11/11/2019","D4",40,"17:30","tank1","D4_C1","CW","control","yes","White",228,3,"11/11/2019 17:30","week3","tank1_control_yes_11/11/2019 17:30",16.35745,"tank1_control_yes_White"
"11/11/2019","D4",40,"17:30","tank1","D4_C1","CNW","control","no","White",228,-1,"11/11/2019 17:30","week3","tank1_control_no_11/11/2019 17:30",15.98839,"tank1_control_no_White"
"11/12/2019","D5",40,"17:30","tank4","D5_H1","HW","heating","yes","White",223,-2,"11/12/2019 17:30","week3","tank4_heating_yes_11/12/2019 17:30",19.05852,"tank4_heating_yes_White"
"11/12/2019","D5",40,"17:30","tank4","D5_H1","HNW","heating","no","White",224,0,"11/12/2019 17:30","week3","tank4_heating_no_11/12/2019 17:30",18.95372,"tank4_heating_no_White"
"11/12/2019","D5",40,"17:30","tank3","D5_H2","HW","heating","yes","White",228,-6,"11/12/2019 17:30","week3","tank3_heating_yes_11/12/2019 17:30",19.89728,"tank3_heating_yes_White"
"11/12/2019","D5",40,"17:30","tank3","D5_H2","HNW","heating","no","White",231,3,"11/12/2019 17:30","week3","tank3_heating_no_11/12/2019 17:30",18.26988,"tank3_heating_no_White"
"11/12/2019","D5",40,"17:30","tank2","D5_C2","CW","control","yes","White",224,2,"11/12/2019 17:30","week3","tank2_control_yes_11/12/2019 17:30",16.42147,"tank2_control_yes_White"
"11/12/2019","D5",40,"17:30","tank2","D5_C2","CNW","control","no","White",226,2,"11/12/2019 17:30","week3","tank2_control_no_11/12/2019 17:30",16.51608,"tank2_control_no_White"
"11/12/2019","D5",40,"17:30","tank1","D5_C1","CW","control","yes","White",223,4,"11/12/2019 17:30","week3","tank1_control_yes_11/12/2019 17:30",16.33821,"tank1_control_yes_White"
"11/12/2019","D5",40,"17:30","tank1","D5_C1","CNW","control","no","White",231,-1,"11/12/2019 17:30","week3","tank1_control_no_11/12/2019 17:30",15.95959,"tank1_control_no_White"
"11/15/2019","D1",40,"10:30","tank4","D1_H1","HW","heating","yes","Red",225,0,"11/15/2019 10:30","week4","tank4_heating_yes_11/15/2019 10:30",18.80739811,"tank4_heating_yes_Red"
"11/15/2019","D1",40,"10:30","tank4","D1_H1","HNW","heating","no","Red",241,0,"11/15/2019 10:30","week4","tank4_heating_no_11/15/2019 10:30",18.7904896,"tank4_heating_no_Red"
"11/15/2019","D1",40,"10:30","tank3","D1_H2","HW","heating","yes","Red",230,0,"11/15/2019 10:30","week4","tank3_heating_yes_11/15/2019 10:30",19.20436037,"tank3_heating_yes_Red"
"11/15/2019","D1",40,"10:30","tank3","D1_H2","HNW","heating","no","Red",230,0,"11/15/2019 10:30","week4","tank3_heating_no_11/15/2019 10:30",18.80778859,"tank3_heating_no_Red"
"11/15/2019","D1",40,"10:30","tank2","D1_C2","CW","control","yes","Red",225,0,"11/15/2019 10:30","week4","tank2_control_yes_11/15/2019 10:30",18.99714821,"tank2_control_yes_Red"
"11/15/2019","D1",40,"10:30","tank2","D1_C2","CNW","control","no","Red",227,0,"11/15/2019 10:30","week4","tank2_control_no_11/15/2019 10:30",18.97493005,"tank2_control_no_Red"
"11/15/2019","D1",40,"10:30","tank1","D1_C1","CW","control","yes","Red",229,0,"11/15/2019 10:30","week4","tank1_control_yes_11/15/2019 10:30",18.47306456,"tank1_control_yes_Red"
"11/15/2019","D1",40,"10:30","tank1","D1_C1","CNW","control","no","Red",226,0,"11/15/2019 10:30","week4","tank1_control_no_11/15/2019 10:30",18.01343184,"tank1_control_no_Red"
"11/16/2019","D2",40,"10:30","tank4","D2_H1","HW","heating","yes","Red",229,0,"11/16/2019 10:30","week4","tank4_heating_yes_11/16/2019 10:30",19.58974927,"tank4_heating_yes_Red"
"11/16/2019","D2",40,"10:30","tank4","D2_H1","HNW","heating","no","Red",250,0,"11/16/2019 10:30","week4","tank4_heating_no_11/16/2019 10:30",19.68344093,"tank4_heating_no_Red"
"11/16/2019","D2",40,"10:30","tank3","D2_H2","HW","heating","yes","Red",229,0,"11/16/2019 10:30","week4","tank3_heating_yes_11/16/2019 10:30",20.20524538,"tank3_heating_yes_Red"
"11/16/2019","D2",40,"10:30","tank3","D2_H2","HNW","heating","no","Red",230,0,"11/16/2019 10:30","week4","tank3_heating_no_11/16/2019 10:30",19.71070713,"tank3_heating_no_Red"
"11/16/2019","D2",40,"10:30","tank2","D2_C2","CW","control","yes","Red",230,0,"11/16/2019 10:30","week4","tank2_control_yes_11/16/2019 10:30",19.83303021,"tank2_control_yes_Red"
"11/16/2019","D2",40,"10:30","tank2","D2_C2","CNW","control","no","Red",227,0,"11/16/2019 10:30","week4","tank2_control_no_11/16/2019 10:30",19.86204477,"tank2_control_no_Red"
"11/16/2019","D2",40,"10:30","tank1","D2_C1","CW","control","yes","Red",230,0,"11/16/2019 10:30","week4","tank1_control_yes_11/16/2019 10:30",19.51164003,"tank1_control_yes_Red"
"11/16/2019","D2",40,"10:30","tank1","D2_C1","CNW","control","no","Red",226,0,"11/16/2019 10:30","week4","tank1_control_no_11/16/2019 10:30",18.92518277,"tank1_control_no_Red"
"11/17/2019","D3",40,"10:30","tank4","D3_H1","HW","heating","yes","Red",229,0,"11/17/2019 10:30","week4","tank4_heating_yes_11/17/2019 10:30",19.58974927,"tank4_heating_yes_Red"
"11/17/2019","D3",40,"10:30","tank4","D3_H1","HNW","heating","no","Red",250,0,"11/17/2019 10:30","week4","tank4_heating_no_11/17/2019 10:30",19.68344093,"tank4_heating_no_Red"
"11/17/2019","D3",40,"10:30","tank3","D3_H2","HW","heating","yes","Red",229,0,"11/17/2019 10:30","week4","tank3_heating_yes_11/17/2019 10:30",20.20524538,"tank3_heating_yes_Red"
"11/17/2019","D3",40,"10:30","tank3","D3_H2","HNW","heating","no","Red",228,0,"11/17/2019 10:30","week4","tank3_heating_no_11/17/2019 10:30",19.71070713,"tank3_heating_no_Red"
"11/17/2019","D3",40,"10:30","tank2","D3_C2","CW","control","yes","Red",228,0,"11/17/2019 10:30","week4","tank2_control_yes_11/17/2019 10:30",19.83303021,"tank2_control_yes_Red"
"11/17/2019","D3",40,"10:30","tank2","D3_C2","CNW","control","no","Red",228,0,"11/17/2019 10:30","week4","tank2_control_no_11/17/2019 10:30",19.86204477,"tank2_control_no_Red"
"11/17/2019","D3",40,"10:30","tank1","D3_C1","CW","control","yes","Red",230,0,"11/17/2019 10:30","week4","tank1_control_yes_11/17/2019 10:30",19.51164003,"tank1_control_yes_Red"
"11/17/2019","D3",40,"10:30","tank1","D3_C1","CNW","control","no","Red",225,0,"11/17/2019 10:30","week4","tank1_control_no_11/17/2019 10:30",18.92518277,"tank1_control_no_Red"
"11/18/2019","D4",40,"10:30","tank4","D4_H1","HW","heating","yes","Red",27,0,"11/18/2019 10:30","week4","tank4_heating_yes_11/18/2019 10:30",19.58974927,"tank4_heating_yes_Red"
"11/18/2019","D4",40,"10:30","tank4","D4_H1","HNW","heating","no","Red",NA,NA,"11/18/2019 10:30","week4","tank4_heating_no_11/18/2019 10:30",19.68344093,"tank4_heating_no_Red"
"11/18/2019","D4",40,"10:30","tank3","D4_H2","HW","heating","yes","Red",27,0,"11/18/2019 10:30","week4","tank3_heating_yes_11/18/2019 10:30",20.20524538,"tank3_heating_yes_Red"
"11/18/2019","D4",40,"10:30","tank3","D4_H2","HNW","heating","no","Red",31,0,"11/18/2019 10:30","week4","tank3_heating_no_11/18/2019 10:30",19.71070713,"tank3_heating_no_Red"
"11/18/2019","D4",40,"10:30","tank2","D4_C2","CW","control","yes","Red",26,0,"11/18/2019 10:30","week4","tank2_control_yes_11/18/2019 10:30",19.83303021,"tank2_control_yes_Red"
"11/18/2019","D4",40,"10:30","tank2","D4_C2","CNW","control","no","Red",25,0,"11/18/2019 10:30","week4","tank2_control_no_11/18/2019 10:30",19.86204477,"tank2_control_no_Red"
"11/18/2019","D4",40,"10:30","tank1","D4_C1","CW","control","yes","Red",28,0,"11/18/2019 10:30","week4","tank1_control_yes_11/18/2019 10:30",19.51164003,"tank1_control_yes_Red"
"11/18/2019","D4",40,"10:30","tank1","D4_C1","CNW","control","no","Red",25,0,"11/18/2019 10:30","week4","tank1_control_no_11/18/2019 10:30",18.92518277,"tank1_control_no_Red"
"11/19/2019","D5",40,"10:30","tank4","D5_H1","HW","heating","yes","Red",25,0,"11/19/2019 10:30","week4","tank4_heating_yes_11/19/2019 10:30",19.58974927,"tank4_heating_yes_Red"
"11/19/2019","D5",40,"10:30","tank4","D5_H1","HNW","heating","no","Red",NA,NA,"11/19/2019 10:30","week4","tank4_heating_no_11/19/2019 10:30",19.68344093,"tank4_heating_no_Red"
"11/19/2019","D5",40,"10:30","tank3","D5_H2","HW","heating","yes","Red",26,0,"11/19/2019 10:30","week4","tank3_heating_yes_11/19/2019 10:30",20.20524538,"tank3_heating_yes_Red"
"11/19/2019","D5",40,"10:30","tank3","D5_H2","HNW","heating","no","Red",30,0,"11/19/2019 10:30","week4","tank3_heating_no_11/19/2019 10:30",19.71070713,"tank3_heating_no_Red"
"11/19/2019","D5",40,"10:30","tank2","D5_C2","CW","control","yes","Red",26,0,"11/19/2019 10:30","week4","tank2_control_yes_11/19/2019 10:30",19.83303021,"tank2_control_yes_Red"
"11/19/2019","D5",40,"10:30","tank2","D5_C2","CNW","control","no","Red",25,0,"11/19/2019 10:30","week4","tank2_control_no_11/19/2019 10:30",19.86204477,"tank2_control_no_Red"
"11/19/2019","D5",40,"10:30","tank1","D5_C1","CW","control","yes","Red",25,0,"11/19/2019 10:30","week4","tank1_control_yes_11/19/2019 10:30",19.51164003,"tank1_control_yes_Red"
"11/19/2019","D5",40,"10:30","tank1","D5_C1","CNW","control","no","Red",25,0,"11/19/2019 10:30","week4","tank1_control_no_11/19/2019 10:30",18.92518277,"tank1_control_no_Red"
"11/15/2019","D1",40,"10:30","tank4","D1_H1","HW","heating","yes","Yellow",224,0,"11/15/2019 10:30","week4","tank4_heating_yes_11/15/2019 10:30",18.80739811,"tank4_heating_yes_Yellow"
"11/15/2019","D1",40,"10:30","tank4","D1_H1","HNW","heating","no","Yellow",233,0,"11/15/2019 10:30","week4","tank4_heating_no_11/15/2019 10:30",18.7904896,"tank4_heating_no_Yellow"
"11/15/2019","D1",40,"10:30","tank3","D1_H2","HW","heating","yes","Yellow",235,0,"11/15/2019 10:30","week4","tank3_heating_yes_11/15/2019 10:30",19.20436037,"tank3_heating_yes_Yellow"
"11/15/2019","D1",40,"10:30","tank3","D1_H2","HNW","heating","no","Yellow",227,0,"11/15/2019 10:30","week4","tank3_heating_no_11/15/2019 10:30",18.80778859,"tank3_heating_no_Yellow"
"11/15/2019","D1",40,"10:30","tank2","D1_C2","CW","control","yes","Yellow",226,0,"11/15/2019 10:30","week4","tank2_control_yes_11/15/2019 10:30",18.99714821,"tank2_control_yes_Yellow"
"11/15/2019","D1",40,"10:30","tank2","D1_C2","CNW","control","no","Yellow",223,0,"11/15/2019 10:30","week4","tank2_control_no_11/15/2019 10:30",18.97493005,"tank2_control_no_Yellow"
"11/15/2019","D1",40,"10:30","tank1","D1_C1","CW","control","yes","Yellow",229,0,"11/15/2019 10:30","week4","tank1_control_yes_11/15/2019 10:30",18.47306456,"tank1_control_yes_Yellow"
"11/15/2019","D1",40,"10:30","tank1","D1_C1","CNW","control","no","Yellow",224,0,"11/15/2019 10:30","week4","tank1_control_no_11/15/2019 10:30",18.01343184,"tank1_control_no_Yellow"
"11/16/2019","D2",40,"10:30","tank4","D2_H1","HW","heating","yes","Yellow",225,0,"11/16/2019 10:30","week4","tank4_heating_yes_11/16/2019 10:30",19.58974927,"tank4_heating_yes_Yellow"
"11/16/2019","D2",40,"10:30","tank4","D2_H1","HNW","heating","no","Yellow",231,0,"11/16/2019 10:30","week4","tank4_heating_no_11/16/2019 10:30",19.68344093,"tank4_heating_no_Yellow"
"11/16/2019","D2",40,"10:30","tank3","D2_H2","HW","heating","yes","Yellow",250,0,"11/16/2019 10:30","week4","tank3_heating_yes_11/16/2019 10:30",20.20524538,"tank3_heating_yes_Yellow"
"11/16/2019","D2",40,"10:30","tank3","D2_H2","HNW","heating","no","Yellow",226,0,"11/16/2019 10:30","week4","tank3_heating_no_11/16/2019 10:30",19.71070713,"tank3_heating_no_Yellow"
"11/16/2019","D2",40,"10:30","tank2","D2_C2","CW","control","yes","Yellow",227,0,"11/16/2019 10:30","week4","tank2_control_yes_11/16/2019 10:30",19.83303021,"tank2_control_yes_Yellow"
"11/16/2019","D2",40,"10:30","tank2","D2_C2","CNW","control","no","Yellow",224,0,"11/16/2019 10:30","week4","tank2_control_no_11/16/2019 10:30",19.86204477,"tank2_control_no_Yellow"
"11/16/2019","D2",40,"10:30","tank1","D2_C1","CW","control","yes","Yellow",228,0,"11/16/2019 10:30","week4","tank1_control_yes_11/16/2019 10:30",19.51164003,"tank1_control_yes_Yellow"
"11/16/2019","D2",40,"10:30","tank1","D2_C1","CNW","control","no","Yellow",225,0,"11/16/2019 10:30","week4","tank1_control_no_11/16/2019 10:30",18.92518277,"tank1_control_no_Yellow"
"11/17/2019","D3",40,"10:30","tank4","D3_H1","HW","heating","yes","Yellow",225,0,"11/17/2019 10:30","week4","tank4_heating_yes_11/17/2019 10:30",19.58974927,"tank4_heating_yes_Yellow"
"11/17/2019","D3",40,"10:30","tank4","D3_H1","HNW","heating","no","Yellow",232,0,"11/17/2019 10:30","week4","tank4_heating_no_11/17/2019 10:30",19.68344093,"tank4_heating_no_Yellow"
"11/17/2019","D3",40,"10:30","tank3","D3_H2","HW","heating","yes","Yellow",244,0,"11/17/2019 10:30","week4","tank3_heating_yes_11/17/2019 10:30",20.20524538,"tank3_heating_yes_Yellow"
"11/17/2019","D3",40,"10:30","tank3","D3_H2","HNW","heating","no","Yellow",225,0,"11/17/2019 10:30","week4","tank3_heating_no_11/17/2019 10:30",19.71070713,"tank3_heating_no_Yellow"
"11/17/2019","D3",40,"10:30","tank2","D3_C2","CW","control","yes","Yellow",226,0,"11/17/2019 10:30","week4","tank2_control_yes_11/17/2019 10:30",19.83303021,"tank2_control_yes_Yellow"
"11/17/2019","D3",40,"10:30","tank2","D3_C2","CNW","control","no","Yellow",223,0,"11/17/2019 10:30","week4","tank2_control_no_11/17/2019 10:30",19.86204477,"tank2_control_no_Yellow"
"11/17/2019","D3",40,"10:30","tank1","D3_C1","CW","control","yes","Yellow",226,0,"11/17/2019 10:30","week4","tank1_control_yes_11/17/2019 10:30",19.51164003,"tank1_control_yes_Yellow"
"11/17/2019","D3",40,"10:30","tank1","D3_C1","CNW","control","no","Yellow",224,0,"11/17/2019 10:30","week4","tank1_control_no_11/17/2019 10:30",18.92518277,"tank1_control_no_Yellow"
"11/18/2019","D4",40,"10:30","tank4","D4_H1","HW","heating","yes","Yellow",26,0,"11/18/2019 10:30","week4","tank4_heating_yes_11/18/2019 10:30",19.58974927,"tank4_heating_yes_Yellow"
"11/18/2019","D4",40,"10:30","tank4","D4_H1","HNW","heating","no","Yellow",33,0,"11/18/2019 10:30","week4","tank4_heating_no_11/18/2019 10:30",19.68344093,"tank4_heating_no_Yellow"
"11/18/2019","D4",40,"10:30","tank3","D4_H2","HW","heating","yes","Yellow",50,0,"11/18/2019 10:30","week4","tank3_heating_yes_11/18/2019 10:30",20.20524538,"tank3_heating_yes_Yellow"
"11/18/2019","D4",40,"10:30","tank3","D4_H2","HNW","heating","no","Yellow",25,0,"11/18/2019 10:30","week4","tank3_heating_no_11/18/2019 10:30",19.71070713,"tank3_heating_no_Yellow"
"11/18/2019","D4",40,"10:30","tank2","D4_C2","CW","control","yes","Yellow",27,0,"11/18/2019 10:30","week4","tank2_control_yes_11/18/2019 10:30",19.83303021,"tank2_control_yes_Yellow"
"11/18/2019","D4",40,"10:30","tank2","D4_C2","CNW","control","no","Yellow",23,0,"11/18/2019 10:30","week4","tank2_control_no_11/18/2019 10:30",19.86204477,"tank2_control_no_Yellow"
"11/18/2019","D4",40,"10:30","tank1","D4_C1","CW","control","yes","Yellow",25,0,"11/18/2019 10:30","week4","tank1_control_yes_11/18/2019 10:30",19.51164003,"tank1_control_yes_Yellow"
"11/18/2019","D4",40,"10:30","tank1","D4_C1","CNW","control","no","Yellow",24,0,"11/18/2019 10:30","week4","tank1_control_no_11/18/2019 10:30",18.92518277,"tank1_control_no_Yellow"
"11/19/2019","D5",40,"10:30","tank4","D5_H1","HW","heating","yes","Yellow",24,0,"11/19/2019 10:30","week4","tank4_heating_yes_11/19/2019 10:30",19.58974927,"tank4_heating_yes_Yellow"
"11/19/2019","D5",40,"10:30","tank4","D5_H1","HNW","heating","no","Yellow",27,0,"11/19/2019 10:30","week4","tank4_heating_no_11/19/2019 10:30",19.68344093,"tank4_heating_no_Yellow"
"11/19/2019","D5",40,"10:30","tank3","D5_H2","HW","heating","yes","Yellow",50,0,"11/19/2019 10:30","week4","tank3_heating_yes_11/19/2019 10:30",20.20524538,"tank3_heating_yes_Yellow"
"11/19/2019","D5",40,"10:30","tank3","D5_H2","HNW","heating","no","Yellow",24,0,"11/19/2019 10:30","week4","tank3_heating_no_11/19/2019 10:30",19.71070713,"tank3_heating_no_Yellow"
"11/19/2019","D5",40,"10:30","tank2","D5_C2","CW","control","yes","Yellow",26,0,"11/19/2019 10:30","week4","tank2_control_yes_11/19/2019 10:30",19.83303021,"tank2_control_yes_Yellow"
"11/19/2019","D5",40,"10:30","tank2","D5_C2","CNW","control","no","Yellow",23,0,"11/19/2019 10:30","week4","tank2_control_no_11/19/2019 10:30",19.86204477,"tank2_control_no_Yellow"
"11/19/2019","D5",40,"10:30","tank1","D5_C1","CW","control","yes","Yellow",24,0,"11/19/2019 10:30","week4","tank1_control_yes_11/19/2019 10:30",19.51164003,"tank1_control_yes_Yellow"
"11/19/2019","D5",40,"10:30","tank1","D5_C1","CNW","control","no","Yellow",25,0,"11/19/2019 10:30","week4","tank1_control_no_11/19/2019 10:30",18.92518277,"tank1_control_no_Yellow"
"11/15/2019","D1",40,"10:30","tank4","D1_H1","HW","heating","yes","Black",223,0,"11/15/2019 10:30","week4","tank4_heating_yes_11/15/2019 10:30",18.80739811,"tank4_heating_yes_Black"
"11/15/2019","D1",40,"10:30","tank4","D1_H1","HNW","heating","no","Black",227,0,"11/15/2019 10:30","week4","tank4_heating_no_11/15/2019 10:30",18.7904896,"tank4_heating_no_Black"
"11/15/2019","D1",40,"10:30","tank3","D1_H2","HW","heating","yes","Black",223,0,"11/15/2019 10:30","week4","tank3_heating_yes_11/15/2019 10:30",19.20436037,"tank3_heating_yes_Black"
"11/15/2019","D1",40,"10:30","tank3","D1_H2","HNW","heating","no","Black",225,0,"11/15/2019 10:30","week4","tank3_heating_no_11/15/2019 10:30",18.80778859,"tank3_heating_no_Black"
"11/15/2019","D1",40,"10:30","tank2","D1_C2","CW","control","yes","Black",224,0,"11/15/2019 10:30","week4","tank2_control_yes_11/15/2019 10:30",18.99714821,"tank2_control_yes_Black"
"11/15/2019","D1",40,"10:30","tank2","D1_C2","CNW","control","no","Black",225,0,"11/15/2019 10:30","week4","tank2_control_no_11/15/2019 10:30",18.97493005,"tank2_control_no_Black"
"11/15/2019","D1",40,"10:30","tank1","D1_C1","CW","control","yes","Black",230,0,"11/15/2019 10:30","week4","tank1_control_yes_11/15/2019 10:30",18.47306456,"tank1_control_yes_Black"
"11/15/2019","D1",40,"10:30","tank1","D1_C1","CNW","control","no","Black",228,0,"11/15/2019 10:30","week4","tank1_control_no_11/15/2019 10:30",18.01343184,"tank1_control_no_Black"
"11/16/2019","D2",40,"10:30","tank4","D2_H1","HW","heating","yes","Black",223,0,"11/16/2019 10:30","week4","tank4_heating_yes_11/16/2019 10:30",19.58974927,"tank4_heating_yes_Black"
"11/16/2019","D2",40,"10:30","tank4","D2_H1","HNW","heating","no","Black",227,0,"11/16/2019 10:30","week4","tank4_heating_no_11/16/2019 10:30",19.68344093,"tank4_heating_no_Black"
"11/16/2019","D2",40,"10:30","tank3","D2_H2","HW","heating","yes","Black",223,0,"11/16/2019 10:30","week4","tank3_heating_yes_11/16/2019 10:30",20.20524538,"tank3_heating_yes_Black"
"11/16/2019","D2",40,"10:30","tank3","D2_H2","HNW","heating","no","Black",223,0,"11/16/2019 10:30","week4","tank3_heating_no_11/16/2019 10:30",19.71070713,"tank3_heating_no_Black"
"11/16/2019","D2",40,"10:30","tank2","D2_C2","CW","control","yes","Black",225,0,"11/16/2019 10:30","week4","tank2_control_yes_11/16/2019 10:30",19.83303021,"tank2_control_yes_Black"
"11/16/2019","D2",40,"10:30","tank2","D2_C2","CNW","control","no","Black",220,0,"11/16/2019 10:30","week4","tank2_control_no_11/16/2019 10:30",19.86204477,"tank2_control_no_Black"
"11/16/2019","D2",40,"10:30","tank1","D2_C1","CW","control","yes","Black",230,0,"11/16/2019 10:30","week4","tank1_control_yes_11/16/2019 10:30",19.51164003,"tank1_control_yes_Black"
"11/16/2019","D2",40,"10:30","tank1","D2_C1","CNW","control","no","Black",225,0,"11/16/2019 10:30","week4","tank1_control_no_11/16/2019 10:30",18.92518277,"tank1_control_no_Black"
"11/17/2019","D3",40,"10:30","tank4","D3_H1","HW","heating","yes","Black",223,0,"11/17/2019 10:30","week4","tank4_heating_yes_11/17/2019 10:30",19.58974927,"tank4_heating_yes_Black"
"11/17/2019","D3",40,"10:30","tank4","D3_H1","HNW","heating","no","Black",245,0,"11/17/2019 10:30","week4","tank4_heating_no_11/17/2019 10:30",19.68344093,"tank4_heating_no_Black"
"11/17/2019","D3",40,"10:30","tank3","D3_H2","HW","heating","yes","Black",224,0,"11/17/2019 10:30","week4","tank3_heating_yes_11/17/2019 10:30",20.20524538,"tank3_heating_yes_Black"
"11/17/2019","D3",40,"10:30","tank3","D3_H2","HNW","heating","no","Black",222,0,"11/17/2019 10:30","week4","tank3_heating_no_11/17/2019 10:30",19.71070713,"tank3_heating_no_Black"
"11/17/2019","D3",40,"10:30","tank2","D3_C2","CW","control","yes","Black",226,0,"11/17/2019 10:30","week4","tank2_control_yes_11/17/2019 10:30",19.83303021,"tank2_control_yes_Black"
"11/17/2019","D3",40,"10:30","tank2","D3_C2","CNW","control","no","Black",225,0,"11/17/2019 10:30","week4","tank2_control_no_11/17/2019 10:30",19.86204477,"tank2_control_no_Black"
"11/17/2019","D3",40,"10:30","tank1","D3_C1","CW","control","yes","Black",230,0,"11/17/2019 10:30","week4","tank1_control_yes_11/17/2019 10:30",19.51164003,"tank1_control_yes_Black"
"11/17/2019","D3",40,"10:30","tank1","D3_C1","CNW","control","no","Black",225,0,"11/17/2019 10:30","week4","tank1_control_no_11/17/2019 10:30",18.92518277,"tank1_control_no_Black"
"11/18/2019","D4",40,"10:30","tank4","D4_H1","HW","heating","yes","Black",24,0,"11/18/2019 10:30","week4","tank4_heating_yes_11/18/2019 10:30",19.58974927,"tank4_heating_yes_Black"
"11/18/2019","D4",40,"10:30","tank4","D4_H1","HNW","heating","no","Black",50,0,"11/18/2019 10:30","week4","tank4_heating_no_11/18/2019 10:30",19.68344093,"tank4_heating_no_Black"
"11/18/2019","D4",40,"10:30","tank3","D4_H2","HW","heating","yes","Black",23,0,"11/18/2019 10:30","week4","tank3_heating_yes_11/18/2019 10:30",20.20524538,"tank3_heating_yes_Black"
"11/18/2019","D4",40,"10:30","tank3","D4_H2","HNW","heating","no","Black",32,0,"11/18/2019 10:30","week4","tank3_heating_no_11/18/2019 10:30",19.71070713,"tank3_heating_no_Black"
"11/18/2019","D4",40,"10:30","tank2","D4_C2","CW","control","yes","Black",26,0,"11/18/2019 10:30","week4","tank2_control_yes_11/18/2019 10:30",19.83303021,"tank2_control_yes_Black"
"11/18/2019","D4",40,"10:30","tank2","D4_C2","CNW","control","no","Black",21,0,"11/18/2019 10:30","week4","tank2_control_no_11/18/2019 10:30",19.86204477,"tank2_control_no_Black"
"11/18/2019","D4",40,"10:30","tank1","D4_C1","CW","control","yes","Black",34,0,"11/18/2019 10:30","week4","tank1_control_yes_11/18/2019 10:30",19.51164003,"tank1_control_yes_Black"
"11/18/2019","D4",40,"10:30","tank1","D4_C1","CNW","control","no","Black",24,0,"11/18/2019 10:30","week4","tank1_control_no_11/18/2019 10:30",18.92518277,"tank1_control_no_Black"
"11/19/2019","D5",40,"10:30","tank4","D5_H1","HW","heating","yes","Black",23,0,"11/19/2019 10:30","week4","tank4_heating_yes_11/19/2019 10:30",19.58974927,"tank4_heating_yes_Black"
"11/19/2019","D5",40,"10:30","tank4","D5_H1","HNW","heating","no","Black",45,0,"11/19/2019 10:30","week4","tank4_heating_no_11/19/2019 10:30",19.68344093,"tank4_heating_no_Black"
"11/19/2019","D5",40,"10:30","tank3","D5_H2","HW","heating","yes","Black",21,0,"11/19/2019 10:30","week4","tank3_heating_yes_11/19/2019 10:30",20.20524538,"tank3_heating_yes_Black"
"11/19/2019","D5",40,"10:30","tank3","D5_H2","HNW","heating","no","Black",22,0,"11/19/2019 10:30","week4","tank3_heating_no_11/19/2019 10:30",19.71070713,"tank3_heating_no_Black"
"11/19/2019","D5",40,"10:30","tank2","D5_C2","CW","control","yes","Black",22,0,"11/19/2019 10:30","week4","tank2_control_yes_11/19/2019 10:30",19.83303021,"tank2_control_yes_Black"
"11/19/2019","D5",40,"10:30","tank2","D5_C2","CNW","control","no","Black",25,0,"11/19/2019 10:30","week4","tank2_control_no_11/19/2019 10:30",19.86204477,"tank2_control_no_Black"
"11/19/2019","D5",40,"10:30","tank1","D5_C1","CW","control","yes","Black",29,0,"11/19/2019 10:30","week4","tank1_control_yes_11/19/2019 10:30",19.51164003,"tank1_control_yes_Black"
"11/19/2019","D5",40,"10:30","tank1","D5_C1","CNW","control","no","Black",24,0,"11/19/2019 10:30","week4","tank1_control_no_11/19/2019 10:30",18.92518277,"tank1_control_no_Black"
"11/15/2019","D1",40,"10:30","tank4","D1_H1","HW","heating","yes","White",220,0,"11/15/2019 10:30","week4","tank4_heating_yes_11/15/2019 10:30",18.80739811,"tank4_heating_yes_White"
"11/15/2019","D1",40,"10:30","tank4","D1_H1","HNW","heating","no","White",223,0,"11/15/2019 10:30","week4","tank4_heating_no_11/15/2019 10:30",18.7904896,"tank4_heating_no_White"
"11/15/2019","D1",40,"10:30","tank3","D1_H2","HW","heating","yes","White",236,0,"11/15/2019 10:30","week4","tank3_heating_yes_11/15/2019 10:30",19.20436037,"tank3_heating_yes_White"
"11/15/2019","D1",40,"10:30","tank3","D1_H2","HNW","heating","no","White",230,0,"11/15/2019 10:30","week4","tank3_heating_no_11/15/2019 10:30",18.80778859,"tank3_heating_no_White"
"11/15/2019","D1",40,"10:30","tank2","D1_C2","CW","control","yes","White",223,0,"11/15/2019 10:30","week4","tank2_control_yes_11/15/2019 10:30",18.99714821,"tank2_control_yes_White"
"11/15/2019","D1",40,"10:30","tank2","D1_C2","CNW","control","no","White",229,0,"11/15/2019 10:30","week4","tank2_control_no_11/15/2019 10:30",18.97493005,"tank2_control_no_White"
"11/15/2019","D1",40,"10:30","tank1","D1_C1","CW","control","yes","White",220,0,"11/15/2019 10:30","week4","tank1_control_yes_11/15/2019 10:30",18.47306456,"tank1_control_yes_White"
"11/15/2019","D1",40,"10:30","tank1","D1_C1","CNW","control","no","White",227,0,"11/15/2019 10:30","week4","tank1_control_no_11/15/2019 10:30",18.01343184,"tank1_control_no_White"
"11/16/2019","D2",40,"10:30","tank4","D2_H1","HW","heating","yes","White",221,0,"11/16/2019 10:30","week4","tank4_heating_yes_11/16/2019 10:30",19.58974927,"tank4_heating_yes_White"
"11/16/2019","D2",40,"10:30","tank4","D2_H1","HNW","heating","no","White",223,0,"11/16/2019 10:30","week4","tank4_heating_no_11/16/2019 10:30",19.68344093,"tank4_heating_no_White"
"11/16/2019","D2",40,"10:30","tank3","D2_H2","HW","heating","yes","White",229,0,"11/16/2019 10:30","week4","tank3_heating_yes_11/16/2019 10:30",20.20524538,"tank3_heating_yes_White"
"11/16/2019","D2",40,"10:30","tank3","D2_H2","HNW","heating","no","White",231,0,"11/16/2019 10:30","week4","tank3_heating_no_11/16/2019 10:30",19.71070713,"tank3_heating_no_White"
"11/16/2019","D2",40,"10:30","tank2","D2_C2","CW","control","yes","White",226,0,"11/16/2019 10:30","week4","tank2_control_yes_11/16/2019 10:30",19.83303021,"tank2_control_yes_White"
"11/16/2019","D2",40,"10:30","tank2","D2_C2","CNW","control","no","White",228,0,"11/16/2019 10:30","week4","tank2_control_no_11/16/2019 10:30",19.86204477,"tank2_control_no_White"
"11/16/2019","D2",40,"10:30","tank1","D2_C1","CW","control","yes","White",220,0,"11/16/2019 10:30","week4","tank1_control_yes_11/16/2019 10:30",19.51164003,"tank1_control_yes_White"
"11/16/2019","D2",40,"10:30","tank1","D2_C1","CNW","control","no","White",228,0,"11/16/2019 10:30","week4","tank1_control_no_11/16/2019 10:30",18.92518277,"tank1_control_no_White"
"11/17/2019","D3",40,"10:30","tank4","D3_H1","HW","heating","yes","White",222,0,"11/17/2019 10:30","week4","tank4_heating_yes_11/17/2019 10:30",19.58974927,"tank4_heating_yes_White"
"11/17/2019","D3",40,"10:30","tank4","D3_H1","HNW","heating","no","White",228,0,"11/17/2019 10:30","week4","tank4_heating_no_11/17/2019 10:30",19.68344093,"tank4_heating_no_White"
"11/17/2019","D3",40,"10:30","tank3","D3_H2","HW","heating","yes","White",229,0,"11/17/2019 10:30","week4","tank3_heating_yes_11/17/2019 10:30",20.20524538,"tank3_heating_yes_White"
"11/17/2019","D3",40,"10:30","tank3","D3_H2","HNW","heating","no","White",229,0,"11/17/2019 10:30","week4","tank3_heating_no_11/17/2019 10:30",19.71070713,"tank3_heating_no_White"
"11/17/2019","D3",40,"10:30","tank2","D3_C2","CW","control","yes","White",227,0,"11/17/2019 10:30","week4","tank2_control_yes_11/17/2019 10:30",19.83303021,"tank2_control_yes_White"
"11/17/2019","D3",40,"10:30","tank2","D3_C2","CNW","control","no","White",228,0,"11/17/2019 10:30","week4","tank2_control_no_11/17/2019 10:30",19.86204477,"tank2_control_no_White"
"11/17/2019","D3",40,"10:30","tank1","D3_C1","CW","control","yes","White",220,0,"11/17/2019 10:30","week4","tank1_control_yes_11/17/2019 10:30",19.51164003,"tank1_control_yes_White"
"11/17/2019","D3",40,"10:30","tank1","D3_C1","CNW","control","no","White",229,0,"11/17/2019 10:30","week4","tank1_control_no_11/17/2019 10:30",18.92518277,"tank1_control_no_White"
"11/18/2019","D4",40,"10:30","tank4","D4_H1","HW","heating","yes","White",21,0,"11/18/2019 10:30","week4","tank4_heating_yes_11/18/2019 10:30",19.58974927,"tank4_heating_yes_White"
"11/18/2019","D4",40,"10:30","tank4","D4_H1","HNW","heating","no","White",50,0,"11/18/2019 10:30","week4","tank4_heating_no_11/18/2019 10:30",19.68344093,"tank4_heating_no_White"
"11/18/2019","D4",40,"10:30","tank3","D4_H2","HW","heating","yes","White",31,0,"11/18/2019 10:30","week4","tank3_heating_yes_11/18/2019 10:30",20.20524538,"tank3_heating_yes_White"
"11/18/2019","D4",40,"10:30","tank3","D4_H2","HNW","heating","no","White",30,0,"11/18/2019 10:30","week4","tank3_heating_no_11/18/2019 10:30",19.71070713,"tank3_heating_no_White"
"11/18/2019","D4",40,"10:30","tank2","D4_C2","CW","control","yes","White",27,0,"11/18/2019 10:30","week4","tank2_control_yes_11/18/2019 10:30",19.83303021,"tank2_control_yes_White"
"11/18/2019","D4",40,"10:30","tank2","D4_C2","CNW","control","no","White",27,0,"11/18/2019 10:30","week4","tank2_control_no_11/18/2019 10:30",19.86204477,"tank2_control_no_White"
"11/18/2019","D4",40,"10:30","tank1","D4_C1","CW","control","yes","White",20,0,"11/18/2019 10:30","week4","tank1_control_yes_11/18/2019 10:30",19.51164003,"tank1_control_yes_White"
"11/18/2019","D4",40,"10:30","tank1","D4_C1","CNW","control","no","White",28,0,"11/18/2019 10:30","week4","tank1_control_no_11/18/2019 10:30",18.92518277,"tank1_control_no_White"
"11/19/2019","D5",40,"10:30","tank4","D5_H1","HW","heating","yes","White",21,0,"11/19/2019 10:30","week4","tank4_heating_yes_11/19/2019 10:30",19.58974927,"tank4_heating_yes_White"
"11/19/2019","D5",40,"10:30","tank4","D5_H1","HNW","heating","no","White",43,0,"11/19/2019 10:30","week4","tank4_heating_no_11/19/2019 10:30",19.68344093,"tank4_heating_no_White"
"11/19/2019","D5",40,"10:30","tank3","D5_H2","HW","heating","yes","White",26,0,"11/19/2019 10:30","week4","tank3_heating_yes_11/19/2019 10:30",20.20524538,"tank3_heating_yes_White"
"11/19/2019","D5",40,"10:30","tank3","D5_H2","HNW","heating","no","White",28,0,"11/19/2019 10:30","week4","tank3_heating_no_11/19/2019 10:30",19.71070713,"tank3_heating_no_White"
"11/19/2019","D5",40,"10:30","tank2","D5_C2","CW","control","yes","White",23,0,"11/19/2019 10:30","week4","tank2_control_yes_11/19/2019 10:30",19.83303021,"tank2_control_yes_White"
"11/19/2019","D5",40,"10:30","tank2","D5_C2","CNW","control","no","White",27,0,"11/19/2019 10:30","week4","tank2_control_no_11/19/2019 10:30",19.86204477,"tank2_control_no_White"
"11/19/2019","D5",40,"10:30","tank1","D5_C1","CW","control","yes","White",16,0,"11/19/2019 10:30","week4","tank1_control_yes_11/19/2019 10:30",19.51164003,"tank1_control_yes_White"
"11/19/2019","D5",40,"10:30","tank1","D5_C1","CNW","control","no","White",33,0,"11/19/2019 10:30","week4","tank1_control_no_11/19/2019 10:30",18.92518277,"tank1_control_no_White"
"11/15/2019","D1",40,"12:30","tank4","D1_H1","HW","heating","yes","Red",227,2,"11/15/2019 12:30","week4","tank4_heating_yes_11/15/2019 12:30",23.59809164,"tank4_heating_yes_Red"
"11/15/2019","D1",40,"12:30","tank4","D1_H1","HNW","heating","no","Red",243,2,"11/15/2019 12:30","week4","tank4_heating_no_11/15/2019 12:30",32.1655562,"tank4_heating_no_Red"
"11/15/2019","D1",40,"12:30","tank3","D1_H2","HW","heating","yes","Red",234,4,"11/15/2019 12:30","week4","tank3_heating_yes_11/15/2019 12:30",24.43975887,"tank3_heating_yes_Red"
"11/15/2019","D1",40,"12:30","tank3","D1_H2","HNW","heating","no","Red",227,-3,"11/15/2019 12:30","week4","tank3_heating_no_11/15/2019 12:30",28.41330492,"tank3_heating_no_Red"
"11/15/2019","D1",40,"12:30","tank2","D1_C2","CW","control","yes","Red",226,1,"11/15/2019 12:30","week4","tank2_control_yes_11/15/2019 12:30",18.89995263,"tank2_control_yes_Red"
"11/15/2019","D1",40,"12:30","tank2","D1_C2","CNW","control","no","Red",226,-1,"11/15/2019 12:30","week4","tank2_control_no_11/15/2019 12:30",18.04924513,"tank2_control_no_Red"
"11/15/2019","D1",40,"12:30","tank1","D1_C1","CW","control","yes","Red",230,1,"11/15/2019 12:30","week4","tank1_control_yes_11/15/2019 12:30",18.5788454,"tank1_control_yes_Red"
"11/15/2019","D1",40,"12:30","tank1","D1_C1","CNW","control","no","Red",225,-1,"11/15/2019 12:30","week4","tank1_control_no_11/15/2019 12:30",17.88866592,"tank1_control_no_Red"
"11/16/2019","D2",40,"12:30","tank4","D2_H1","HW","heating","yes","Red",228,-1,"11/16/2019 12:30","week4","tank4_heating_yes_11/16/2019 12:30",24.2259043,"tank4_heating_yes_Red"
"11/16/2019","D2",40,"12:30","tank4","D2_H1","HNW","heating","no","Red",250,0,"11/16/2019 12:30","week4","tank4_heating_no_11/16/2019 12:30",34.13388976,"tank4_heating_no_Red"
"11/16/2019","D2",40,"12:30","tank3","D2_H2","HW","heating","yes","Red",229,0,"11/16/2019 12:30","week4","tank3_heating_yes_11/16/2019 12:30",25.59462618,"tank3_heating_yes_Red"
"11/16/2019","D2",40,"12:30","tank3","D2_H2","HNW","heating","no","Red",228,-2,"11/16/2019 12:30","week4","tank3_heating_no_11/16/2019 12:30",32.62052108,"tank3_heating_no_Red"
"11/16/2019","D2",40,"12:30","tank2","D2_C2","CW","control","yes","Red",227,-3,"11/16/2019 12:30","week4","tank2_control_yes_11/16/2019 12:30",19.84274977,"tank2_control_yes_Red"
"11/16/2019","D2",40,"12:30","tank2","D2_C2","CNW","control","no","Red",227,0,"11/16/2019 12:30","week4","tank2_control_no_11/16/2019 12:30",20.33452979,"tank2_control_no_Red"
"11/16/2019","D2",40,"12:30","tank1","D2_C1","CW","control","yes","Red",230,0,"11/16/2019 12:30","week4","tank1_control_yes_11/16/2019 12:30",19.4058592,"tank1_control_yes_Red"
"11/16/2019","D2",40,"12:30","tank1","D2_C1","CNW","control","no","Red",225,-1,"11/16/2019 12:30","week4","tank1_control_no_11/16/2019 12:30",19.02115655,"tank1_control_no_Red"
"11/17/2019","D3",40,"12:30","tank4","D3_H1","HW","heating","yes","Red",227,-2,"11/17/2019 12:30","week4","tank4_heating_yes_11/17/2019 12:30",24.2259043,"tank4_heating_yes_Red"
"11/17/2019","D3",40,"12:30","tank4","D3_H1","HNW","heating","no","Red",NA,NA,"11/17/2019 12:30","week4","tank4_heating_no_11/17/2019 12:30",34.13388976,"tank4_heating_no_Red"
"11/17/2019","D3",40,"12:30","tank3","D3_H2","HW","heating","yes","Red",230,1,"11/17/2019 12:30","week4","tank3_heating_yes_11/17/2019 12:30",25.59462618,"tank3_heating_yes_Red"
"11/17/2019","D3",40,"12:30","tank3","D3_H2","HNW","heating","no","Red",227,-1,"11/17/2019 12:30","week4","tank3_heating_no_11/17/2019 12:30",32.62052108,"tank3_heating_no_Red"
"11/17/2019","D3",40,"12:30","tank2","D3_C2","CW","control","yes","Red",229,1,"11/17/2019 12:30","week4","tank2_control_yes_11/17/2019 12:30",19.84274977,"tank2_control_yes_Red"
"11/17/2019","D3",40,"12:30","tank2","D3_C2","CNW","control","no","Red",227,-1,"11/17/2019 12:30","week4","tank2_control_no_11/17/2019 12:30",20.33452979,"tank2_control_no_Red"
"11/17/2019","D3",40,"12:30","tank1","D3_C1","CW","control","yes","Red",231,1,"11/17/2019 12:30","week4","tank1_control_yes_11/17/2019 12:30",19.4058592,"tank1_control_yes_Red"
"11/17/2019","D3",40,"12:30","tank1","D3_C1","CNW","control","no","Red",225,0,"11/17/2019 12:30","week4","tank1_control_no_11/17/2019 12:30",19.02115655,"tank1_control_no_Red"
"11/18/2019","D4",40,"12:30","tank4","D4_H1","HW","heating","yes","Red",26,-1,"11/18/2019 12:30","week4","tank4_heating_yes_11/18/2019 12:30",24.2259043,"tank4_heating_yes_Red"
"11/18/2019","D4",40,"12:30","tank4","D4_H1","HNW","heating","no","Red",NA,NA,"11/18/2019 12:30","week4","tank4_heating_no_11/18/2019 12:30",34.13388976,"tank4_heating_no_Red"
"11/18/2019","D4",40,"12:30","tank3","D4_H2","HW","heating","yes","Red",26,-1,"11/18/2019 12:30","week4","tank3_heating_yes_11/18/2019 12:30",25.59462618,"tank3_heating_yes_Red"
"11/18/2019","D4",40,"12:30","tank3","D4_H2","HNW","heating","no","Red",28,-3,"11/18/2019 12:30","week4","tank3_heating_no_11/18/2019 12:30",32.62052108,"tank3_heating_no_Red"
"11/18/2019","D4",40,"12:30","tank2","D4_C2","CW","control","yes","Red",27,1,"11/18/2019 12:30","week4","tank2_control_yes_11/18/2019 12:30",19.84274977,"tank2_control_yes_Red"
"11/18/2019","D4",40,"12:30","tank2","D4_C2","CNW","control","no","Red",25,0,"11/18/2019 12:30","week4","tank2_control_no_11/18/2019 12:30",20.33452979,"tank2_control_no_Red"
"11/18/2019","D4",40,"12:30","tank1","D4_C1","CW","control","yes","Red",29,1,"11/18/2019 12:30","week4","tank1_control_yes_11/18/2019 12:30",19.4058592,"tank1_control_yes_Red"
"11/18/2019","D4",40,"12:30","tank1","D4_C1","CNW","control","no","Red",25,0,"11/18/2019 12:30","week4","tank1_control_no_11/18/2019 12:30",19.02115655,"tank1_control_no_Red"
"11/19/2019","D5",40,"12:30","tank4","D5_H1","HW","heating","yes","Red",26,1,"11/19/2019 12:30","week4","tank4_heating_yes_11/19/2019 12:30",24.2259043,"tank4_heating_yes_Red"
"11/19/2019","D5",40,"12:30","tank4","D5_H1","HNW","heating","no","Red",NA,NA,"11/19/2019 12:30","week4","tank4_heating_no_11/19/2019 12:30",34.13388976,"tank4_heating_no_Red"
"11/19/2019","D5",40,"12:30","tank3","D5_H2","HW","heating","yes","Red",27,1,"11/19/2019 12:30","week4","tank3_heating_yes_11/19/2019 12:30",25.59462618,"tank3_heating_yes_Red"
"11/19/2019","D5",40,"12:30","tank3","D5_H2","HNW","heating","no","Red",28,-2,"11/19/2019 12:30","week4","tank3_heating_no_11/19/2019 12:30",32.62052108,"tank3_heating_no_Red"
"11/19/2019","D5",40,"12:30","tank2","D5_C2","CW","control","yes","Red",28,2,"11/19/2019 12:30","week4","tank2_control_yes_11/19/2019 12:30",19.84274977,"tank2_control_yes_Red"
"11/19/2019","D5",40,"12:30","tank2","D5_C2","CNW","control","no","Red",25,0,"11/19/2019 12:30","week4","tank2_control_no_11/19/2019 12:30",20.33452979,"tank2_control_no_Red"
"11/19/2019","D5",40,"12:30","tank1","D5_C1","CW","control","yes","Red",27,2,"11/19/2019 12:30","week4","tank1_control_yes_11/19/2019 12:30",19.4058592,"tank1_control_yes_Red"
"11/19/2019","D5",40,"12:30","tank1","D5_C1","CNW","control","no","Red",25,0,"11/19/2019 12:30","week4","tank1_control_no_11/19/2019 12:30",19.02115655,"tank1_control_no_Red"
"11/15/2019","D1",40,"12:30","tank4","D1_H1","HW","heating","yes","Yellow",226,2,"11/15/2019 12:30","week4","tank4_heating_yes_11/15/2019 12:30",23.59809164,"tank4_heating_yes_Yellow"
"11/15/2019","D1",40,"12:30","tank4","D1_H1","HNW","heating","no","Yellow",230,-3,"11/15/2019 12:30","week4","tank4_heating_no_11/15/2019 12:30",32.1655562,"tank4_heating_no_Yellow"
"11/15/2019","D1",40,"12:30","tank3","D1_H2","HW","heating","yes","Yellow",236,1,"11/15/2019 12:30","week4","tank3_heating_yes_11/15/2019 12:30",24.43975887,"tank3_heating_yes_Yellow"
"11/15/2019","D1",40,"12:30","tank3","D1_H2","HNW","heating","no","Yellow",225,-2,"11/15/2019 12:30","week4","tank3_heating_no_11/15/2019 12:30",28.41330492,"tank3_heating_no_Yellow"
"11/15/2019","D1",40,"12:30","tank2","D1_C2","CW","control","yes","Yellow",226,0,"11/15/2019 12:30","week4","tank2_control_yes_11/15/2019 12:30",18.89995263,"tank2_control_yes_Yellow"
"11/15/2019","D1",40,"12:30","tank2","D1_C2","CNW","control","no","Yellow",223,0,"11/15/2019 12:30","week4","tank2_control_no_11/15/2019 12:30",18.04924513,"tank2_control_no_Yellow"
"11/15/2019","D1",40,"12:30","tank1","D1_C1","CW","control","yes","Yellow",229,0,"11/15/2019 12:30","week4","tank1_control_yes_11/15/2019 12:30",18.5788454,"tank1_control_yes_Yellow"
"11/15/2019","D1",40,"12:30","tank1","D1_C1","CNW","control","no","Yellow",225,1,"11/15/2019 12:30","week4","tank1_control_no_11/15/2019 12:30",17.88866592,"tank1_control_no_Yellow"
"11/16/2019","D2",40,"12:30","tank4","D2_H1","HW","heating","yes","Yellow",225,0,"11/16/2019 12:30","week4","tank4_heating_yes_11/16/2019 12:30",24.2259043,"tank4_heating_yes_Yellow"
"11/16/2019","D2",40,"12:30","tank4","D2_H1","HNW","heating","no","Yellow",230,-1,"11/16/2019 12:30","week4","tank4_heating_no_11/16/2019 12:30",34.13388976,"tank4_heating_no_Yellow"
"11/16/2019","D2",40,"12:30","tank3","D2_H2","HW","heating","yes","Yellow",243,-7,"11/16/2019 12:30","week4","tank3_heating_yes_11/16/2019 12:30",25.59462618,"tank3_heating_yes_Yellow"
"11/16/2019","D2",40,"12:30","tank3","D2_H2","HNW","heating","no","Yellow",223,-3,"11/16/2019 12:30","week4","tank3_heating_no_11/16/2019 12:30",32.62052108,"tank3_heating_no_Yellow"
"11/16/2019","D2",40,"12:30","tank2","D2_C2","CW","control","yes","Yellow",227,0,"11/16/2019 12:30","week4","tank2_control_yes_11/16/2019 12:30",19.84274977,"tank2_control_yes_Yellow"
"11/16/2019","D2",40,"12:30","tank2","D2_C2","CNW","control","no","Yellow",223,-1,"11/16/2019 12:30","week4","tank2_control_no_11/16/2019 12:30",20.33452979,"tank2_control_no_Yellow"
"11/16/2019","D2",40,"12:30","tank1","D2_C1","CW","control","yes","Yellow",228,0,"11/16/2019 12:30","week4","tank1_control_yes_11/16/2019 12:30",19.4058592,"tank1_control_yes_Yellow"
"11/16/2019","D2",40,"12:30","tank1","D2_C1","CNW","control","no","Yellow",225,0,"11/16/2019 12:30","week4","tank1_control_no_11/16/2019 12:30",19.02115655,"tank1_control_no_Yellow"
"11/17/2019","D3",40,"12:30","tank4","D3_H1","HW","heating","yes","Yellow",226,1,"11/17/2019 12:30","week4","tank4_heating_yes_11/17/2019 12:30",24.2259043,"tank4_heating_yes_Yellow"
"11/17/2019","D3",40,"12:30","tank4","D3_H1","HNW","heating","no","Yellow",231,-1,"11/17/2019 12:30","week4","tank4_heating_no_11/17/2019 12:30",34.13388976,"tank4_heating_no_Yellow"
"11/17/2019","D3",40,"12:30","tank3","D3_H2","HW","heating","yes","Yellow",250,6,"11/17/2019 12:30","week4","tank3_heating_yes_11/17/2019 12:30",25.59462618,"tank3_heating_yes_Yellow"
"11/17/2019","D3",40,"12:30","tank3","D3_H2","HNW","heating","no","Yellow",224,-1,"11/17/2019 12:30","week4","tank3_heating_no_11/17/2019 12:30",32.62052108,"tank3_heating_no_Yellow"
"11/17/2019","D3",40,"12:30","tank2","D3_C2","CW","control","yes","Yellow",227,1,"11/17/2019 12:30","week4","tank2_control_yes_11/17/2019 12:30",19.84274977,"tank2_control_yes_Yellow"
"11/17/2019","D3",40,"12:30","tank2","D3_C2","CNW","control","no","Yellow",224,1,"11/17/2019 12:30","week4","tank2_control_no_11/17/2019 12:30",20.33452979,"tank2_control_no_Yellow"
"11/17/2019","D3",40,"12:30","tank1","D3_C1","CW","control","yes","Yellow",226,0,"11/17/2019 12:30","week4","tank1_control_yes_11/17/2019 12:30",19.4058592,"tank1_control_yes_Yellow"
"11/17/2019","D3",40,"12:30","tank1","D3_C1","CNW","control","no","Yellow",225,1,"11/17/2019 12:30","week4","tank1_control_no_11/17/2019 12:30",19.02115655,"tank1_control_no_Yellow"
"11/18/2019","D4",40,"12:30","tank4","D4_H1","HW","heating","yes","Yellow",25,-1,"11/18/2019 12:30","week4","tank4_heating_yes_11/18/2019 12:30",24.2259043,"tank4_heating_yes_Yellow"
"11/18/2019","D4",40,"12:30","tank4","D4_H1","HNW","heating","no","Yellow",28,-5,"11/18/2019 12:30","week4","tank4_heating_no_11/18/2019 12:30",34.13388976,"tank4_heating_no_Yellow"
"11/18/2019","D4",40,"12:30","tank3","D4_H2","HW","heating","yes","Yellow",50,0,"11/18/2019 12:30","week4","tank3_heating_yes_11/18/2019 12:30",25.59462618,"tank3_heating_yes_Yellow"
"11/18/2019","D4",40,"12:30","tank3","D4_H2","HNW","heating","no","Yellow",23,-2,"11/18/2019 12:30","week4","tank3_heating_no_11/18/2019 12:30",32.62052108,"tank3_heating_no_Yellow"
"11/18/2019","D4",40,"12:30","tank2","D4_C2","CW","control","yes","Yellow",27,0,"11/18/2019 12:30","week4","tank2_control_yes_11/18/2019 12:30",19.84274977,"tank2_control_yes_Yellow"
"11/18/2019","D4",40,"12:30","tank2","D4_C2","CNW","control","no","Yellow",23,0,"11/18/2019 12:30","week4","tank2_control_no_11/18/2019 12:30",20.33452979,"tank2_control_no_Yellow"
"11/18/2019","D4",40,"12:30","tank1","D4_C1","CW","control","yes","Yellow",26,1,"11/18/2019 12:30","week4","tank1_control_yes_11/18/2019 12:30",19.4058592,"tank1_control_yes_Yellow"
"11/18/2019","D4",40,"12:30","tank1","D4_C1","CNW","control","no","Yellow",25,1,"11/18/2019 12:30","week4","tank1_control_no_11/18/2019 12:30",19.02115655,"tank1_control_no_Yellow"
"11/19/2019","D5",40,"12:30","tank4","D5_H1","HW","heating","yes","Yellow",26,2,"11/19/2019 12:30","week4","tank4_heating_yes_11/19/2019 12:30",24.2259043,"tank4_heating_yes_Yellow"
"11/19/2019","D5",40,"12:30","tank4","D5_H1","HNW","heating","no","Yellow",27,0,"11/19/2019 12:30","week4","tank4_heating_no_11/19/2019 12:30",34.13388976,"tank4_heating_no_Yellow"
"11/19/2019","D5",40,"12:30","tank3","D5_H2","HW","heating","yes","Yellow",50,0,"11/19/2019 12:30","week4","tank3_heating_yes_11/19/2019 12:30",25.59462618,"tank3_heating_yes_Yellow"
"11/19/2019","D5",40,"12:30","tank3","D5_H2","HNW","heating","no","Yellow",22,-2,"11/19/2019 12:30","week4","tank3_heating_no_11/19/2019 12:30",32.62052108,"tank3_heating_no_Yellow"
"11/19/2019","D5",40,"12:30","tank2","D5_C2","CW","control","yes","Yellow",27,1,"11/19/2019 12:30","week4","tank2_control_yes_11/19/2019 12:30",19.84274977,"tank2_control_yes_Yellow"
"11/19/2019","D5",40,"12:30","tank2","D5_C2","CNW","control","no","Yellow",24,1,"11/19/2019 12:30","week4","tank2_control_no_11/19/2019 12:30",20.33452979,"tank2_control_no_Yellow"
"11/19/2019","D5",40,"12:30","tank1","D5_C1","CW","control","yes","Yellow",25,1,"11/19/2019 12:30","week4","tank1_control_yes_11/19/2019 12:30",19.4058592,"tank1_control_yes_Yellow"
"11/19/2019","D5",40,"12:30","tank1","D5_C1","CNW","control","no","Yellow",25,0,"11/19/2019 12:30","week4","tank1_control_no_11/19/2019 12:30",19.02115655,"tank1_control_no_Yellow"
"11/15/2019","D1",40,"12:30","tank4","D1_H1","HW","heating","yes","Black",224,1,"11/15/2019 12:30","week4","tank4_heating_yes_11/15/2019 12:30",23.59809164,"tank4_heating_yes_Black"
"11/15/2019","D1",40,"12:30","tank4","D1_H1","HNW","heating","no","Black",226,-1,"11/15/2019 12:30","week4","tank4_heating_no_11/15/2019 12:30",32.1655562,"tank4_heating_no_Black"
"11/15/2019","D1",40,"12:30","tank3","D1_H2","HW","heating","yes","Black",223,0,"11/15/2019 12:30","week4","tank3_heating_yes_11/15/2019 12:30",24.43975887,"tank3_heating_yes_Black"
"11/15/2019","D1",40,"12:30","tank3","D1_H2","HNW","heating","no","Black",218,-7,"11/15/2019 12:30","week4","tank3_heating_no_11/15/2019 12:30",28.41330492,"tank3_heating_no_Black"
"11/15/2019","D1",40,"12:30","tank2","D1_C2","CW","control","yes","Black",226,2,"11/15/2019 12:30","week4","tank2_control_yes_11/15/2019 12:30",18.89995263,"tank2_control_yes_Black"
"11/15/2019","D1",40,"12:30","tank2","D1_C2","CNW","control","no","Black",224,-1,"11/15/2019 12:30","week4","tank2_control_no_11/15/2019 12:30",18.04924513,"tank2_control_no_Black"
"11/15/2019","D1",40,"12:30","tank1","D1_C1","CW","control","yes","Black",231,1,"11/15/2019 12:30","week4","tank1_control_yes_11/15/2019 12:30",18.5788454,"tank1_control_yes_Black"
"11/15/2019","D1",40,"12:30","tank1","D1_C1","CNW","control","no","Black",227,-1,"11/15/2019 12:30","week4","tank1_control_no_11/15/2019 12:30",17.88866592,"tank1_control_no_Black"
"11/16/2019","D2",40,"12:30","tank4","D2_H1","HW","heating","yes","Black",224,1,"11/16/2019 12:30","week4","tank4_heating_yes_11/16/2019 12:30",24.2259043,"tank4_heating_yes_Black"
"11/16/2019","D2",40,"12:30","tank4","D2_H1","HNW","heating","no","Black",227,0,"11/16/2019 12:30","week4","tank4_heating_no_11/16/2019 12:30",34.13388976,"tank4_heating_no_Black"
"11/16/2019","D2",40,"12:30","tank3","D2_H2","HW","heating","yes","Black",223,0,"11/16/2019 12:30","week4","tank3_heating_yes_11/16/2019 12:30",25.59462618,"tank3_heating_yes_Black"
"11/16/2019","D2",40,"12:30","tank3","D2_H2","HNW","heating","no","Black",217,-6,"11/16/2019 12:30","week4","tank3_heating_no_11/16/2019 12:30",32.62052108,"tank3_heating_no_Black"
"11/16/2019","D2",40,"12:30","tank2","D2_C2","CW","control","yes","Black",225,0,"11/16/2019 12:30","week4","tank2_control_yes_11/16/2019 12:30",19.84274977,"tank2_control_yes_Black"
"11/16/2019","D2",40,"12:30","tank2","D2_C2","CNW","control","no","Black",224,4,"11/16/2019 12:30","week4","tank2_control_no_11/16/2019 12:30",20.33452979,"tank2_control_no_Black"
"11/16/2019","D2",40,"12:30","tank1","D2_C1","CW","control","yes","Black",231,1,"11/16/2019 12:30","week4","tank1_control_yes_11/16/2019 12:30",19.4058592,"tank1_control_yes_Black"
"11/16/2019","D2",40,"12:30","tank1","D2_C1","CNW","control","no","Black",225,0,"11/16/2019 12:30","week4","tank1_control_no_11/16/2019 12:30",19.02115655,"tank1_control_no_Black"
"11/17/2019","D3",40,"12:30","tank4","D3_H1","HW","heating","yes","Black",224,1,"11/17/2019 12:30","week4","tank4_heating_yes_11/17/2019 12:30",24.2259043,"tank4_heating_yes_Black"
"11/17/2019","D3",40,"12:30","tank4","D3_H1","HNW","heating","no","Black",245,0,"11/17/2019 12:30","week4","tank4_heating_no_11/17/2019 12:30",34.13388976,"tank4_heating_no_Black"
"11/17/2019","D3",40,"12:30","tank3","D3_H2","HW","heating","yes","Black",224,0,"11/17/2019 12:30","week4","tank3_heating_yes_11/17/2019 12:30",25.59462618,"tank3_heating_yes_Black"
"11/17/2019","D3",40,"12:30","tank3","D3_H2","HNW","heating","no","Black",223,1,"11/17/2019 12:30","week4","tank3_heating_no_11/17/2019 12:30",32.62052108,"tank3_heating_no_Black"
"11/17/2019","D3",40,"12:30","tank2","D3_C2","CW","control","yes","Black",224,-2,"11/17/2019 12:30","week4","tank2_control_yes_11/17/2019 12:30",19.84274977,"tank2_control_yes_Black"
"11/17/2019","D3",40,"12:30","tank2","D3_C2","CNW","control","no","Black",225,0,"11/17/2019 12:30","week4","tank2_control_no_11/17/2019 12:30",20.33452979,"tank2_control_no_Black"
"11/17/2019","D3",40,"12:30","tank1","D3_C1","CW","control","yes","Black",231,1,"11/17/2019 12:30","week4","tank1_control_yes_11/17/2019 12:30",19.4058592,"tank1_control_yes_Black"
"11/17/2019","D3",40,"12:30","tank1","D3_C1","CNW","control","no","Black",224,-1,"11/17/2019 12:30","week4","tank1_control_no_11/17/2019 12:30",19.02115655,"tank1_control_no_Black"
"11/18/2019","D4",40,"12:30","tank4","D4_H1","HW","heating","yes","Black",24,0,"11/18/2019 12:30","week4","tank4_heating_yes_11/18/2019 12:30",24.2259043,"tank4_heating_yes_Black"
"11/18/2019","D4",40,"12:30","tank4","D4_H1","HNW","heating","no","Black",50,0,"11/18/2019 12:30","week4","tank4_heating_no_11/18/2019 12:30",34.13388976,"tank4_heating_no_Black"
"11/18/2019","D4",40,"12:30","tank3","D4_H2","HW","heating","yes","Black",23,0,"11/18/2019 12:30","week4","tank3_heating_yes_11/18/2019 12:30",25.59462618,"tank3_heating_yes_Black"
"11/18/2019","D4",40,"12:30","tank3","D4_H2","HNW","heating","no","Black",21,-11,"11/18/2019 12:30","week4","tank3_heating_no_11/18/2019 12:30",32.62052108,"tank3_heating_no_Black"
"11/18/2019","D4",40,"12:30","tank2","D4_C2","CW","control","yes","Black",23,-3,"11/18/2019 12:30","week4","tank2_control_yes_11/18/2019 12:30",19.84274977,"tank2_control_yes_Black"
"11/18/2019","D4",40,"12:30","tank2","D4_C2","CNW","control","no","Black",23,2,"11/18/2019 12:30","week4","tank2_control_no_11/18/2019 12:30",20.33452979,"tank2_control_no_Black"
"11/18/2019","D4",40,"12:30","tank1","D4_C1","CW","control","yes","Black",29,-5,"11/18/2019 12:30","week4","tank1_control_yes_11/18/2019 12:30",19.4058592,"tank1_control_yes_Black"
"11/18/2019","D4",40,"12:30","tank1","D4_C1","CNW","control","no","Black",24,0,"11/18/2019 12:30","week4","tank1_control_no_11/18/2019 12:30",19.02115655,"tank1_control_no_Black"
"11/19/2019","D5",40,"12:30","tank4","D5_H1","HW","heating","yes","Black",24,1,"11/19/2019 12:30","week4","tank4_heating_yes_11/19/2019 12:30",24.2259043,"tank4_heating_yes_Black"
"11/19/2019","D5",40,"12:30","tank4","D5_H1","HNW","heating","no","Black",43,-2,"11/19/2019 12:30","week4","tank4_heating_no_11/19/2019 12:30",34.13388976,"tank4_heating_no_Black"
"11/19/2019","D5",40,"12:30","tank3","D5_H2","HW","heating","yes","Black",22,1,"11/19/2019 12:30","week4","tank3_heating_yes_11/19/2019 12:30",25.59462618,"tank3_heating_yes_Black"
"11/19/2019","D5",40,"12:30","tank3","D5_H2","HNW","heating","no","Black",18,-4,"11/19/2019 12:30","week4","tank3_heating_no_11/19/2019 12:30",32.62052108,"tank3_heating_no_Black"
"11/19/2019","D5",40,"12:30","tank2","D5_C2","CW","control","yes","Black",23,1,"11/19/2019 12:30","week4","tank2_control_yes_11/19/2019 12:30",19.84274977,"tank2_control_yes_Black"
"11/19/2019","D5",40,"12:30","tank2","D5_C2","CNW","control","no","Black",25,0,"11/19/2019 12:30","week4","tank2_control_no_11/19/2019 12:30",20.33452979,"tank2_control_no_Black"
"11/19/2019","D5",40,"12:30","tank1","D5_C1","CW","control","yes","Black",31,2,"11/19/2019 12:30","week4","tank1_control_yes_11/19/2019 12:30",19.4058592,"tank1_control_yes_Black"
"11/19/2019","D5",40,"12:30","tank1","D5_C1","CNW","control","no","Black",24,0,"11/19/2019 12:30","week4","tank1_control_no_11/19/2019 12:30",19.02115655,"tank1_control_no_Black"
"11/15/2019","D1",40,"12:30","tank4","D1_H1","HW","heating","yes","White",237,17,"11/15/2019 12:30","week4","tank4_heating_yes_11/15/2019 12:30",23.59809164,"tank4_heating_yes_White"
"11/15/2019","D1",40,"12:30","tank4","D1_H1","HNW","heating","no","White",222,-1,"11/15/2019 12:30","week4","tank4_heating_no_11/15/2019 12:30",32.1655562,"tank4_heating_no_White"
"11/15/2019","D1",40,"12:30","tank3","D1_H2","HW","heating","yes","White",238,2,"11/15/2019 12:30","week4","tank3_heating_yes_11/15/2019 12:30",24.43975887,"tank3_heating_yes_White"
"11/15/2019","D1",40,"12:30","tank3","D1_H2","HNW","heating","no","White",228,-2,"11/15/2019 12:30","week4","tank3_heating_no_11/15/2019 12:30",28.41330492,"tank3_heating_no_White"
"11/15/2019","D1",40,"12:30","tank2","D1_C2","CW","control","yes","White",225,2,"11/15/2019 12:30","week4","tank2_control_yes_11/15/2019 12:30",18.89995263,"tank2_control_yes_White"
"11/15/2019","D1",40,"12:30","tank2","D1_C2","CNW","control","no","White",229,0,"11/15/2019 12:30","week4","tank2_control_no_11/15/2019 12:30",18.04924513,"tank2_control_no_White"
"11/15/2019","D1",40,"12:30","tank1","D1_C1","CW","control","yes","White",223,3,"11/15/2019 12:30","week4","tank1_control_yes_11/15/2019 12:30",18.5788454,"tank1_control_yes_White"
"11/15/2019","D1",40,"12:30","tank1","D1_C1","CNW","control","no","White",229,2,"11/15/2019 12:30","week4","tank1_control_no_11/15/2019 12:30",17.88866592,"tank1_control_no_White"
"11/16/2019","D2",40,"12:30","tank4","D2_H1","HW","heating","yes","White",222,1,"11/16/2019 12:30","week4","tank4_heating_yes_11/16/2019 12:30",24.2259043,"tank4_heating_yes_White"
"11/16/2019","D2",40,"12:30","tank4","D2_H1","HNW","heating","no","White",222,-1,"11/16/2019 12:30","week4","tank4_heating_no_11/16/2019 12:30",34.13388976,"tank4_heating_no_White"
"11/16/2019","D2",40,"12:30","tank3","D2_H2","HW","heating","yes","White",228,-1,"11/16/2019 12:30","week4","tank3_heating_yes_11/16/2019 12:30",25.59462618,"tank3_heating_yes_White"
"11/16/2019","D2",40,"12:30","tank3","D2_H2","HNW","heating","no","White",230,-1,"11/16/2019 12:30","week4","tank3_heating_no_11/16/2019 12:30",32.62052108,"tank3_heating_no_White"
"11/16/2019","D2",40,"12:30","tank2","D2_C2","CW","control","yes","White",225,-1,"11/16/2019 12:30","week4","tank2_control_yes_11/16/2019 12:30",19.84274977,"tank2_control_yes_White"
"11/16/2019","D2",40,"12:30","tank2","D2_C2","CNW","control","no","White",228,0,"11/16/2019 12:30","week4","tank2_control_no_11/16/2019 12:30",20.33452979,"tank2_control_no_White"
"11/16/2019","D2",40,"12:30","tank1","D2_C1","CW","control","yes","White",223,3,"11/16/2019 12:30","week4","tank1_control_yes_11/16/2019 12:30",19.4058592,"tank1_control_yes_White"
"11/16/2019","D2",40,"12:30","tank1","D2_C1","CNW","control","no","White",229,1,"11/16/2019 12:30","week4","tank1_control_no_11/16/2019 12:30",19.02115655,"tank1_control_no_White"
"11/17/2019","D3",40,"12:30","tank4","D3_H1","HW","heating","yes","White",222,0,"11/17/2019 12:30","week4","tank4_heating_yes_11/17/2019 12:30",24.2259043,"tank4_heating_yes_White"
"11/17/2019","D3",40,"12:30","tank4","D3_H1","HNW","heating","no","White",226,-2,"11/17/2019 12:30","week4","tank4_heating_no_11/17/2019 12:30",34.13388976,"tank4_heating_no_White"
"11/17/2019","D3",40,"12:30","tank3","D3_H2","HW","heating","yes","White",230,1,"11/17/2019 12:30","week4","tank3_heating_yes_11/17/2019 12:30",25.59462618,"tank3_heating_yes_White"
"11/17/2019","D3",40,"12:30","tank3","D3_H2","HNW","heating","no","White",228,-1,"11/17/2019 12:30","week4","tank3_heating_no_11/17/2019 12:30",32.62052108,"tank3_heating_no_White"
"11/17/2019","D3",40,"12:30","tank2","D3_C2","CW","control","yes","White",226,-1,"11/17/2019 12:30","week4","tank2_control_yes_11/17/2019 12:30",19.84274977,"tank2_control_yes_White"
"11/17/2019","D3",40,"12:30","tank2","D3_C2","CNW","control","no","White",229,1,"11/17/2019 12:30","week4","tank2_control_no_11/17/2019 12:30",20.33452979,"tank2_control_no_White"
"11/17/2019","D3",40,"12:30","tank1","D3_C1","CW","control","yes","White",221,1,"11/17/2019 12:30","week4","tank1_control_yes_11/17/2019 12:30",19.4058592,"tank1_control_yes_White"
"11/17/2019","D3",40,"12:30","tank1","D3_C1","CNW","control","no","White",231,2,"11/17/2019 12:30","week4","tank1_control_no_11/17/2019 12:30",19.02115655,"tank1_control_no_White"
"11/18/2019","D4",40,"12:30","tank4","D4_H1","HW","heating","yes","White",22,1,"11/18/2019 12:30","week4","tank4_heating_yes_11/18/2019 12:30",24.2259043,"tank4_heating_yes_White"
"11/18/2019","D4",40,"12:30","tank4","D4_H1","HNW","heating","no","White",50,0,"11/18/2019 12:30","week4","tank4_heating_no_11/18/2019 12:30",34.13388976,"tank4_heating_no_White"
"11/18/2019","D4",40,"12:30","tank3","D4_H2","HW","heating","yes","White",36,5,"11/18/2019 12:30","week4","tank3_heating_yes_11/18/2019 12:30",25.59462618,"tank3_heating_yes_White"
"11/18/2019","D4",40,"12:30","tank3","D4_H2","HNW","heating","no","White",26,-4,"11/18/2019 12:30","week4","tank3_heating_no_11/18/2019 12:30",32.62052108,"tank3_heating_no_White"
"11/18/2019","D4",40,"12:30","tank2","D4_C2","CW","control","yes","White",26,-1,"11/18/2019 12:30","week4","tank2_control_yes_11/18/2019 12:30",19.84274977,"tank2_control_yes_White"
"11/18/2019","D4",40,"12:30","tank2","D4_C2","CNW","control","no","White",28,1,"11/18/2019 12:30","week4","tank2_control_no_11/18/2019 12:30",20.33452979,"tank2_control_no_White"
"11/18/2019","D4",40,"12:30","tank1","D4_C1","CW","control","yes","White",21,1,"11/18/2019 12:30","week4","tank1_control_yes_11/18/2019 12:30",19.4058592,"tank1_control_yes_White"
"11/18/2019","D4",40,"12:30","tank1","D4_C1","CNW","control","no","White",29,1,"11/18/2019 12:30","week4","tank1_control_no_11/18/2019 12:30",19.02115655,"tank1_control_no_White"
"11/19/2019","D5",40,"12:30","tank4","D5_H1","HW","heating","yes","White",22,1,"11/19/2019 12:30","week4","tank4_heating_yes_11/19/2019 12:30",24.2259043,"tank4_heating_yes_White"
"11/19/2019","D5",40,"12:30","tank4","D5_H1","HNW","heating","no","White",38,-5,"11/19/2019 12:30","week4","tank4_heating_no_11/19/2019 12:30",34.13388976,"tank4_heating_no_White"
"11/19/2019","D5",40,"12:30","tank3","D5_H2","HW","heating","yes","White",26,0,"11/19/2019 12:30","week4","tank3_heating_yes_11/19/2019 12:30",25.59462618,"tank3_heating_yes_White"
"11/19/2019","D5",40,"12:30","tank3","D5_H2","HNW","heating","no","White",26,-2,"11/19/2019 12:30","week4","tank3_heating_no_11/19/2019 12:30",32.62052108,"tank3_heating_no_White"
"11/19/2019","D5",40,"12:30","tank2","D5_C2","CW","control","yes","White",22,-1,"11/19/2019 12:30","week4","tank2_control_yes_11/19/2019 12:30",19.84274977,"tank2_control_yes_White"
"11/19/2019","D5",40,"12:30","tank2","D5_C2","CNW","control","no","White",29,2,"11/19/2019 12:30","week4","tank2_control_no_11/19/2019 12:30",20.33452979,"tank2_control_no_White"
"11/19/2019","D5",40,"12:30","tank1","D5_C1","CW","control","yes","White",19,3,"11/19/2019 12:30","week4","tank1_control_yes_11/19/2019 12:30",19.4058592,"tank1_control_yes_White"
"11/19/2019","D5",40,"12:30","tank1","D5_C1","CNW","control","no","White",31,-2,"11/19/2019 12:30","week4","tank1_control_no_11/19/2019 12:30",19.02115655,"tank1_control_no_White"
"11/15/2019","D1",40,"14:00","tank4","D1_H1","HW","heating","yes","Red",228,3,"11/15/2019 14:00","week4","tank4_heating_yes_11/15/2019 14:00",28.70752083,"tank4_heating_yes_Red"
"11/15/2019","D1",40,"14:00","tank4","D1_H1","HNW","heating","no","Red",250,9,"11/15/2019 14:00","week4","tank4_heating_no_11/15/2019 14:00",31.41662928,"tank4_heating_no_Red"
"11/15/2019","D1",40,"14:00","tank3","D1_H2","HW","heating","yes","Red",234,4,"11/15/2019 14:00","week4","tank3_heating_yes_11/15/2019 14:00",28.82825466,"tank3_heating_yes_Red"
"11/15/2019","D1",40,"14:00","tank3","D1_H2","HNW","heating","no","Red",227,-3,"11/15/2019 14:00","week4","tank3_heating_no_11/15/2019 14:00",30.23835303,"tank3_heating_no_Red"
"11/15/2019","D1",40,"14:00","tank2","D1_C2","CW","control","yes","Red",227,2,"11/15/2019 14:00","week4","tank2_control_yes_11/15/2019 14:00",18.98742865,"tank2_control_yes_Red"
"11/15/2019","D1",40,"14:00","tank2","D1_C2","CNW","control","no","Red",226,-1,"11/15/2019 14:00","week4","tank2_control_no_11/15/2019 14:00",19.10028322,"tank2_control_no_Red"
"11/15/2019","D1",40,"14:00","tank1","D1_C1","CW","control","yes","Red",230,1,"11/15/2019 14:00","week4","tank1_control_yes_11/15/2019 14:00",18.65577691,"tank1_control_yes_Red"
"11/15/2019","D1",40,"14:00","tank1","D1_C1","CNW","control","no","Red",225,-1,"11/15/2019 14:00","week4","tank1_control_no_11/15/2019 14:00",18.14779513,"tank1_control_no_Red"
"11/16/2019","D2",40,"14:00","tank4","D2_H1","HW","heating","yes","Red",228,-1,"11/16/2019 14:00","week4","tank4_heating_yes_11/16/2019 14:00",28.18595339,"tank4_heating_yes_Red"
"11/16/2019","D2",40,"14:00","tank4","D2_H1","HNW","heating","no","Red",248,-2,"11/16/2019 14:00","week4","tank4_heating_no_11/16/2019 14:00",36.79354048,"tank4_heating_no_Red"
"11/16/2019","D2",40,"14:00","tank3","D2_H2","HW","heating","yes","Red",229,0,"11/16/2019 14:00","week4","tank3_heating_yes_11/16/2019 14:00",30.33920607,"tank3_heating_yes_Red"
"11/16/2019","D2",40,"14:00","tank3","D2_H2","HNW","heating","no","Red",227,-3,"11/16/2019 14:00","week4","tank3_heating_no_11/16/2019 14:00",35.56941459,"tank3_heating_no_Red"
"11/16/2019","D2",40,"14:00","tank2","D2_C2","CW","control","yes","Red",228,-2,"11/16/2019 14:00","week4","tank2_control_yes_11/16/2019 14:00",20.13433651,"tank2_control_yes_Red"
"11/16/2019","D2",40,"14:00","tank2","D2_C2","CNW","control","no","Red",226,-1,"11/16/2019 14:00","week4","tank2_control_no_11/16/2019 14:00",20.97093818,"tank2_control_no_Red"
"11/16/2019","D2",40,"14:00","tank1","D2_C1","CW","control","yes","Red",229,-1,"11/16/2019 14:00","week4","tank1_control_yes_11/16/2019 14:00",19.53087291,"tank1_control_yes_Red"
"11/16/2019","D2",40,"14:00","tank1","D2_C1","CNW","control","no","Red",224,-2,"11/16/2019 14:00","week4","tank1_control_no_11/16/2019 14:00",19.4434412,"tank1_control_no_Red"
"11/17/2019","D3",40,"14:00","tank4","D3_H1","HW","heating","yes","Red",228,-1,"11/17/2019 14:00","week4","tank4_heating_yes_11/17/2019 14:00",28.18595339,"tank4_heating_yes_Red"
"11/17/2019","D3",40,"14:00","tank4","D3_H1","HNW","heating","no","Red",NA,NA,"11/17/2019 14:00","week4","tank4_heating_no_11/17/2019 14:00",36.79354048,"tank4_heating_no_Red"
"11/17/2019","D3",40,"14:00","tank3","D3_H2","HW","heating","yes","Red",230,1,"11/17/2019 14:00","week4","tank3_heating_yes_11/17/2019 14:00",30.33920607,"tank3_heating_yes_Red"
"11/17/2019","D3",40,"14:00","tank3","D3_H2","HNW","heating","no","Red",226,-2,"11/17/2019 14:00","week4","tank3_heating_no_11/17/2019 14:00",35.56941459,"tank3_heating_no_Red"
"11/17/2019","D3",40,"14:00","tank2","D3_C2","CW","control","yes","Red",229,1,"11/17/2019 14:00","week4","tank2_control_yes_11/17/2019 14:00",20.13433651,"tank2_control_yes_Red"
"11/17/2019","D3",40,"14:00","tank2","D3_C2","CNW","control","no","Red",226,-2,"11/17/2019 14:00","week4","tank2_control_no_11/17/2019 14:00",20.97093818,"tank2_control_no_Red"
"11/17/2019","D3",40,"14:00","tank1","D3_C1","CW","control","yes","Red",230,0,"11/17/2019 14:00","week4","tank1_control_yes_11/17/2019 14:00",19.53087291,"tank1_control_yes_Red"
"11/17/2019","D3",40,"14:00","tank1","D3_C1","CNW","control","no","Red",226,1,"11/17/2019 14:00","week4","tank1_control_no_11/17/2019 14:00",19.4434412,"tank1_control_no_Red"
"11/18/2019","D4",40,"14:00","tank4","D4_H1","HW","heating","yes","Red",29,2,"11/18/2019 14:00","week4","tank4_heating_yes_11/18/2019 14:00",28.18595339,"tank4_heating_yes_Red"
"11/18/2019","D4",40,"14:00","tank4","D4_H1","HNW","heating","no","Red",NA,NA,"11/18/2019 14:00","week4","tank4_heating_no_11/18/2019 14:00",36.79354048,"tank4_heating_no_Red"
"11/18/2019","D4",40,"14:00","tank3","D4_H2","HW","heating","yes","Red",28,1,"11/18/2019 14:00","week4","tank3_heating_yes_11/18/2019 14:00",30.33920607,"tank3_heating_yes_Red"
"11/18/2019","D4",40,"14:00","tank3","D4_H2","HNW","heating","no","Red",29,-2,"11/18/2019 14:00","week4","tank3_heating_no_11/18/2019 14:00",35.56941459,"tank3_heating_no_Red"
"11/18/2019","D4",40,"14:00","tank2","D4_C2","CW","control","yes","Red",29,3,"11/18/2019 14:00","week4","tank2_control_yes_11/18/2019 14:00",20.13433651,"tank2_control_yes_Red"
"11/18/2019","D4",40,"14:00","tank2","D4_C2","CNW","control","no","Red",25,0,"11/18/2019 14:00","week4","tank2_control_no_11/18/2019 14:00",20.97093818,"tank2_control_no_Red"
"11/18/2019","D4",40,"14:00","tank1","D4_C1","CW","control","yes","Red",30,2,"11/18/2019 14:00","week4","tank1_control_yes_11/18/2019 14:00",19.53087291,"tank1_control_yes_Red"
"11/18/2019","D4",40,"14:00","tank1","D4_C1","CNW","control","no","Red",25,0,"11/18/2019 14:00","week4","tank1_control_no_11/18/2019 14:00",19.4434412,"tank1_control_no_Red"
"11/19/2019","D5",40,"14:00","tank4","D5_H1","HW","heating","yes","Red",33,8,"11/19/2019 14:00","week4","tank4_heating_yes_11/19/2019 14:00",28.18595339,"tank4_heating_yes_Red"
"11/19/2019","D5",40,"14:00","tank4","D5_H1","HNW","heating","no","Red",NA,NA,"11/19/2019 14:00","week4","tank4_heating_no_11/19/2019 14:00",36.79354048,"tank4_heating_no_Red"
"11/19/2019","D5",40,"14:00","tank3","D5_H2","HW","heating","yes","Red",27,1,"11/19/2019 14:00","week4","tank3_heating_yes_11/19/2019 14:00",30.33920607,"tank3_heating_yes_Red"
"11/19/2019","D5",40,"14:00","tank3","D5_H2","HNW","heating","no","Red",29,-1,"11/19/2019 14:00","week4","tank3_heating_no_11/19/2019 14:00",35.56941459,"tank3_heating_no_Red"
"11/19/2019","D5",40,"14:00","tank2","D5_C2","CW","control","yes","Red",28,2,"11/19/2019 14:00","week4","tank2_control_yes_11/19/2019 14:00",20.13433651,"tank2_control_yes_Red"
"11/19/2019","D5",40,"14:00","tank2","D5_C2","CNW","control","no","Red",25,0,"11/19/2019 14:00","week4","tank2_control_no_11/19/2019 14:00",20.97093818,"tank2_control_no_Red"
"11/19/2019","D5",40,"14:00","tank1","D5_C1","CW","control","yes","Red",27,2,"11/19/2019 14:00","week4","tank1_control_yes_11/19/2019 14:00",19.53087291,"tank1_control_yes_Red"
"11/19/2019","D5",40,"14:00","tank1","D5_C1","CNW","control","no","Red",25,0,"11/19/2019 14:00","week4","tank1_control_no_11/19/2019 14:00",19.4434412,"tank1_control_no_Red"
"11/15/2019","D1",40,"14:00","tank4","D1_H1","HW","heating","yes","Yellow",226,2,"11/15/2019 14:00","week4","tank4_heating_yes_11/15/2019 14:00",28.70752083,"tank4_heating_yes_Yellow"
"11/15/2019","D1",40,"14:00","tank4","D1_H1","HNW","heating","no","Yellow",231,-2,"11/15/2019 14:00","week4","tank4_heating_no_11/15/2019 14:00",31.41662928,"tank4_heating_no_Yellow"
"11/15/2019","D1",40,"14:00","tank3","D1_H2","HW","heating","yes","Yellow",236,1,"11/15/2019 14:00","week4","tank3_heating_yes_11/15/2019 14:00",28.82825466,"tank3_heating_yes_Yellow"
"11/15/2019","D1",40,"14:00","tank3","D1_H2","HNW","heating","no","Yellow",225,-2,"11/15/2019 14:00","week4","tank3_heating_no_11/15/2019 14:00",30.23835303,"tank3_heating_no_Yellow"
"11/15/2019","D1",40,"14:00","tank2","D1_C2","CW","control","yes","Yellow",226,0,"11/15/2019 14:00","week4","tank2_control_yes_11/15/2019 14:00",18.98742865,"tank2_control_yes_Yellow"
"11/15/2019","D1",40,"14:00","tank2","D1_C2","CNW","control","no","Yellow",223,0,"11/15/2019 14:00","week4","tank2_control_no_11/15/2019 14:00",19.10028322,"tank2_control_no_Yellow"
"11/15/2019","D1",40,"14:00","tank1","D1_C1","CW","control","yes","Yellow",228,-1,"11/15/2019 14:00","week4","tank1_control_yes_11/15/2019 14:00",18.65577691,"tank1_control_yes_Yellow"
"11/15/2019","D1",40,"14:00","tank1","D1_C1","CNW","control","no","Yellow",225,1,"11/15/2019 14:00","week4","tank1_control_no_11/15/2019 14:00",18.14779513,"tank1_control_no_Yellow"
"11/16/2019","D2",40,"14:00","tank4","D2_H1","HW","heating","yes","Yellow",225,0,"11/16/2019 14:00","week4","tank4_heating_yes_11/16/2019 14:00",28.18595339,"tank4_heating_yes_Yellow"
"11/16/2019","D2",40,"14:00","tank4","D2_H1","HNW","heating","no","Yellow",229,-2,"11/16/2019 14:00","week4","tank4_heating_no_11/16/2019 14:00",36.79354048,"tank4_heating_no_Yellow"
"11/16/2019","D2",40,"14:00","tank3","D2_H2","HW","heating","yes","Yellow",246,-4,"11/16/2019 14:00","week4","tank3_heating_yes_11/16/2019 14:00",30.33920607,"tank3_heating_yes_Yellow"
"11/16/2019","D2",40,"14:00","tank3","D2_H2","HNW","heating","no","Yellow",224,-2,"11/16/2019 14:00","week4","tank3_heating_no_11/16/2019 14:00",35.56941459,"tank3_heating_no_Yellow"
"11/16/2019","D2",40,"14:00","tank2","D2_C2","CW","control","yes","Yellow",227,0,"11/16/2019 14:00","week4","tank2_control_yes_11/16/2019 14:00",20.13433651,"tank2_control_yes_Yellow"
"11/16/2019","D2",40,"14:00","tank2","D2_C2","CNW","control","no","Yellow",222,-2,"11/16/2019 14:00","week4","tank2_control_no_11/16/2019 14:00",20.97093818,"tank2_control_no_Yellow"
"11/16/2019","D2",40,"14:00","tank1","D2_C1","CW","control","yes","Yellow",227,-1,"11/16/2019 14:00","week4","tank1_control_yes_11/16/2019 14:00",19.53087291,"tank1_control_yes_Yellow"
"11/16/2019","D2",40,"14:00","tank1","D2_C1","CNW","control","no","Yellow",225,0,"11/16/2019 14:00","week4","tank1_control_no_11/16/2019 14:00",19.4434412,"tank1_control_no_Yellow"
"11/17/2019","D3",40,"14:00","tank4","D3_H1","HW","heating","yes","Yellow",226,1,"11/17/2019 14:00","week4","tank4_heating_yes_11/17/2019 14:00",28.18595339,"tank4_heating_yes_Yellow"
"11/17/2019","D3",40,"14:00","tank4","D3_H1","HNW","heating","no","Yellow",231,-1,"11/17/2019 14:00","week4","tank4_heating_no_11/17/2019 14:00",36.79354048,"tank4_heating_no_Yellow"
"11/17/2019","D3",40,"14:00","tank3","D3_H2","HW","heating","yes","Yellow",250,6,"11/17/2019 14:00","week4","tank3_heating_yes_11/17/2019 14:00",30.33920607,"tank3_heating_yes_Yellow"
"11/17/2019","D3",40,"14:00","tank3","D3_H2","HNW","heating","no","Yellow",223,-2,"11/17/2019 14:00","week4","tank3_heating_no_11/17/2019 14:00",35.56941459,"tank3_heating_no_Yellow"
"11/17/2019","D3",40,"14:00","tank2","D3_C2","CW","control","yes","Yellow",227,1,"11/17/2019 14:00","week4","tank2_control_yes_11/17/2019 14:00",20.13433651,"tank2_control_yes_Yellow"
"11/17/2019","D3",40,"14:00","tank2","D3_C2","CNW","control","no","Yellow",223,0,"11/17/2019 14:00","week4","tank2_control_no_11/17/2019 14:00",20.97093818,"tank2_control_no_Yellow"
"11/17/2019","D3",40,"14:00","tank1","D3_C1","CW","control","yes","Yellow",226,0,"11/17/2019 14:00","week4","tank1_control_yes_11/17/2019 14:00",19.53087291,"tank1_control_yes_Yellow"
"11/17/2019","D3",40,"14:00","tank1","D3_C1","CNW","control","no","Yellow",225,1,"11/17/2019 14:00","week4","tank1_control_no_11/17/2019 14:00",19.4434412,"tank1_control_no_Yellow"
"11/18/2019","D4",40,"14:00","tank4","D4_H1","HW","heating","yes","Yellow",25,-1,"11/18/2019 14:00","week4","tank4_heating_yes_11/18/2019 14:00",28.18595339,"tank4_heating_yes_Yellow"
"11/18/2019","D4",40,"14:00","tank4","D4_H1","HNW","heating","no","Yellow",28,-5,"11/18/2019 14:00","week4","tank4_heating_no_11/18/2019 14:00",36.79354048,"tank4_heating_no_Yellow"
"11/18/2019","D4",40,"14:00","tank3","D4_H2","HW","heating","yes","Yellow",50,0,"11/18/2019 14:00","week4","tank3_heating_yes_11/18/2019 14:00",30.33920607,"tank3_heating_yes_Yellow"
"11/18/2019","D4",40,"14:00","tank3","D4_H2","HNW","heating","no","Yellow",23,-2,"11/18/2019 14:00","week4","tank3_heating_no_11/18/2019 14:00",35.56941459,"tank3_heating_no_Yellow"
"11/18/2019","D4",40,"14:00","tank2","D4_C2","CW","control","yes","Yellow",28,1,"11/18/2019 14:00","week4","tank2_control_yes_11/18/2019 14:00",20.13433651,"tank2_control_yes_Yellow"
"11/18/2019","D4",40,"14:00","tank2","D4_C2","CNW","control","no","Yellow",23,0,"11/18/2019 14:00","week4","tank2_control_no_11/18/2019 14:00",20.97093818,"tank2_control_no_Yellow"
"11/18/2019","D4",40,"14:00","tank1","D4_C1","CW","control","yes","Yellow",25,0,"11/18/2019 14:00","week4","tank1_control_yes_11/18/2019 14:00",19.53087291,"tank1_control_yes_Yellow"
"11/18/2019","D4",40,"14:00","tank1","D4_C1","CNW","control","no","Yellow",25,1,"11/18/2019 14:00","week4","tank1_control_no_11/18/2019 14:00",19.4434412,"tank1_control_no_Yellow"
"11/19/2019","D5",40,"14:00","tank4","D5_H1","HW","heating","yes","Yellow",26,2,"11/19/2019 14:00","week4","tank4_heating_yes_11/19/2019 14:00",28.18595339,"tank4_heating_yes_Yellow"
"11/19/2019","D5",40,"14:00","tank4","D5_H1","HNW","heating","no","Yellow",27,0,"11/19/2019 14:00","week4","tank4_heating_no_11/19/2019 14:00",36.79354048,"tank4_heating_no_Yellow"
"11/19/2019","D5",40,"14:00","tank3","D5_H2","HW","heating","yes","Yellow",50,0,"11/19/2019 14:00","week4","tank3_heating_yes_11/19/2019 14:00",30.33920607,"tank3_heating_yes_Yellow"
"11/19/2019","D5",40,"14:00","tank3","D5_H2","HNW","heating","no","Yellow",22,-2,"11/19/2019 14:00","week4","tank3_heating_no_11/19/2019 14:00",35.56941459,"tank3_heating_no_Yellow"
"11/19/2019","D5",40,"14:00","tank2","D5_C2","CW","control","yes","Yellow",27,1,"11/19/2019 14:00","week4","tank2_control_yes_11/19/2019 14:00",20.13433651,"tank2_control_yes_Yellow"
"11/19/2019","D5",40,"14:00","tank2","D5_C2","CNW","control","no","Yellow",23,0,"11/19/2019 14:00","week4","tank2_control_no_11/19/2019 14:00",20.97093818,"tank2_control_no_Yellow"
"11/19/2019","D5",40,"14:00","tank1","D5_C1","CW","control","yes","Yellow",25,1,"11/19/2019 14:00","week4","tank1_control_yes_11/19/2019 14:00",19.53087291,"tank1_control_yes_Yellow"
"11/19/2019","D5",40,"14:00","tank1","D5_C1","CNW","control","no","Yellow",25,0,"11/19/2019 14:00","week4","tank1_control_no_11/19/2019 14:00",19.4434412,"tank1_control_no_Yellow"
"11/15/2019","D1",40,"14:00","tank4","D1_H1","HW","heating","yes","Black",224,1,"11/15/2019 14:00","week4","tank4_heating_yes_11/15/2019 14:00",28.70752083,"tank4_heating_yes_Black"
"11/15/2019","D1",40,"14:00","tank4","D1_H1","HNW","heating","no","Black",226,-1,"11/15/2019 14:00","week4","tank4_heating_no_11/15/2019 14:00",31.41662928,"tank4_heating_no_Black"
"11/15/2019","D1",40,"14:00","tank3","D1_H2","HW","heating","yes","Black",222,-1,"11/15/2019 14:00","week4","tank3_heating_yes_11/15/2019 14:00",28.82825466,"tank3_heating_yes_Black"
"11/15/2019","D1",40,"14:00","tank3","D1_H2","HNW","heating","no","Black",218,-7,"11/15/2019 14:00","week4","tank3_heating_no_11/15/2019 14:00",30.23835303,"tank3_heating_no_Black"
"11/15/2019","D1",40,"14:00","tank2","D1_C2","CW","control","yes","Black",226,2,"11/15/2019 14:00","week4","tank2_control_yes_11/15/2019 14:00",18.98742865,"tank2_control_yes_Black"
"11/15/2019","D1",40,"14:00","tank2","D1_C2","CNW","control","no","Black",223,-2,"11/15/2019 14:00","week4","tank2_control_no_11/15/2019 14:00",19.10028322,"tank2_control_no_Black"
"11/15/2019","D1",40,"14:00","tank1","D1_C1","CW","control","yes","Black",230,0,"11/15/2019 14:00","week4","tank1_control_yes_11/15/2019 14:00",18.65577691,"tank1_control_yes_Black"
"11/15/2019","D1",40,"14:00","tank1","D1_C1","CNW","control","no","Black",227,-1,"11/15/2019 14:00","week4","tank1_control_no_11/15/2019 14:00",18.14779513,"tank1_control_no_Black"
"11/16/2019","D2",40,"14:00","tank4","D2_H1","HW","heating","yes","Black",223,0,"11/16/2019 14:00","week4","tank4_heating_yes_11/16/2019 14:00",28.18595339,"tank4_heating_yes_Black"
"11/16/2019","D2",40,"14:00","tank4","D2_H1","HNW","heating","no","Black",227,0,"11/16/2019 14:00","week4","tank4_heating_no_11/16/2019 14:00",36.79354048,"tank4_heating_no_Black"
"11/16/2019","D2",40,"14:00","tank3","D2_H2","HW","heating","yes","Black",224,1,"11/16/2019 14:00","week4","tank3_heating_yes_11/16/2019 14:00",30.33920607,"tank3_heating_yes_Black"
"11/16/2019","D2",40,"14:00","tank3","D2_H2","HNW","heating","no","Black",217,-6,"11/16/2019 14:00","week4","tank3_heating_no_11/16/2019 14:00",35.56941459,"tank3_heating_no_Black"
"11/16/2019","D2",40,"14:00","tank2","D2_C2","CW","control","yes","Black",224,-1,"11/16/2019 14:00","week4","tank2_control_yes_11/16/2019 14:00",20.13433651,"tank2_control_yes_Black"
"11/16/2019","D2",40,"14:00","tank2","D2_C2","CNW","control","no","Black",224,4,"11/16/2019 14:00","week4","tank2_control_no_11/16/2019 14:00",20.97093818,"tank2_control_no_Black"
"11/16/2019","D2",40,"14:00","tank1","D2_C1","CW","control","yes","Black",228,-2,"11/16/2019 14:00","week4","tank1_control_yes_11/16/2019 14:00",19.53087291,"tank1_control_yes_Black"
"11/16/2019","D2",40,"14:00","tank1","D2_C1","CNW","control","no","Black",225,0,"11/16/2019 14:00","week4","tank1_control_no_11/16/2019 14:00",19.4434412,"tank1_control_no_Black"
"11/17/2019","D3",40,"14:00","tank4","D3_H1","HW","heating","yes","Black",224,1,"11/17/2019 14:00","week4","tank4_heating_yes_11/17/2019 14:00",28.18595339,"tank4_heating_yes_Black"
"11/17/2019","D3",40,"14:00","tank4","D3_H1","HNW","heating","no","Black",245,0,"11/17/2019 14:00","week4","tank4_heating_no_11/17/2019 14:00",36.79354048,"tank4_heating_no_Black"
"11/17/2019","D3",40,"14:00","tank3","D3_H2","HW","heating","yes","Black",223,-1,"11/17/2019 14:00","week4","tank3_heating_yes_11/17/2019 14:00",30.33920607,"tank3_heating_yes_Black"
"11/17/2019","D3",40,"14:00","tank3","D3_H2","HNW","heating","no","Black",222,0,"11/17/2019 14:00","week4","tank3_heating_no_11/17/2019 14:00",35.56941459,"tank3_heating_no_Black"
"11/17/2019","D3",40,"14:00","tank2","D3_C2","CW","control","yes","Black",224,-2,"11/17/2019 14:00","week4","tank2_control_yes_11/17/2019 14:00",20.13433651,"tank2_control_yes_Black"
"11/17/2019","D3",40,"14:00","tank2","D3_C2","CNW","control","no","Black",225,0,"11/17/2019 14:00","week4","tank2_control_no_11/17/2019 14:00",20.97093818,"tank2_control_no_Black"
"11/17/2019","D3",40,"14:00","tank1","D3_C1","CW","control","yes","Black",231,1,"11/17/2019 14:00","week4","tank1_control_yes_11/17/2019 14:00",19.53087291,"tank1_control_yes_Black"
"11/17/2019","D3",40,"14:00","tank1","D3_C1","CNW","control","no","Black",225,0,"11/17/2019 14:00","week4","tank1_control_no_11/17/2019 14:00",19.4434412,"tank1_control_no_Black"
"11/18/2019","D4",40,"14:00","tank4","D4_H1","HW","heating","yes","Black",24,0,"11/18/2019 14:00","week4","tank4_heating_yes_11/18/2019 14:00",28.18595339,"tank4_heating_yes_Black"
"11/18/2019","D4",40,"14:00","tank4","D4_H1","HNW","heating","no","Black",50,0,"11/18/2019 14:00","week4","tank4_heating_no_11/18/2019 14:00",36.79354048,"tank4_heating_no_Black"
"11/18/2019","D4",40,"14:00","tank3","D4_H2","HW","heating","yes","Black",22,-1,"11/18/2019 14:00","week4","tank3_heating_yes_11/18/2019 14:00",30.33920607,"tank3_heating_yes_Black"
"11/18/2019","D4",40,"14:00","tank3","D4_H2","HNW","heating","no","Black",21,-11,"11/18/2019 14:00","week4","tank3_heating_no_11/18/2019 14:00",35.56941459,"tank3_heating_no_Black"
"11/18/2019","D4",40,"14:00","tank2","D4_C2","CW","control","yes","Black",23,-3,"11/18/2019 14:00","week4","tank2_control_yes_11/18/2019 14:00",20.13433651,"tank2_control_yes_Black"
"11/18/2019","D4",40,"14:00","tank2","D4_C2","CNW","control","no","Black",24,3,"11/18/2019 14:00","week4","tank2_control_no_11/18/2019 14:00",20.97093818,"tank2_control_no_Black"
"11/18/2019","D4",40,"14:00","tank1","D4_C1","CW","control","yes","Black",29,-5,"11/18/2019 14:00","week4","tank1_control_yes_11/18/2019 14:00",19.53087291,"tank1_control_yes_Black"
"11/18/2019","D4",40,"14:00","tank1","D4_C1","CNW","control","no","Black",25,1,"11/18/2019 14:00","week4","tank1_control_no_11/18/2019 14:00",19.4434412,"tank1_control_no_Black"
"11/19/2019","D5",40,"14:00","tank4","D5_H1","HW","heating","yes","Black",24,1,"11/19/2019 14:00","week4","tank4_heating_yes_11/19/2019 14:00",28.18595339,"tank4_heating_yes_Black"
"11/19/2019","D5",40,"14:00","tank4","D5_H1","HNW","heating","no","Black",43,-2,"11/19/2019 14:00","week4","tank4_heating_no_11/19/2019 14:00",36.79354048,"tank4_heating_no_Black"
"11/19/2019","D5",40,"14:00","tank3","D5_H2","HW","heating","yes","Black",23,2,"11/19/2019 14:00","week4","tank3_heating_yes_11/19/2019 14:00",30.33920607,"tank3_heating_yes_Black"
"11/19/2019","D5",40,"14:00","tank3","D5_H2","HNW","heating","no","Black",18,-4,"11/19/2019 14:00","week4","tank3_heating_no_11/19/2019 14:00",35.56941459,"tank3_heating_no_Black"
"11/19/2019","D5",40,"14:00","tank2","D5_C2","CW","control","yes","Black",23,1,"11/19/2019 14:00","week4","tank2_control_yes_11/19/2019 14:00",20.13433651,"tank2_control_yes_Black"
"11/19/2019","D5",40,"14:00","tank2","D5_C2","CNW","control","no","Black",24,-1,"11/19/2019 14:00","week4","tank2_control_no_11/19/2019 14:00",20.97093818,"tank2_control_no_Black"
"11/19/2019","D5",40,"14:00","tank1","D5_C1","CW","control","yes","Black",30,1,"11/19/2019 14:00","week4","tank1_control_yes_11/19/2019 14:00",19.53087291,"tank1_control_yes_Black"
"11/19/2019","D5",40,"14:00","tank1","D5_C1","CNW","control","no","Black",24,0,"11/19/2019 14:00","week4","tank1_control_no_11/19/2019 14:00",19.4434412,"tank1_control_no_Black"
"11/15/2019","D1",40,"14:00","tank4","D1_H1","HW","heating","yes","White",237,17,"11/15/2019 14:00","week4","tank4_heating_yes_11/15/2019 14:00",28.70752083,"tank4_heating_yes_White"
"11/15/2019","D1",40,"14:00","tank4","D1_H1","HNW","heating","no","White",221,-2,"11/15/2019 14:00","week4","tank4_heating_no_11/15/2019 14:00",31.41662928,"tank4_heating_no_White"
"11/15/2019","D1",40,"14:00","tank3","D1_H2","HW","heating","yes","White",238,2,"11/15/2019 14:00","week4","tank3_heating_yes_11/15/2019 14:00",28.82825466,"tank3_heating_yes_White"
"11/15/2019","D1",40,"14:00","tank3","D1_H2","HNW","heating","no","White",228,-2,"11/15/2019 14:00","week4","tank3_heating_no_11/15/2019 14:00",30.23835303,"tank3_heating_no_White"
"11/15/2019","D1",40,"14:00","tank2","D1_C2","CW","control","yes","White",225,2,"11/15/2019 14:00","week4","tank2_control_yes_11/15/2019 14:00",18.98742865,"tank2_control_yes_White"
"11/15/2019","D1",40,"14:00","tank2","D1_C2","CNW","control","no","White",228,-1,"11/15/2019 14:00","week4","tank2_control_no_11/15/2019 14:00",19.10028322,"tank2_control_no_White"
"11/15/2019","D1",40,"14:00","tank1","D1_C1","CW","control","yes","White",224,4,"11/15/2019 14:00","week4","tank1_control_yes_11/15/2019 14:00",18.65577691,"tank1_control_yes_White"
"11/15/2019","D1",40,"14:00","tank1","D1_C1","CNW","control","no","White",230,3,"11/15/2019 14:00","week4","tank1_control_no_11/15/2019 14:00",18.14779513,"tank1_control_no_White"
"11/16/2019","D2",40,"14:00","tank4","D2_H1","HW","heating","yes","White",222,1,"11/16/2019 14:00","week4","tank4_heating_yes_11/16/2019 14:00",28.18595339,"tank4_heating_yes_White"
"11/16/2019","D2",40,"14:00","tank4","D2_H1","HNW","heating","no","White",222,-1,"11/16/2019 14:00","week4","tank4_heating_no_11/16/2019 14:00",36.79354048,"tank4_heating_no_White"
"11/16/2019","D2",40,"14:00","tank3","D2_H2","HW","heating","yes","White",228,-1,"11/16/2019 14:00","week4","tank3_heating_yes_11/16/2019 14:00",30.33920607,"tank3_heating_yes_White"
"11/16/2019","D2",40,"14:00","tank3","D2_H2","HNW","heating","no","White",230,-1,"11/16/2019 14:00","week4","tank3_heating_no_11/16/2019 14:00",35.56941459,"tank3_heating_no_White"
"11/16/2019","D2",40,"14:00","tank2","D2_C2","CW","control","yes","White",224,-2,"11/16/2019 14:00","week4","tank2_control_yes_11/16/2019 14:00",20.13433651,"tank2_control_yes_White"
"11/16/2019","D2",40,"14:00","tank2","D2_C2","CNW","control","no","White",229,1,"11/16/2019 14:00","week4","tank2_control_no_11/16/2019 14:00",20.97093818,"tank2_control_no_White"
"11/16/2019","D2",40,"14:00","tank1","D2_C1","CW","control","yes","White",224,4,"11/16/2019 14:00","week4","tank1_control_yes_11/16/2019 14:00",19.53087291,"tank1_control_yes_White"
"11/16/2019","D2",40,"14:00","tank1","D2_C1","CNW","control","no","White",228,0,"11/16/2019 14:00","week4","tank1_control_no_11/16/2019 14:00",19.4434412,"tank1_control_no_White"
"11/17/2019","D3",40,"14:00","tank4","D3_H1","HW","heating","yes","White",223,1,"11/17/2019 14:00","week4","tank4_heating_yes_11/17/2019 14:00",28.18595339,"tank4_heating_yes_White"
"11/17/2019","D3",40,"14:00","tank4","D3_H1","HNW","heating","no","White",226,-2,"11/17/2019 14:00","week4","tank4_heating_no_11/17/2019 14:00",36.79354048,"tank4_heating_no_White"
"11/17/2019","D3",40,"14:00","tank3","D3_H2","HW","heating","yes","White",230,1,"11/17/2019 14:00","week4","tank3_heating_yes_11/17/2019 14:00",30.33920607,"tank3_heating_yes_White"
"11/17/2019","D3",40,"14:00","tank3","D3_H2","HNW","heating","no","White",227,-2,"11/17/2019 14:00","week4","tank3_heating_no_11/17/2019 14:00",35.56941459,"tank3_heating_no_White"
"11/17/2019","D3",40,"14:00","tank2","D3_C2","CW","control","yes","White",227,0,"11/17/2019 14:00","week4","tank2_control_yes_11/17/2019 14:00",20.13433651,"tank2_control_yes_White"
"11/17/2019","D3",40,"14:00","tank2","D3_C2","CNW","control","no","White",229,1,"11/17/2019 14:00","week4","tank2_control_no_11/17/2019 14:00",20.97093818,"tank2_control_no_White"
"11/17/2019","D3",40,"14:00","tank1","D3_C1","CW","control","yes","White",222,2,"11/17/2019 14:00","week4","tank1_control_yes_11/17/2019 14:00",19.53087291,"tank1_control_yes_White"
"11/17/2019","D3",40,"14:00","tank1","D3_C1","CNW","control","no","White",230,1,"11/17/2019 14:00","week4","tank1_control_no_11/17/2019 14:00",19.4434412,"tank1_control_no_White"
"11/18/2019","D4",40,"14:00","tank4","D4_H1","HW","heating","yes","White",23,2,"11/18/2019 14:00","week4","tank4_heating_yes_11/18/2019 14:00",28.18595339,"tank4_heating_yes_White"
"11/18/2019","D4",40,"14:00","tank4","D4_H1","HNW","heating","no","White",50,0,"11/18/2019 14:00","week4","tank4_heating_no_11/18/2019 14:00",36.79354048,"tank4_heating_no_White"
"11/18/2019","D4",40,"14:00","tank3","D4_H2","HW","heating","yes","White",35,4,"11/18/2019 14:00","week4","tank3_heating_yes_11/18/2019 14:00",30.33920607,"tank3_heating_yes_White"
"11/18/2019","D4",40,"14:00","tank3","D4_H2","HNW","heating","no","White",28,-2,"11/18/2019 14:00","week4","tank3_heating_no_11/18/2019 14:00",35.56941459,"tank3_heating_no_White"
"11/18/2019","D4",40,"14:00","tank2","D4_C2","CW","control","yes","White",25,-2,"11/18/2019 14:00","week4","tank2_control_yes_11/18/2019 14:00",20.13433651,"tank2_control_yes_White"
"11/18/2019","D4",40,"14:00","tank2","D4_C2","CNW","control","no","White",29,2,"11/18/2019 14:00","week4","tank2_control_no_11/18/2019 14:00",20.97093818,"tank2_control_no_White"
"11/18/2019","D4",40,"14:00","tank1","D4_C1","CW","control","yes","White",20,0,"11/18/2019 14:00","week4","tank1_control_yes_11/18/2019 14:00",19.53087291,"tank1_control_yes_White"
"11/18/2019","D4",40,"14:00","tank1","D4_C1","CNW","control","no","White",30,2,"11/18/2019 14:00","week4","tank1_control_no_11/18/2019 14:00",19.4434412,"tank1_control_no_White"
"11/19/2019","D5",40,"14:00","tank4","D5_H1","HW","heating","yes","White",22,1,"11/19/2019 14:00","week4","tank4_heating_yes_11/19/2019 14:00",28.18595339,"tank4_heating_yes_White"
"11/19/2019","D5",40,"14:00","tank4","D5_H1","HNW","heating","no","White",38,-5,"11/19/2019 14:00","week4","tank4_heating_no_11/19/2019 14:00",36.79354048,"tank4_heating_no_White"
"11/19/2019","D5",40,"14:00","tank3","D5_H2","HW","heating","yes","White",31,5,"11/19/2019 14:00","week4","tank3_heating_yes_11/19/2019 14:00",30.33920607,"tank3_heating_yes_White"
"11/19/2019","D5",40,"14:00","tank3","D5_H2","HNW","heating","no","White",26,-2,"11/19/2019 14:00","week4","tank3_heating_no_11/19/2019 14:00",35.56941459,"tank3_heating_no_White"
"11/19/2019","D5",40,"14:00","tank2","D5_C2","CW","control","yes","White",23,0,"11/19/2019 14:00","week4","tank2_control_yes_11/19/2019 14:00",20.13433651,"tank2_control_yes_White"
"11/19/2019","D5",40,"14:00","tank2","D5_C2","CNW","control","no","White",28,1,"11/19/2019 14:00","week4","tank2_control_no_11/19/2019 14:00",20.97093818,"tank2_control_no_White"
"11/19/2019","D5",40,"14:00","tank1","D5_C1","CW","control","yes","White",19,3,"11/19/2019 14:00","week4","tank1_control_yes_11/19/2019 14:00",19.53087291,"tank1_control_yes_White"
"11/19/2019","D5",40,"14:00","tank1","D5_C1","CNW","control","no","White",30,-3,"11/19/2019 14:00","week4","tank1_control_no_11/19/2019 14:00",19.4434412,"tank1_control_no_White"
"11/15/2019","D1",40,"15:30","tank4","D1_H1","HW","heating","yes","Red",227,2,"11/15/2019 15:30","week4","tank4_heating_yes_11/15/2019 15:30",28.22458801,"tank4_heating_yes_Red"
"11/15/2019","D1",40,"15:30","tank4","D1_H1","HNW","heating","no","Red",246,5,"11/15/2019 15:30","week4","tank4_heating_no_11/15/2019 15:30",32.23276759,"tank4_heating_no_Red"
"11/15/2019","D1",40,"15:30","tank3","D1_H2","HW","heating","yes","Red",237,7,"11/15/2019 15:30","week4","tank3_heating_yes_11/15/2019 15:30",30.89739193,"tank3_heating_yes_Red"
"11/15/2019","D1",40,"15:30","tank3","D1_H2","HNW","heating","no","Red",227,-3,"11/15/2019 15:30","week4","tank3_heating_no_11/15/2019 15:30",34.62807399,"tank3_heating_no_Red"
"11/15/2019","D1",40,"15:30","tank2","D1_C2","CW","control","yes","Red",226,1,"11/15/2019 15:30","week4","tank2_control_yes_11/15/2019 15:30",19.71639551,"tank2_control_yes_Red"
"11/15/2019","D1",40,"15:30","tank2","D1_C2","CNW","control","no","Red",227,0,"11/15/2019 15:30","week4","tank2_control_no_11/15/2019 15:30",21.93519331,"tank2_control_no_Red"
"11/15/2019","D1",40,"15:30","tank1","D1_C1","CW","control","yes","Red",230,1,"11/15/2019 15:30","week4","tank1_control_yes_11/15/2019 15:30",19.20391397,"tank1_control_yes_Red"
"11/15/2019","D1",40,"15:30","tank1","D1_C1","CNW","control","no","Red",226,0,"11/15/2019 15:30","week4","tank1_control_no_11/15/2019 15:30",19.31867528,"tank1_control_no_Red"
"11/16/2019","D2",40,"15:30","tank4","D2_H1","HW","heating","yes","Red",228,-1,"11/16/2019 15:30","week4","tank4_heating_yes_11/16/2019 15:30",28.85240067,"tank4_heating_yes_Red"
"11/16/2019","D2",40,"15:30","tank4","D2_H1","HNW","heating","no","Red",248,-2,"11/16/2019 15:30","week4","tank4_heating_no_11/16/2019 15:30",32.82806847,"tank4_heating_no_Red"
"11/16/2019","D2",40,"15:30","tank3","D2_H2","HW","heating","yes","Red",229,0,"11/16/2019 15:30","week4","tank3_heating_yes_11/16/2019 15:30",30.81077689,"tank3_heating_yes_Red"
"11/16/2019","D2",40,"15:30","tank3","D2_H2","HNW","heating","no","Red",227,-3,"11/16/2019 15:30","week4","tank3_heating_no_11/16/2019 15:30",33.08158586,"tank3_heating_no_Red"
"11/16/2019","D2",40,"15:30","tank2","D2_C2","CW","control","yes","Red",228,-2,"11/16/2019 15:30","week4","tank2_control_yes_11/16/2019 15:30",20.22181253,"tank2_control_yes_Red"
"11/16/2019","D2",40,"15:30","tank2","D2_C2","CNW","control","no","Red",226,-1,"11/16/2019 15:30","week4","tank2_control_no_11/16/2019 15:30",21.1637892,"tank2_control_no_Red"
"11/16/2019","D2",40,"15:30","tank1","D2_C1","CW","control","yes","Red",230,0,"11/16/2019 15:30","week4","tank1_control_yes_11/16/2019 15:30",19.62703731,"tank1_control_yes_Red"
"11/16/2019","D2",40,"15:30","tank1","D2_C1","CNW","control","no","Red",225,-1,"11/16/2019 15:30","week4","tank1_control_no_11/16/2019 15:30",19.57780449,"tank1_control_no_Red"
"11/17/2019","D3",40,"15:30","tank4","D3_H1","HW","heating","yes","Red",227,-2,"11/17/2019 15:30","week4","tank4_heating_yes_11/17/2019 15:30",28.85240067,"tank4_heating_yes_Red"
"11/17/2019","D3",40,"15:30","tank4","D3_H1","HNW","heating","no","Red",NA,NA,"11/17/2019 15:30","week4","tank4_heating_no_11/17/2019 15:30",32.82806847,"tank4_heating_no_Red"
"11/17/2019","D3",40,"15:30","tank3","D3_H2","HW","heating","yes","Red",230,1,"11/17/2019 15:30","week4","tank3_heating_yes_11/17/2019 15:30",30.81077689,"tank3_heating_yes_Red"
"11/17/2019","D3",40,"15:30","tank3","D3_H2","HNW","heating","no","Red",226,-2,"11/17/2019 15:30","week4","tank3_heating_no_11/17/2019 15:30",33.08158586,"tank3_heating_no_Red"
"11/17/2019","D3",40,"15:30","tank2","D3_C2","CW","control","yes","Red",229,1,"11/17/2019 15:30","week4","tank2_control_yes_11/17/2019 15:30",20.22181253,"tank2_control_yes_Red"
"11/17/2019","D3",40,"15:30","tank2","D3_C2","CNW","control","no","Red",226,-2,"11/17/2019 15:30","week4","tank2_control_no_11/17/2019 15:30",21.1637892,"tank2_control_no_Red"
"11/17/2019","D3",40,"15:30","tank1","D3_C1","CW","control","yes","Red",231,1,"11/17/2019 15:30","week4","tank1_control_yes_11/17/2019 15:30",19.62703731,"tank1_control_yes_Red"
"11/17/2019","D3",40,"15:30","tank1","D3_C1","CNW","control","no","Red",225,0,"11/17/2019 15:30","week4","tank1_control_no_11/17/2019 15:30",19.57780449,"tank1_control_no_Red"
"11/18/2019","D4",40,"15:30","tank4","D4_H1","HW","heating","yes","Red",29,2,"11/18/2019 15:30","week4","tank4_heating_yes_11/18/2019 15:30",28.85240067,"tank4_heating_yes_Red"
"11/18/2019","D4",40,"15:30","tank4","D4_H1","HNW","heating","no","Red",NA,NA,"11/18/2019 15:30","week4","tank4_heating_no_11/18/2019 15:30",32.82806847,"tank4_heating_no_Red"
"11/18/2019","D4",40,"15:30","tank3","D4_H2","HW","heating","yes","Red",27,0,"11/18/2019 15:30","week4","tank3_heating_yes_11/18/2019 15:30",30.81077689,"tank3_heating_yes_Red"
"11/18/2019","D4",40,"15:30","tank3","D4_H2","HNW","heating","no","Red",29,-2,"11/18/2019 15:30","week4","tank3_heating_no_11/18/2019 15:30",33.08158586,"tank3_heating_no_Red"
"11/18/2019","D4",40,"15:30","tank2","D4_C2","CW","control","yes","Red",28,2,"11/18/2019 15:30","week4","tank2_control_yes_11/18/2019 15:30",20.22181253,"tank2_control_yes_Red"
"11/18/2019","D4",40,"15:30","tank2","D4_C2","CNW","control","no","Red",25,0,"11/18/2019 15:30","week4","tank2_control_no_11/18/2019 15:30",21.1637892,"tank2_control_no_Red"
"11/18/2019","D4",40,"15:30","tank1","D4_C1","CW","control","yes","Red",33,5,"11/18/2019 15:30","week4","tank1_control_yes_11/18/2019 15:30",19.62703731,"tank1_control_yes_Red"
"11/18/2019","D4",40,"15:30","tank1","D4_C1","CNW","control","no","Red",25,0,"11/18/2019 15:30","week4","tank1_control_no_11/18/2019 15:30",19.57780449,"tank1_control_no_Red"
"11/19/2019","D5",40,"15:30","tank4","D5_H1","HW","heating","yes","Red",31,6,"11/19/2019 15:30","week4","tank4_heating_yes_11/19/2019 15:30",30.08870868,"tank4_heating_yes_Red"
"11/19/2019","D5",40,"15:30","tank4","D5_H1","HNW","heating","no","Red",NA,NA,"11/19/2019 15:30","week4","tank4_heating_no_11/19/2019 15:30",32.93368637,"tank4_heating_no_Red"
"11/19/2019","D5",40,"15:30","tank3","D5_H2","HW","heating","yes","Red",27,1,"11/19/2019 15:30","week4","tank3_heating_yes_11/19/2019 15:30",31.39783444,"tank3_heating_yes_Red"
"11/19/2019","D5",40,"15:30","tank3","D5_H2","HNW","heating","no","Red",29,-1,"11/19/2019 15:30","week4","tank3_heating_no_11/19/2019 15:30",34.83939535,"tank3_heating_no_Red"
"11/19/2019","D5",40,"15:30","tank2","D5_C2","CW","control","yes","Red",29,3,"11/19/2019 15:30","week4","tank2_control_yes_11/19/2019 15:30",20.63003397,"tank2_control_yes_Red"
"11/19/2019","D5",40,"15:30","tank2","D5_C2","CNW","control","no","Red",25,0,"11/19/2019 15:30","week4","tank2_control_no_11/19/2019 15:30",21.06736369,"tank2_control_no_Red"
"11/19/2019","D5",40,"15:30","tank1","D5_C1","CW","control","yes","Red",28,3,"11/19/2019 15:30","week4","tank1_control_yes_11/19/2019 15:30",20.16555792,"tank1_control_yes_Red"
"11/19/2019","D5",40,"15:30","tank1","D5_C1","CNW","control","no","Red",25,0,"11/19/2019 15:30","week4","tank1_control_no_11/19/2019 15:30",19.74095992,"tank1_control_no_Red"
"11/15/2019","D1",40,"15:30","tank4","D1_H1","HW","heating","yes","Yellow",226,2,"11/15/2019 15:30","week4","tank4_heating_yes_11/15/2019 15:30",28.22458801,"tank4_heating_yes_Yellow"
"11/15/2019","D1",40,"15:30","tank4","D1_H1","HNW","heating","no","Yellow",230,-3,"11/15/2019 15:30","week4","tank4_heating_no_11/15/2019 15:30",32.23276759,"tank4_heating_no_Yellow"
"11/15/2019","D1",40,"15:30","tank3","D1_H2","HW","heating","yes","Yellow",239,4,"11/15/2019 15:30","week4","tank3_heating_yes_11/15/2019 15:30",30.89739193,"tank3_heating_yes_Yellow"
"11/15/2019","D1",40,"15:30","tank3","D1_H2","HNW","heating","no","Yellow",225,-2,"11/15/2019 15:30","week4","tank3_heating_no_11/15/2019 15:30",34.62807399,"tank3_heating_no_Yellow"
"11/15/2019","D1",40,"15:30","tank2","D1_C2","CW","control","yes","Yellow",227,1,"11/15/2019 15:30","week4","tank2_control_yes_11/15/2019 15:30",19.71639551,"tank2_control_yes_Yellow"
"11/15/2019","D1",40,"15:30","tank2","D1_C2","CNW","control","no","Yellow",223,0,"11/15/2019 15:30","week4","tank2_control_no_11/15/2019 15:30",21.93519331,"tank2_control_no_Yellow"
"11/15/2019","D1",40,"15:30","tank1","D1_C1","CW","control","yes","Yellow",227,-2,"11/15/2019 15:30","week4","tank1_control_yes_11/15/2019 15:30",19.20391397,"tank1_control_yes_Yellow"
"11/15/2019","D1",40,"15:30","tank1","D1_C1","CNW","control","no","Yellow",226,2,"11/15/2019 15:30","week4","tank1_control_no_11/15/2019 15:30",19.31867528,"tank1_control_no_Yellow"
"11/16/2019","D2",40,"15:30","tank4","D2_H1","HW","heating","yes","Yellow",225,0,"11/16/2019 15:30","week4","tank4_heating_yes_11/16/2019 15:30",28.85240067,"tank4_heating_yes_Yellow"
"11/16/2019","D2",40,"15:30","tank4","D2_H1","HNW","heating","no","Yellow",229,-2,"11/16/2019 15:30","week4","tank4_heating_no_11/16/2019 15:30",32.82806847,"tank4_heating_no_Yellow"
"11/16/2019","D2",40,"15:30","tank3","D2_H2","HW","heating","yes","Yellow",247,-3,"11/16/2019 15:30","week4","tank3_heating_yes_11/16/2019 15:30",30.81077689,"tank3_heating_yes_Yellow"
"11/16/2019","D2",40,"15:30","tank3","D2_H2","HNW","heating","no","Yellow",224,-2,"11/16/2019 15:30","week4","tank3_heating_no_11/16/2019 15:30",33.08158586,"tank3_heating_no_Yellow"
"11/16/2019","D2",40,"15:30","tank2","D2_C2","CW","control","yes","Yellow",227,0,"11/16/2019 15:30","week4","tank2_control_yes_11/16/2019 15:30",20.22181253,"tank2_control_yes_Yellow"
"11/16/2019","D2",40,"15:30","tank2","D2_C2","CNW","control","no","Yellow",223,-1,"11/16/2019 15:30","week4","tank2_control_no_11/16/2019 15:30",21.1637892,"tank2_control_no_Yellow"
"11/16/2019","D2",40,"15:30","tank1","D2_C1","CW","control","yes","Yellow",227,-1,"11/16/2019 15:30","week4","tank1_control_yes_11/16/2019 15:30",19.62703731,"tank1_control_yes_Yellow"
"11/16/2019","D2",40,"15:30","tank1","D2_C1","CNW","control","no","Yellow",225,0,"11/16/2019 15:30","week4","tank1_control_no_11/16/2019 15:30",19.57780449,"tank1_control_no_Yellow"
"11/17/2019","D3",40,"15:30","tank4","D3_H1","HW","heating","yes","Yellow",226,1,"11/17/2019 15:30","week4","tank4_heating_yes_11/17/2019 15:30",28.85240067,"tank4_heating_yes_Yellow"
"11/17/2019","D3",40,"15:30","tank4","D3_H1","HNW","heating","no","Yellow",230,-2,"11/17/2019 15:30","week4","tank4_heating_no_11/17/2019 15:30",32.82806847,"tank4_heating_no_Yellow"
"11/17/2019","D3",40,"15:30","tank3","D3_H2","HW","heating","yes","Yellow",250,6,"11/17/2019 15:30","week4","tank3_heating_yes_11/17/2019 15:30",30.81077689,"tank3_heating_yes_Yellow"
"11/17/2019","D3",40,"15:30","tank3","D3_H2","HNW","heating","no","Yellow",223,-2,"11/17/2019 15:30","week4","tank3_heating_no_11/17/2019 15:30",33.08158586,"tank3_heating_no_Yellow"
"11/17/2019","D3",40,"15:30","tank2","D3_C2","CW","control","yes","Yellow",226,0,"11/17/2019 15:30","week4","tank2_control_yes_11/17/2019 15:30",20.22181253,"tank2_control_yes_Yellow"
"11/17/2019","D3",40,"15:30","tank2","D3_C2","CNW","control","no","Yellow",223,0,"11/17/2019 15:30","week4","tank2_control_no_11/17/2019 15:30",21.1637892,"tank2_control_no_Yellow"
"11/17/2019","D3",40,"15:30","tank1","D3_C1","CW","control","yes","Yellow",227,1,"11/17/2019 15:30","week4","tank1_control_yes_11/17/2019 15:30",19.62703731,"tank1_control_yes_Yellow"
"11/17/2019","D3",40,"15:30","tank1","D3_C1","CNW","control","no","Yellow",225,1,"11/17/2019 15:30","week4","tank1_control_no_11/17/2019 15:30",19.57780449,"tank1_control_no_Yellow"
"11/18/2019","D4",40,"15:30","tank4","D4_H1","HW","heating","yes","Yellow",26,0,"11/18/2019 15:30","week4","tank4_heating_yes_11/18/2019 15:30",28.85240067,"tank4_heating_yes_Yellow"
"11/18/2019","D4",40,"15:30","tank4","D4_H1","HNW","heating","no","Yellow",28,-5,"11/18/2019 15:30","week4","tank4_heating_no_11/18/2019 15:30",32.82806847,"tank4_heating_no_Yellow"
"11/18/2019","D4",40,"15:30","tank3","D4_H2","HW","heating","yes","Yellow",50,0,"11/18/2019 15:30","week4","tank3_heating_yes_11/18/2019 15:30",30.81077689,"tank3_heating_yes_Yellow"
"11/18/2019","D4",40,"15:30","tank3","D4_H2","HNW","heating","no","Yellow",24,-1,"11/18/2019 15:30","week4","tank3_heating_no_11/18/2019 15:30",33.08158586,"tank3_heating_no_Yellow"
"11/18/2019","D4",40,"15:30","tank2","D4_C2","CW","control","yes","Yellow",28,1,"11/18/2019 15:30","week4","tank2_control_yes_11/18/2019 15:30",20.22181253,"tank2_control_yes_Yellow"
"11/18/2019","D4",40,"15:30","tank2","D4_C2","CNW","control","no","Yellow",22,-1,"11/18/2019 15:30","week4","tank2_control_no_11/18/2019 15:30",21.1637892,"tank2_control_no_Yellow"
"11/18/2019","D4",40,"15:30","tank1","D4_C1","CW","control","yes","Yellow",25,0,"11/18/2019 15:30","week4","tank1_control_yes_11/18/2019 15:30",19.62703731,"tank1_control_yes_Yellow"
"11/18/2019","D4",40,"15:30","tank1","D4_C1","CNW","control","no","Yellow",25,1,"11/18/2019 15:30","week4","tank1_control_no_11/18/2019 15:30",19.57780449,"tank1_control_no_Yellow"
"11/19/2019","D5",40,"15:30","tank4","D5_H1","HW","heating","yes","Yellow",26,2,"11/19/2019 15:30","week4","tank4_heating_yes_11/19/2019 15:30",30.08870868,"tank4_heating_yes_Yellow"
"11/19/2019","D5",40,"15:30","tank4","D5_H1","HNW","heating","no","Yellow",37,10,"11/19/2019 15:30","week4","tank4_heating_no_11/19/2019 15:30",32.93368637,"tank4_heating_no_Yellow"
"11/19/2019","D5",40,"15:30","tank3","D5_H2","HW","heating","yes","Yellow",50,0,"11/19/2019 15:30","week4","tank3_heating_yes_11/19/2019 15:30",31.39783444,"tank3_heating_yes_Yellow"
"11/19/2019","D5",40,"15:30","tank3","D5_H2","HNW","heating","no","Yellow",22,-2,"11/19/2019 15:30","week4","tank3_heating_no_11/19/2019 15:30",34.83939535,"tank3_heating_no_Yellow"
"11/19/2019","D5",40,"15:30","tank2","D5_C2","CW","control","yes","Yellow",27,1,"11/19/2019 15:30","week4","tank2_control_yes_11/19/2019 15:30",20.63003397,"tank2_control_yes_Yellow"
"11/19/2019","D5",40,"15:30","tank2","D5_C2","CNW","control","no","Yellow",23,0,"11/19/2019 15:30","week4","tank2_control_no_11/19/2019 15:30",21.06736369,"tank2_control_no_Yellow"
"11/19/2019","D5",40,"15:30","tank1","D5_C1","CW","control","yes","Yellow",25,1,"11/19/2019 15:30","week4","tank1_control_yes_11/19/2019 15:30",20.16555792,"tank1_control_yes_Yellow"
"11/19/2019","D5",40,"15:30","tank1","D5_C1","CNW","control","no","Yellow",25,0,"11/19/2019 15:30","week4","tank1_control_no_11/19/2019 15:30",19.74095992,"tank1_control_no_Yellow"
"11/15/2019","D1",40,"15:30","tank4","D1_H1","HW","heating","yes","Black",224,1,"11/15/2019 15:30","week4","tank4_heating_yes_11/15/2019 15:30",28.22458801,"tank4_heating_yes_Black"
"11/15/2019","D1",40,"15:30","tank4","D1_H1","HNW","heating","no","Black",226,-1,"11/15/2019 15:30","week4","tank4_heating_no_11/15/2019 15:30",32.23276759,"tank4_heating_no_Black"
"11/15/2019","D1",40,"15:30","tank3","D1_H2","HW","heating","yes","Black",224,1,"11/15/2019 15:30","week4","tank3_heating_yes_11/15/2019 15:30",30.89739193,"tank3_heating_yes_Black"
"11/15/2019","D1",40,"15:30","tank3","D1_H2","HNW","heating","no","Black",218,-7,"11/15/2019 15:30","week4","tank3_heating_no_11/15/2019 15:30",34.62807399,"tank3_heating_no_Black"
"11/15/2019","D1",40,"15:30","tank2","D1_C2","CW","control","yes","Black",227,3,"11/15/2019 15:30","week4","tank2_control_yes_11/15/2019 15:30",19.71639551,"tank2_control_yes_Black"
"11/15/2019","D1",40,"15:30","tank2","D1_C2","CNW","control","no","Black",223,-2,"11/15/2019 15:30","week4","tank2_control_no_11/15/2019 15:30",21.93519331,"tank2_control_no_Black"
"11/15/2019","D1",40,"15:30","tank1","D1_C1","CW","control","yes","Black",230,0,"11/15/2019 15:30","week4","tank1_control_yes_11/15/2019 15:30",19.20391397,"tank1_control_yes_Black"
"11/15/2019","D1",40,"15:30","tank1","D1_C1","CNW","control","no","Black",228,0,"11/15/2019 15:30","week4","tank1_control_no_11/15/2019 15:30",19.31867528,"tank1_control_no_Black"
"11/16/2019","D2",40,"15:30","tank4","D2_H1","HW","heating","yes","Black",224,1,"11/16/2019 15:30","week4","tank4_heating_yes_11/16/2019 15:30",28.85240067,"tank4_heating_yes_Black"
"11/16/2019","D2",40,"15:30","tank4","D2_H1","HNW","heating","no","Black",227,0,"11/16/2019 15:30","week4","tank4_heating_no_11/16/2019 15:30",32.82806847,"tank4_heating_no_Black"
"11/16/2019","D2",40,"15:30","tank3","D2_H2","HW","heating","yes","Black",224,1,"11/16/2019 15:30","week4","tank3_heating_yes_11/16/2019 15:30",30.81077689,"tank3_heating_yes_Black"
"11/16/2019","D2",40,"15:30","tank3","D2_H2","HNW","heating","no","Black",217,-6,"11/16/2019 15:30","week4","tank3_heating_no_11/16/2019 15:30",33.08158586,"tank3_heating_no_Black"
"11/16/2019","D2",40,"15:30","tank2","D2_C2","CW","control","yes","Black",224,-1,"11/16/2019 15:30","week4","tank2_control_yes_11/16/2019 15:30",20.22181253,"tank2_control_yes_Black"
"11/16/2019","D2",40,"15:30","tank2","D2_C2","CNW","control","no","Black",223,3,"11/16/2019 15:30","week4","tank2_control_no_11/16/2019 15:30",21.1637892,"tank2_control_no_Black"
"11/16/2019","D2",40,"15:30","tank1","D2_C1","CW","control","yes","Black",231,1,"11/16/2019 15:30","week4","tank1_control_yes_11/16/2019 15:30",19.62703731,"tank1_control_yes_Black"
"11/16/2019","D2",40,"15:30","tank1","D2_C1","CNW","control","no","Black",225,0,"11/16/2019 15:30","week4","tank1_control_no_11/16/2019 15:30",19.57780449,"tank1_control_no_Black"
"11/17/2019","D3",40,"15:30","tank4","D3_H1","HW","heating","yes","Black",224,1,"11/17/2019 15:30","week4","tank4_heating_yes_11/17/2019 15:30",28.85240067,"tank4_heating_yes_Black"
"11/17/2019","D3",40,"15:30","tank4","D3_H1","HNW","heating","no","Black",245,0,"11/17/2019 15:30","week4","tank4_heating_no_11/17/2019 15:30",32.82806847,"tank4_heating_no_Black"
"11/17/2019","D3",40,"15:30","tank3","D3_H2","HW","heating","yes","Black",224,0,"11/17/2019 15:30","week4","tank3_heating_yes_11/17/2019 15:30",30.81077689,"tank3_heating_yes_Black"
"11/17/2019","D3",40,"15:30","tank3","D3_H2","HNW","heating","no","Black",222,0,"11/17/2019 15:30","week4","tank3_heating_no_11/17/2019 15:30",33.08158586,"tank3_heating_no_Black"
"11/17/2019","D3",40,"15:30","tank2","D3_C2","CW","control","yes","Black",225,-1,"11/17/2019 15:30","week4","tank2_control_yes_11/17/2019 15:30",20.22181253,"tank2_control_yes_Black"
"11/17/2019","D3",40,"15:30","tank2","D3_C2","CNW","control","no","Black",224,-1,"11/17/2019 15:30","week4","tank2_control_no_11/17/2019 15:30",21.1637892,"tank2_control_no_Black"
"11/17/2019","D3",40,"15:30","tank1","D3_C1","CW","control","yes","Black",230,0,"11/17/2019 15:30","week4","tank1_control_yes_11/17/2019 15:30",19.62703731,"tank1_control_yes_Black"
"11/17/2019","D3",40,"15:30","tank1","D3_C1","CNW","control","no","Black",225,0,"11/17/2019 15:30","week4","tank1_control_no_11/17/2019 15:30",19.57780449,"tank1_control_no_Black"
"11/18/2019","D4",40,"15:30","tank4","D4_H1","HW","heating","yes","Black",25,1,"11/18/2019 15:30","week4","tank4_heating_yes_11/18/2019 15:30",28.85240067,"tank4_heating_yes_Black"
"11/18/2019","D4",40,"15:30","tank4","D4_H1","HNW","heating","no","Black",50,0,"11/18/2019 15:30","week4","tank4_heating_no_11/18/2019 15:30",32.82806847,"tank4_heating_no_Black"
"11/18/2019","D4",40,"15:30","tank3","D4_H2","HW","heating","yes","Black",22,-1,"11/18/2019 15:30","week4","tank3_heating_yes_11/18/2019 15:30",30.81077689,"tank3_heating_yes_Black"
"11/18/2019","D4",40,"15:30","tank3","D4_H2","HNW","heating","no","Black",21,-11,"11/18/2019 15:30","week4","tank3_heating_no_11/18/2019 15:30",33.08158586,"tank3_heating_no_Black"
"11/18/2019","D4",40,"15:30","tank2","D4_C2","CW","control","yes","Black",23,-3,"11/18/2019 15:30","week4","tank2_control_yes_11/18/2019 15:30",20.22181253,"tank2_control_yes_Black"
"11/18/2019","D4",40,"15:30","tank2","D4_C2","CNW","control","no","Black",23,2,"11/18/2019 15:30","week4","tank2_control_no_11/18/2019 15:30",21.1637892,"tank2_control_no_Black"
"11/18/2019","D4",40,"15:30","tank1","D4_C1","CW","control","yes","Black",34,0,"11/18/2019 15:30","week4","tank1_control_yes_11/18/2019 15:30",19.62703731,"tank1_control_yes_Black"
"11/18/2019","D4",40,"15:30","tank1","D4_C1","CNW","control","no","Black",24,0,"11/18/2019 15:30","week4","tank1_control_no_11/18/2019 15:30",19.57780449,"tank1_control_no_Black"
"11/19/2019","D5",40,"15:30","tank4","D5_H1","HW","heating","yes","Black",24,1,"11/19/2019 15:30","week4","tank4_heating_yes_11/19/2019 15:30",30.08870868,"tank4_heating_yes_Black"
"11/19/2019","D5",40,"15:30","tank4","D5_H1","HNW","heating","no","Black",43,-2,"11/19/2019 15:30","week4","tank4_heating_no_11/19/2019 15:30",32.93368637,"tank4_heating_no_Black"
"11/19/2019","D5",40,"15:30","tank3","D5_H2","HW","heating","yes","Black",23,2,"11/19/2019 15:30","week4","tank3_heating_yes_11/19/2019 15:30",31.39783444,"tank3_heating_yes_Black"
"11/19/2019","D5",40,"15:30","tank3","D5_H2","HNW","heating","no","Black",18,-4,"11/19/2019 15:30","week4","tank3_heating_no_11/19/2019 15:30",34.83939535,"tank3_heating_no_Black"
"11/19/2019","D5",40,"15:30","tank2","D5_C2","CW","control","yes","Black",24,2,"11/19/2019 15:30","week4","tank2_control_yes_11/19/2019 15:30",20.63003397,"tank2_control_yes_Black"
"11/19/2019","D5",40,"15:30","tank2","D5_C2","CNW","control","no","Black",23,-2,"11/19/2019 15:30","week4","tank2_control_no_11/19/2019 15:30",21.06736369,"tank2_control_no_Black"
"11/19/2019","D5",40,"15:30","tank1","D5_C1","CW","control","yes","Black",30,1,"11/19/2019 15:30","week4","tank1_control_yes_11/19/2019 15:30",20.16555792,"tank1_control_yes_Black"
"11/19/2019","D5",40,"15:30","tank1","D5_C1","CNW","control","no","Black",24,0,"11/19/2019 15:30","week4","tank1_control_no_11/19/2019 15:30",19.74095992,"tank1_control_no_Black"
"11/15/2019","D1",40,"15:30","tank4","D1_H1","HW","heating","yes","White",222,2,"11/15/2019 15:30","week4","tank4_heating_yes_11/15/2019 15:30",28.22458801,"tank4_heating_yes_White"
"11/15/2019","D1",40,"15:30","tank4","D1_H1","HNW","heating","no","White",222,-1,"11/15/2019 15:30","week4","tank4_heating_no_11/15/2019 15:30",32.23276759,"tank4_heating_no_White"
"11/15/2019","D1",40,"15:30","tank3","D1_H2","HW","heating","yes","White",244,8,"11/15/2019 15:30","week4","tank3_heating_yes_11/15/2019 15:30",30.89739193,"tank3_heating_yes_White"
"11/15/2019","D1",40,"15:30","tank3","D1_H2","HNW","heating","no","White",227,-3,"11/15/2019 15:30","week4","tank3_heating_no_11/15/2019 15:30",34.62807399,"tank3_heating_no_White"
"11/15/2019","D1",40,"15:30","tank2","D1_C2","CW","control","yes","White",225,2,"11/15/2019 15:30","week4","tank2_control_yes_11/15/2019 15:30",19.71639551,"tank2_control_yes_White"
"11/15/2019","D1",40,"15:30","tank2","D1_C2","CNW","control","no","White",230,1,"11/15/2019 15:30","week4","tank2_control_no_11/15/2019 15:30",21.93519331,"tank2_control_no_White"
"11/15/2019","D1",40,"15:30","tank1","D1_C1","CW","control","yes","White",225,5,"11/15/2019 15:30","week4","tank1_control_yes_11/15/2019 15:30",19.20391397,"tank1_control_yes_White"
"11/15/2019","D1",40,"15:30","tank1","D1_C1","CNW","control","no","White",230,3,"11/15/2019 15:30","week4","tank1_control_no_11/15/2019 15:30",19.31867528,"tank1_control_no_White"
"11/16/2019","D2",40,"15:30","tank4","D2_H1","HW","heating","yes","White",222,1,"11/16/2019 15:30","week4","tank4_heating_yes_11/16/2019 15:30",28.85240067,"tank4_heating_yes_White"
"11/16/2019","D2",40,"15:30","tank4","D2_H1","HNW","heating","no","White",221,-2,"11/16/2019 15:30","week4","tank4_heating_no_11/16/2019 15:30",32.82806847,"tank4_heating_no_White"
"11/16/2019","D2",40,"15:30","tank3","D2_H2","HW","heating","yes","White",229,0,"11/16/2019 15:30","week4","tank3_heating_yes_11/16/2019 15:30",30.81077689,"tank3_heating_yes_White"
"11/16/2019","D2",40,"15:30","tank3","D2_H2","HNW","heating","no","White",229,-2,"11/16/2019 15:30","week4","tank3_heating_no_11/16/2019 15:30",33.08158586,"tank3_heating_no_White"
"11/16/2019","D2",40,"15:30","tank2","D2_C2","CW","control","yes","White",226,0,"11/16/2019 15:30","week4","tank2_control_yes_11/16/2019 15:30",20.22181253,"tank2_control_yes_White"
"11/16/2019","D2",40,"15:30","tank2","D2_C2","CNW","control","no","White",228,0,"11/16/2019 15:30","week4","tank2_control_no_11/16/2019 15:30",21.1637892,"tank2_control_no_White"
"11/16/2019","D2",40,"15:30","tank1","D2_C1","CW","control","yes","White",223,3,"11/16/2019 15:30","week4","tank1_control_yes_11/16/2019 15:30",19.62703731,"tank1_control_yes_White"
"11/16/2019","D2",40,"15:30","tank1","D2_C1","CNW","control","no","White",229,1,"11/16/2019 15:30","week4","tank1_control_no_11/16/2019 15:30",19.57780449,"tank1_control_no_White"
"11/17/2019","D3",40,"15:30","tank4","D3_H1","HW","heating","yes","White",222,0,"11/17/2019 15:30","week4","tank4_heating_yes_11/17/2019 15:30",28.85240067,"tank4_heating_yes_White"
"11/17/2019","D3",40,"15:30","tank4","D3_H1","HNW","heating","no","White",225,-3,"11/17/2019 15:30","week4","tank4_heating_no_11/17/2019 15:30",32.82806847,"tank4_heating_no_White"
"11/17/2019","D3",40,"15:30","tank3","D3_H2","HW","heating","yes","White",230,1,"11/17/2019 15:30","week4","tank3_heating_yes_11/17/2019 15:30",30.81077689,"tank3_heating_yes_White"
"11/17/2019","D3",40,"15:30","tank3","D3_H2","HNW","heating","no","White",227,-2,"11/17/2019 15:30","week4","tank3_heating_no_11/17/2019 15:30",33.08158586,"tank3_heating_no_White"
"11/17/2019","D3",40,"15:30","tank2","D3_C2","CW","control","yes","White",227,0,"11/17/2019 15:30","week4","tank2_control_yes_11/17/2019 15:30",20.22181253,"tank2_control_yes_White"
"11/17/2019","D3",40,"15:30","tank2","D3_C2","CNW","control","no","White",228,0,"11/17/2019 15:30","week4","tank2_control_no_11/17/2019 15:30",21.1637892,"tank2_control_no_White"
"11/17/2019","D3",40,"15:30","tank1","D3_C1","CW","control","yes","White",221,1,"11/17/2019 15:30","week4","tank1_control_yes_11/17/2019 15:30",19.62703731,"tank1_control_yes_White"
"11/17/2019","D3",40,"15:30","tank1","D3_C1","CNW","control","no","White",230,1,"11/17/2019 15:30","week4","tank1_control_no_11/17/2019 15:30",19.57780449,"tank1_control_no_White"
"11/18/2019","D4",40,"15:30","tank4","D4_H1","HW","heating","yes","White",23,2,"11/18/2019 15:30","week4","tank4_heating_yes_11/18/2019 15:30",28.85240067,"tank4_heating_yes_White"
"11/18/2019","D4",40,"15:30","tank4","D4_H1","HNW","heating","no","White",50,0,"11/18/2019 15:30","week4","tank4_heating_no_11/18/2019 15:30",32.82806847,"tank4_heating_no_White"
"11/18/2019","D4",40,"15:30","tank3","D4_H2","HW","heating","yes","White",40,9,"11/18/2019 15:30","week4","tank3_heating_yes_11/18/2019 15:30",30.81077689,"tank3_heating_yes_White"
"11/18/2019","D4",40,"15:30","tank3","D4_H2","HNW","heating","no","White",28,-2,"11/18/2019 15:30","week4","tank3_heating_no_11/18/2019 15:30",33.08158586,"tank3_heating_no_White"
"11/18/2019","D4",40,"15:30","tank2","D4_C2","CW","control","yes","White",25,-2,"11/18/2019 15:30","week4","tank2_control_yes_11/18/2019 15:30",20.22181253,"tank2_control_yes_White"
"11/18/2019","D4",40,"15:30","tank2","D4_C2","CNW","control","no","White",28,1,"11/18/2019 15:30","week4","tank2_control_no_11/18/2019 15:30",21.1637892,"tank2_control_no_White"
"11/18/2019","D4",40,"15:30","tank1","D4_C1","CW","control","yes","White",23,3,"11/18/2019 15:30","week4","tank1_control_yes_11/18/2019 15:30",19.62703731,"tank1_control_yes_White"
"11/18/2019","D4",40,"15:30","tank1","D4_C1","CNW","control","no","White",28,0,"11/18/2019 15:30","week4","tank1_control_no_11/18/2019 15:30",19.57780449,"tank1_control_no_White"
"11/19/2019","D5",40,"15:30","tank4","D5_H1","HW","heating","yes","White",23,2,"11/19/2019 15:30","week4","tank4_heating_yes_11/19/2019 15:30",30.08870868,"tank4_heating_yes_White"
"11/19/2019","D5",40,"15:30","tank4","D5_H1","HNW","heating","no","White",38,-5,"11/19/2019 15:30","week4","tank4_heating_no_11/19/2019 15:30",32.93368637,"tank4_heating_no_White"
"11/19/2019","D5",40,"15:30","tank3","D5_H2","HW","heating","yes","White",33,7,"11/19/2019 15:30","week4","tank3_heating_yes_11/19/2019 15:30",31.39783444,"tank3_heating_yes_White"
"11/19/2019","D5",40,"15:30","tank3","D5_H2","HNW","heating","no","White",26,-2,"11/19/2019 15:30","week4","tank3_heating_no_11/19/2019 15:30",34.83939535,"tank3_heating_no_White"
"11/19/2019","D5",40,"15:30","tank2","D5_C2","CW","control","yes","White",23,0,"11/19/2019 15:30","week4","tank2_control_yes_11/19/2019 15:30",20.63003397,"tank2_control_yes_White"
"11/19/2019","D5",40,"15:30","tank2","D5_C2","CNW","control","no","White",28,1,"11/19/2019 15:30","week4","tank2_control_no_11/19/2019 15:30",21.06736369,"tank2_control_no_White"
"11/19/2019","D5",40,"15:30","tank1","D5_C1","CW","control","yes","White",19,3,"11/19/2019 15:30","week4","tank1_control_yes_11/19/2019 15:30",20.16555792,"tank1_control_yes_White"
"11/19/2019","D5",40,"15:30","tank1","D5_C1","CNW","control","no","White",30,-3,"11/19/2019 15:30","week4","tank1_control_no_11/19/2019 15:30",19.74095992,"tank1_control_no_White"
"11/15/2019","D1",40,"17:30","tank4","D1_H1","HW","heating","yes","Red",226,1,"11/15/2019 17:30","week4","tank4_heating_yes_11/15/2019 17:30",21.09649965,"tank4_heating_yes_Red"
"11/15/2019","D1",40,"17:30","tank4","D1_H1","HNW","heating","no","Red",246,5,"11/15/2019 17:30","week4","tank4_heating_no_11/15/2019 17:30",20.97966059,"tank4_heating_no_Red"
"11/15/2019","D1",40,"17:30","tank3","D1_H2","HW","heating","yes","Red",224,-6,"11/15/2019 17:30","week4","tank3_heating_yes_11/15/2019 17:30",22.697834,"tank3_heating_yes_Red"
"11/15/2019","D1",40,"17:30","tank3","D1_H2","HNW","heating","no","Red",230,0,"11/15/2019 17:30","week4","tank3_heating_no_11/15/2019 17:30",21.13232354,"tank3_heating_no_Red"
"11/15/2019","D1",40,"17:30","tank2","D1_C2","CW","control","yes","Red",226,1,"11/15/2019 17:30","week4","tank2_control_yes_11/15/2019 17:30",19.25957628,"tank2_control_yes_Red"
"11/15/2019","D1",40,"17:30","tank2","D1_C2","CNW","control","no","Red",228,1,"11/15/2019 17:30","week4","tank2_control_no_11/15/2019 17:30",19.24492149,"tank2_control_no_Red"
"11/15/2019","D1",40,"17:30","tank1","D1_C1","CW","control","yes","Red",229,0,"11/15/2019 17:30","week4","tank1_control_yes_11/15/2019 17:30",18.85772214,"tank1_control_yes_Red"
"11/15/2019","D1",40,"17:30","tank1","D1_C1","CNW","control","no","Red",225,-1,"11/15/2019 17:30","week4","tank1_control_no_11/15/2019 17:30",18.36853483,"tank1_control_no_Red"
"11/16/2019","D2",40,"17:30","tank4","D2_H1","HW","heating","yes","Red",228,-1,"11/16/2019 17:30","week4","tank4_heating_yes_11/16/2019 17:30",21.56011516,"tank4_heating_yes_Red"
"11/16/2019","D2",40,"17:30","tank4","D2_H1","HNW","heating","no","Red",250,0,"11/16/2019 17:30","week4","tank4_heating_no_11/16/2019 17:30",21.49814845,"tank4_heating_no_Red"
"11/16/2019","D2",40,"17:30","tank3","D2_H2","HW","heating","yes","Red",228,-1,"11/16/2019 17:30","week4","tank3_heating_yes_11/16/2019 17:30",23.12128535,"tank3_heating_yes_Red"
"11/16/2019","D2",40,"17:30","tank3","D2_H2","HNW","heating","no","Red",231,1,"11/16/2019 17:30","week4","tank3_heating_no_11/16/2019 17:30",21.50693868,"tank3_heating_no_Red"
"11/16/2019","D2",40,"17:30","tank2","D2_C2","CW","control","yes","Red",230,0,"11/16/2019 17:30","week4","tank2_control_yes_11/16/2019 17:30",19.79415197,"tank2_control_yes_Red"
"11/16/2019","D2",40,"17:30","tank2","D2_C2","CNW","control","no","Red",225,-2,"11/16/2019 17:30","week4","tank2_control_no_11/16/2019 17:30",19.74633416,"tank2_control_no_Red"
"11/16/2019","D2",40,"17:30","tank1","D2_C1","CW","control","yes","Red",233,3,"11/16/2019 17:30","week4","tank1_control_yes_11/16/2019 17:30",19.44432495,"tank1_control_yes_Red"
"11/16/2019","D2",40,"17:30","tank1","D2_C1","CNW","control","no","Red",225,-1,"11/16/2019 17:30","week4","tank1_control_no_11/16/2019 17:30",18.8675985,"tank1_control_no_Red"
"11/17/2019","D3",40,"17:30","tank4","D3_H1","HW","heating","yes","Red",229,0,"11/17/2019 17:30","week4","tank4_heating_yes_11/17/2019 17:30",21.56011516,"tank4_heating_yes_Red"
"11/17/2019","D3",40,"17:30","tank4","D3_H1","HNW","heating","no","Red",NA,NA,"11/17/2019 17:30","week4","tank4_heating_no_11/17/2019 17:30",21.49814845,"tank4_heating_no_Red"
"11/17/2019","D3",40,"17:30","tank3","D3_H2","HW","heating","yes","Red",231,2,"11/17/2019 17:30","week4","tank3_heating_yes_11/17/2019 17:30",23.12128535,"tank3_heating_yes_Red"
"11/17/2019","D3",40,"17:30","tank3","D3_H2","HNW","heating","no","Red",232,4,"11/17/2019 17:30","week4","tank3_heating_no_11/17/2019 17:30",21.50693868,"tank3_heating_no_Red"
"11/17/2019","D3",40,"17:30","tank2","D3_C2","CW","control","yes","Red",230,2,"11/17/2019 17:30","week4","tank2_control_yes_11/17/2019 17:30",19.79415197,"tank2_control_yes_Red"
"11/17/2019","D3",40,"17:30","tank2","D3_C2","CNW","control","no","Red",225,-3,"11/17/2019 17:30","week4","tank2_control_no_11/17/2019 17:30",19.74633416,"tank2_control_no_Red"
"11/17/2019","D3",40,"17:30","tank1","D3_C1","CW","control","yes","Red",231,1,"11/17/2019 17:30","week4","tank1_control_yes_11/17/2019 17:30",19.44432495,"tank1_control_yes_Red"
"11/17/2019","D3",40,"17:30","tank1","D3_C1","CNW","control","no","Red",225,0,"11/17/2019 17:30","week4","tank1_control_no_11/17/2019 17:30",18.8675985,"tank1_control_no_Red"
"11/18/2019","D4",40,"17:30","tank4","D4_H1","HW","heating","yes","Red",27,0,"11/18/2019 17:30","week4","tank4_heating_yes_11/18/2019 17:30",21.56011516,"tank4_heating_yes_Red"
"11/18/2019","D4",40,"17:30","tank4","D4_H1","HNW","heating","no","Red",NA,NA,"11/18/2019 17:30","week4","tank4_heating_no_11/18/2019 17:30",21.49814845,"tank4_heating_no_Red"
"11/18/2019","D4",40,"17:30","tank3","D4_H2","HW","heating","yes","Red",28,1,"11/18/2019 17:30","week4","tank3_heating_yes_11/18/2019 17:30",23.12128535,"tank3_heating_yes_Red"
"11/18/2019","D4",40,"17:30","tank3","D4_H2","HNW","heating","no","Red",33,2,"11/18/2019 17:30","week4","tank3_heating_no_11/18/2019 17:30",21.50693868,"tank3_heating_no_Red"
"11/18/2019","D4",40,"17:30","tank2","D4_C2","CW","control","yes","Red",27,1,"11/18/2019 17:30","week4","tank2_control_yes_11/18/2019 17:30",19.79415197,"tank2_control_yes_Red"
"11/18/2019","D4",40,"17:30","tank2","D4_C2","CNW","control","no","Red",24,-1,"11/18/2019 17:30","week4","tank2_control_no_11/18/2019 17:30",19.74633416,"tank2_control_no_Red"
"11/18/2019","D4",40,"17:30","tank1","D4_C1","CW","control","yes","Red",32,4,"11/18/2019 17:30","week4","tank1_control_yes_11/18/2019 17:30",19.44432495,"tank1_control_yes_Red"
"11/18/2019","D4",40,"17:30","tank1","D4_C1","CNW","control","no","Red",25,0,"11/18/2019 17:30","week4","tank1_control_no_11/18/2019 17:30",18.8675985,"tank1_control_no_Red"
"11/19/2019","D5",40,"17:30","tank4","D5_H1","HW","heating","yes","Red",32,7,"11/19/2019 17:30","week4","tank4_heating_yes_11/19/2019 17:30",22.04304797,"tank4_heating_yes_Red"
"11/19/2019","D5",40,"17:30","tank4","D5_H1","HNW","heating","no","Red",NA,NA,"11/19/2019 17:30","week4","tank4_heating_no_11/19/2019 17:30",21.85340866,"tank4_heating_no_Red"
"11/19/2019","D5",40,"17:30","tank3","D5_H2","HW","heating","yes","Red",28,2,"11/19/2019 17:30","week4","tank3_heating_yes_11/19/2019 17:30",23.81420574,"tank3_heating_yes_Red"
"11/19/2019","D5",40,"17:30","tank3","D5_H2","HNW","heating","no","Red",33,3,"11/19/2019 17:30","week4","tank3_heating_no_11/19/2019 17:30",22.22735241,"tank3_heating_no_Red"
"11/19/2019","D5",40,"17:30","tank2","D5_C2","CW","control","yes","Red",29,3,"11/19/2019 17:30","week4","tank2_control_yes_11/19/2019 17:30",20.21209297,"tank2_control_yes_Red"
"11/19/2019","D5",40,"17:30","tank2","D5_C2","CNW","control","no","Red",25,0,"11/19/2019 17:30","week4","tank2_control_no_11/19/2019 17:30",20.18024897,"tank2_control_no_Red"
"11/19/2019","D5",40,"17:30","tank1","D5_C1","CW","control","yes","Red",30,5,"11/19/2019 17:30","week4","tank1_control_yes_11/19/2019 17:30",19.95399625,"tank1_control_yes_Red"
"11/19/2019","D5",40,"17:30","tank1","D5_C1","CNW","control","no","Red",25,0,"11/19/2019 17:30","week4","tank1_control_no_11/19/2019 17:30",19.40505168,"tank1_control_no_Red"
"11/15/2019","D1",40,"17:30","tank4","D1_H1","HW","heating","yes","Yellow",225,1,"11/15/2019 17:30","week4","tank4_heating_yes_11/15/2019 17:30",21.09649965,"tank4_heating_yes_Yellow"
"11/15/2019","D1",40,"17:30","tank4","D1_H1","HNW","heating","no","Yellow",232,-1,"11/15/2019 17:30","week4","tank4_heating_no_11/15/2019 17:30",20.97966059,"tank4_heating_no_Yellow"
"11/15/2019","D1",40,"17:30","tank3","D1_H2","HW","heating","yes","Yellow",240,5,"11/15/2019 17:30","week4","tank3_heating_yes_11/15/2019 17:30",22.697834,"tank3_heating_yes_Yellow"
"11/15/2019","D1",40,"17:30","tank3","D1_H2","HNW","heating","no","Yellow",227,0,"11/15/2019 17:30","week4","tank3_heating_no_11/15/2019 17:30",21.13232354,"tank3_heating_no_Yellow"
"11/15/2019","D1",40,"17:30","tank2","D1_C2","CW","control","yes","Yellow",227,1,"11/15/2019 17:30","week4","tank2_control_yes_11/15/2019 17:30",19.25957628,"tank2_control_yes_Yellow"
"11/15/2019","D1",40,"17:30","tank2","D1_C2","CNW","control","no","Yellow",224,1,"11/15/2019 17:30","week4","tank2_control_no_11/15/2019 17:30",19.24492149,"tank2_control_no_Yellow"
"11/15/2019","D1",40,"17:30","tank1","D1_C1","CW","control","yes","Yellow",228,-1,"11/15/2019 17:30","week4","tank1_control_yes_11/15/2019 17:30",18.85772214,"tank1_control_yes_Yellow"
"11/15/2019","D1",40,"17:30","tank1","D1_C1","CNW","control","no","Yellow",225,1,"11/15/2019 17:30","week4","tank1_control_no_11/15/2019 17:30",18.36853483,"tank1_control_no_Yellow"
"11/16/2019","D2",40,"17:30","tank4","D2_H1","HW","heating","yes","Yellow",226,1,"11/16/2019 17:30","week4","tank4_heating_yes_11/16/2019 17:30",21.56011516,"tank4_heating_yes_Yellow"
"11/16/2019","D2",40,"17:30","tank4","D2_H1","HNW","heating","no","Yellow",230,-1,"11/16/2019 17:30","week4","tank4_heating_no_11/16/2019 17:30",21.49814845,"tank4_heating_no_Yellow"
"11/16/2019","D2",40,"17:30","tank3","D2_H2","HW","heating","yes","Yellow",247,-3,"11/16/2019 17:30","week4","tank3_heating_yes_11/16/2019 17:30",23.12128535,"tank3_heating_yes_Yellow"
"11/16/2019","D2",40,"17:30","tank3","D2_H2","HNW","heating","no","Yellow",225,-1,"11/16/2019 17:30","week4","tank3_heating_no_11/16/2019 17:30",21.50693868,"tank3_heating_no_Yellow"
"11/16/2019","D2",40,"17:30","tank2","D2_C2","CW","control","yes","Yellow",226,-1,"11/16/2019 17:30","week4","tank2_control_yes_11/16/2019 17:30",19.79415197,"tank2_control_yes_Yellow"
"11/16/2019","D2",40,"17:30","tank2","D2_C2","CNW","control","no","Yellow",224,0,"11/16/2019 17:30","week4","tank2_control_no_11/16/2019 17:30",19.74633416,"tank2_control_no_Yellow"
"11/16/2019","D2",40,"17:30","tank1","D2_C1","CW","control","yes","Yellow",226,-2,"11/16/2019 17:30","week4","tank1_control_yes_11/16/2019 17:30",19.44432495,"tank1_control_yes_Yellow"
"11/16/2019","D2",40,"17:30","tank1","D2_C1","CNW","control","no","Yellow",225,0,"11/16/2019 17:30","week4","tank1_control_no_11/16/2019 17:30",18.8675985,"tank1_control_no_Yellow"
"11/17/2019","D3",40,"17:30","tank4","D3_H1","HW","heating","yes","Yellow",226,1,"11/17/2019 17:30","week4","tank4_heating_yes_11/17/2019 17:30",21.56011516,"tank4_heating_yes_Yellow"
"11/17/2019","D3",40,"17:30","tank4","D3_H1","HNW","heating","no","Yellow",231,-1,"11/17/2019 17:30","week4","tank4_heating_no_11/17/2019 17:30",21.49814845,"tank4_heating_no_Yellow"
"11/17/2019","D3",40,"17:30","tank3","D3_H2","HW","heating","yes","Yellow",250,6,"11/17/2019 17:30","week4","tank3_heating_yes_11/17/2019 17:30",23.12128535,"tank3_heating_yes_Yellow"
"11/17/2019","D3",40,"17:30","tank3","D3_H2","HNW","heating","no","Yellow",227,2,"11/17/2019 17:30","week4","tank3_heating_no_11/17/2019 17:30",21.50693868,"tank3_heating_no_Yellow"
"11/17/2019","D3",40,"17:30","tank2","D3_C2","CW","control","yes","Yellow",225,-1,"11/17/2019 17:30","week4","tank2_control_yes_11/17/2019 17:30",19.79415197,"tank2_control_yes_Yellow"
"11/17/2019","D3",40,"17:30","tank2","D3_C2","CNW","control","no","Yellow",223,0,"11/17/2019 17:30","week4","tank2_control_no_11/17/2019 17:30",19.74633416,"tank2_control_no_Yellow"
"11/17/2019","D3",40,"17:30","tank1","D3_C1","CW","control","yes","Yellow",226,0,"11/17/2019 17:30","week4","tank1_control_yes_11/17/2019 17:30",19.44432495,"tank1_control_yes_Yellow"
"11/17/2019","D3",40,"17:30","tank1","D3_C1","CNW","control","no","Yellow",225,1,"11/17/2019 17:30","week4","tank1_control_no_11/17/2019 17:30",18.8675985,"tank1_control_no_Yellow"
"11/18/2019","D4",40,"17:30","tank4","D4_H1","HW","heating","yes","Yellow",25,-1,"11/18/2019 17:30","week4","tank4_heating_yes_11/18/2019 17:30",21.56011516,"tank4_heating_yes_Yellow"
"11/18/2019","D4",40,"17:30","tank4","D4_H1","HNW","heating","no","Yellow",28,-5,"11/18/2019 17:30","week4","tank4_heating_no_11/18/2019 17:30",21.49814845,"tank4_heating_no_Yellow"
"11/18/2019","D4",40,"17:30","tank3","D4_H2","HW","heating","yes","Yellow",50,0,"11/18/2019 17:30","week4","tank3_heating_yes_11/18/2019 17:30",23.12128535,"tank3_heating_yes_Yellow"
"11/18/2019","D4",40,"17:30","tank3","D4_H2","HNW","heating","no","Yellow",26,1,"11/18/2019 17:30","week4","tank3_heating_no_11/18/2019 17:30",21.50693868,"tank3_heating_no_Yellow"
"11/18/2019","D4",40,"17:30","tank2","D4_C2","CW","control","yes","Yellow",27,0,"11/18/2019 17:30","week4","tank2_control_yes_11/18/2019 17:30",19.79415197,"tank2_control_yes_Yellow"
"11/18/2019","D4",40,"17:30","tank2","D4_C2","CNW","control","no","Yellow",23,0,"11/18/2019 17:30","week4","tank2_control_no_11/18/2019 17:30",19.74633416,"tank2_control_no_Yellow"
"11/18/2019","D4",40,"17:30","tank1","D4_C1","CW","control","yes","Yellow",24,-1,"11/18/2019 17:30","week4","tank1_control_yes_11/18/2019 17:30",19.44432495,"tank1_control_yes_Yellow"
"11/18/2019","D4",40,"17:30","tank1","D4_C1","CNW","control","no","Yellow",25,1,"11/18/2019 17:30","week4","tank1_control_no_11/18/2019 17:30",18.8675985,"tank1_control_no_Yellow"
"11/19/2019","D5",40,"17:30","tank4","D5_H1","HW","heating","yes","Yellow",24,0,"11/19/2019 17:30","week4","tank4_heating_yes_11/19/2019 17:30",22.04304797,"tank4_heating_yes_Yellow"
"11/19/2019","D5",40,"17:30","tank4","D5_H1","HNW","heating","no","Yellow",29,2,"11/19/2019 17:30","week4","tank4_heating_no_11/19/2019 17:30",21.85340866,"tank4_heating_no_Yellow"
"11/19/2019","D5",40,"17:30","tank3","D5_H2","HW","heating","yes","Yellow",50,0,"11/19/2019 17:30","week4","tank3_heating_yes_11/19/2019 17:30",23.81420574,"tank3_heating_yes_Yellow"
"11/19/2019","D5",40,"17:30","tank3","D5_H2","HNW","heating","no","Yellow",28,4,"11/19/2019 17:30","week4","tank3_heating_no_11/19/2019 17:30",22.22735241,"tank3_heating_no_Yellow"
"11/19/2019","D5",40,"17:30","tank2","D5_C2","CW","control","yes","Yellow",28,2,"11/19/2019 17:30","week4","tank2_control_yes_11/19/2019 17:30",20.21209297,"tank2_control_yes_Yellow"
"11/19/2019","D5",40,"17:30","tank2","D5_C2","CNW","control","no","Yellow",23,0,"11/19/2019 17:30","week4","tank2_control_no_11/19/2019 17:30",20.18024897,"tank2_control_no_Yellow"
"11/19/2019","D5",40,"17:30","tank1","D5_C1","CW","control","yes","Yellow",24,0,"11/19/2019 17:30","week4","tank1_control_yes_11/19/2019 17:30",19.95399625,"tank1_control_yes_Yellow"
"11/19/2019","D5",40,"17:30","tank1","D5_C1","CNW","control","no","Yellow",25,0,"11/19/2019 17:30","week4","tank1_control_no_11/19/2019 17:30",19.40505168,"tank1_control_no_Yellow"
"11/15/2019","D1",40,"17:30","tank4","D1_H1","HW","heating","yes","Black",223,0,"11/15/2019 17:30","week4","tank4_heating_yes_11/15/2019 17:30",21.09649965,"tank4_heating_yes_Black"
"11/15/2019","D1",40,"17:30","tank4","D1_H1","HNW","heating","no","Black",228,1,"11/15/2019 17:30","week4","tank4_heating_no_11/15/2019 17:30",20.97966059,"tank4_heating_no_Black"
"11/15/2019","D1",40,"17:30","tank3","D1_H2","HW","heating","yes","Black",222,-1,"11/15/2019 17:30","week4","tank3_heating_yes_11/15/2019 17:30",22.697834,"tank3_heating_yes_Black"
"11/15/2019","D1",40,"17:30","tank3","D1_H2","HNW","heating","no","Black",224,-1,"11/15/2019 17:30","week4","tank3_heating_no_11/15/2019 17:30",21.13232354,"tank3_heating_no_Black"
"11/15/2019","D1",40,"17:30","tank2","D1_C2","CW","control","yes","Black",226,2,"11/15/2019 17:30","week4","tank2_control_yes_11/15/2019 17:30",19.25957628,"tank2_control_yes_Black"
"11/15/2019","D1",40,"17:30","tank2","D1_C2","CNW","control","no","Black",224,-1,"11/15/2019 17:30","week4","tank2_control_no_11/15/2019 17:30",19.24492149,"tank2_control_no_Black"
"11/15/2019","D1",40,"17:30","tank1","D1_C1","CW","control","yes","Black",231,1,"11/15/2019 17:30","week4","tank1_control_yes_11/15/2019 17:30",18.85772214,"tank1_control_yes_Black"
"11/15/2019","D1",40,"17:30","tank1","D1_C1","CNW","control","no","Black",228,0,"11/15/2019 17:30","week4","tank1_control_no_11/15/2019 17:30",18.36853483,"tank1_control_no_Black"
"11/16/2019","D2",40,"17:30","tank4","D2_H1","HW","heating","yes","Black",224,1,"11/16/2019 17:30","week4","tank4_heating_yes_11/16/2019 17:30",21.56011516,"tank4_heating_yes_Black"
"11/16/2019","D2",40,"17:30","tank4","D2_H1","HNW","heating","no","Black",248,21,"11/16/2019 17:30","week4","tank4_heating_no_11/16/2019 17:30",21.49814845,"tank4_heating_no_Black"
"11/16/2019","D2",40,"17:30","tank3","D2_H2","HW","heating","yes","Black",224,1,"11/16/2019 17:30","week4","tank3_heating_yes_11/16/2019 17:30",23.12128535,"tank3_heating_yes_Black"
"11/16/2019","D2",40,"17:30","tank3","D2_H2","HNW","heating","no","Black",230,7,"11/16/2019 17:30","week4","tank3_heating_no_11/16/2019 17:30",21.50693868,"tank3_heating_no_Black"
"11/16/2019","D2",40,"17:30","tank2","D2_C2","CW","control","yes","Black",225,0,"11/16/2019 17:30","week4","tank2_control_yes_11/16/2019 17:30",19.79415197,"tank2_control_yes_Black"
"11/16/2019","D2",40,"17:30","tank2","D2_C2","CNW","control","no","Black",225,5,"11/16/2019 17:30","week4","tank2_control_no_11/16/2019 17:30",19.74633416,"tank2_control_no_Black"
"11/16/2019","D2",40,"17:30","tank1","D2_C1","CW","control","yes","Black",229,-1,"11/16/2019 17:30","week4","tank1_control_yes_11/16/2019 17:30",19.44432495,"tank1_control_yes_Black"
"11/16/2019","D2",40,"17:30","tank1","D2_C1","CNW","control","no","Black",225,0,"11/16/2019 17:30","week4","tank1_control_no_11/16/2019 17:30",18.8675985,"tank1_control_no_Black"
"11/17/2019","D3",40,"17:30","tank4","D3_H1","HW","heating","yes","Black",224,1,"11/17/2019 17:30","week4","tank4_heating_yes_11/17/2019 17:30",21.56011516,"tank4_heating_yes_Black"
"11/17/2019","D3",40,"17:30","tank4","D3_H1","HNW","heating","no","Black",246,1,"11/17/2019 17:30","week4","tank4_heating_no_11/17/2019 17:30",21.49814845,"tank4_heating_no_Black"
"11/17/2019","D3",40,"17:30","tank3","D3_H2","HW","heating","yes","Black",226,2,"11/17/2019 17:30","week4","tank3_heating_yes_11/17/2019 17:30",23.12128535,"tank3_heating_yes_Black"
"11/17/2019","D3",40,"17:30","tank3","D3_H2","HNW","heating","no","Black",250,28,"11/17/2019 17:30","week4","tank3_heating_no_11/17/2019 17:30",21.50693868,"tank3_heating_no_Black"
"11/17/2019","D3",40,"17:30","tank2","D3_C2","CW","control","yes","Black",226,0,"11/17/2019 17:30","week4","tank2_control_yes_11/17/2019 17:30",19.79415197,"tank2_control_yes_Black"
"11/17/2019","D3",40,"17:30","tank2","D3_C2","CNW","control","no","Black",225,0,"11/17/2019 17:30","week4","tank2_control_no_11/17/2019 17:30",19.74633416,"tank2_control_no_Black"
"11/17/2019","D3",40,"17:30","tank1","D3_C1","CW","control","yes","Black",231,1,"11/17/2019 17:30","week4","tank1_control_yes_11/17/2019 17:30",19.44432495,"tank1_control_yes_Black"
"11/17/2019","D3",40,"17:30","tank1","D3_C1","CNW","control","no","Black",224,-1,"11/17/2019 17:30","week4","tank1_control_no_11/17/2019 17:30",18.8675985,"tank1_control_no_Black"
"11/18/2019","D4",40,"17:30","tank4","D4_H1","HW","heating","yes","Black",25,1,"11/18/2019 17:30","week4","tank4_heating_yes_11/18/2019 17:30",21.56011516,"tank4_heating_yes_Black"
"11/18/2019","D4",40,"17:30","tank4","D4_H1","HNW","heating","no","Black",50,0,"11/18/2019 17:30","week4","tank4_heating_no_11/18/2019 17:30",21.49814845,"tank4_heating_no_Black"
"11/18/2019","D4",40,"17:30","tank3","D4_H2","HW","heating","yes","Black",24,1,"11/18/2019 17:30","week4","tank3_heating_yes_11/18/2019 17:30",23.12128535,"tank3_heating_yes_Black"
"11/18/2019","D4",40,"17:30","tank3","D4_H2","HNW","heating","no","Black",46,14,"11/18/2019 17:30","week4","tank3_heating_no_11/18/2019 17:30",21.50693868,"tank3_heating_no_Black"
"11/18/2019","D4",40,"17:30","tank2","D4_C2","CW","control","yes","Black",24,-2,"11/18/2019 17:30","week4","tank2_control_yes_11/18/2019 17:30",19.79415197,"tank2_control_yes_Black"
"11/18/2019","D4",40,"17:30","tank2","D4_C2","CNW","control","no","Black",24,3,"11/18/2019 17:30","week4","tank2_control_no_11/18/2019 17:30",19.74633416,"tank2_control_no_Black"
"11/18/2019","D4",40,"17:30","tank1","D4_C1","CW","control","yes","Black",35,1,"11/18/2019 17:30","week4","tank1_control_yes_11/18/2019 17:30",19.44432495,"tank1_control_yes_Black"
"11/18/2019","D4",40,"17:30","tank1","D4_C1","CNW","control","no","Black",25,1,"11/18/2019 17:30","week4","tank1_control_no_11/18/2019 17:30",18.8675985,"tank1_control_no_Black"
"11/19/2019","D5",40,"17:30","tank4","D5_H1","HW","heating","yes","Black",23,0,"11/19/2019 17:30","week4","tank4_heating_yes_11/19/2019 17:30",22.04304797,"tank4_heating_yes_Black"
"11/19/2019","D5",40,"17:30","tank4","D5_H1","HNW","heating","no","Black",50,5,"11/19/2019 17:30","week4","tank4_heating_no_11/19/2019 17:30",21.85340866,"tank4_heating_no_Black"
"11/19/2019","D5",40,"17:30","tank3","D5_H2","HW","heating","yes","Black",23,2,"11/19/2019 17:30","week4","tank3_heating_yes_11/19/2019 17:30",23.81420574,"tank3_heating_yes_Black"
"11/19/2019","D5",40,"17:30","tank3","D5_H2","HNW","heating","no","Black",41,19,"11/19/2019 17:30","week4","tank3_heating_no_11/19/2019 17:30",22.22735241,"tank3_heating_no_Black"
"11/19/2019","D5",40,"17:30","tank2","D5_C2","CW","control","yes","Black",25,3,"11/19/2019 17:30","week4","tank2_control_yes_11/19/2019 17:30",20.21209297,"tank2_control_yes_Black"
"11/19/2019","D5",40,"17:30","tank2","D5_C2","CNW","control","no","Black",25,0,"11/19/2019 17:30","week4","tank2_control_no_11/19/2019 17:30",20.18024897,"tank2_control_no_Black"
"11/19/2019","D5",40,"17:30","tank1","D5_C1","CW","control","yes","Black",31,2,"11/19/2019 17:30","week4","tank1_control_yes_11/19/2019 17:30",19.95399625,"tank1_control_yes_Black"
"11/19/2019","D5",40,"17:30","tank1","D5_C1","CNW","control","no","Black",26,2,"11/19/2019 17:30","week4","tank1_control_no_11/19/2019 17:30",19.40505168,"tank1_control_no_Black"
"11/15/2019","D1",40,"17:30","tank4","D1_H1","HW","heating","yes","White",220,0,"11/15/2019 17:30","week4","tank4_heating_yes_11/15/2019 17:30",21.09649965,"tank4_heating_yes_White"
"11/15/2019","D1",40,"17:30","tank4","D1_H1","HNW","heating","no","White",222,-1,"11/15/2019 17:30","week4","tank4_heating_no_11/15/2019 17:30",20.97966059,"tank4_heating_no_White"
"11/15/2019","D1",40,"17:30","tank3","D1_H2","HW","heating","yes","White",226,-10,"11/15/2019 17:30","week4","tank3_heating_yes_11/15/2019 17:30",22.697834,"tank3_heating_yes_White"
"11/15/2019","D1",40,"17:30","tank3","D1_H2","HNW","heating","no","White",229,-1,"11/15/2019 17:30","week4","tank3_heating_no_11/15/2019 17:30",21.13232354,"tank3_heating_no_White"
"11/15/2019","D1",40,"17:30","tank2","D1_C2","CW","control","yes","White",226,3,"11/15/2019 17:30","week4","tank2_control_yes_11/15/2019 17:30",19.25957628,"tank2_control_yes_White"
"11/15/2019","D1",40,"17:30","tank2","D1_C2","CNW","control","no","White",228,-1,"11/15/2019 17:30","week4","tank2_control_no_11/15/2019 17:30",19.24492149,"tank2_control_no_White"
"11/15/2019","D1",40,"17:30","tank1","D1_C1","CW","control","yes","White",226,6,"11/15/2019 17:30","week4","tank1_control_yes_11/15/2019 17:30",18.85772214,"tank1_control_yes_White"
"11/15/2019","D1",40,"17:30","tank1","D1_C1","CNW","control","no","White",229,2,"11/15/2019 17:30","week4","tank1_control_no_11/15/2019 17:30",18.36853483,"tank1_control_no_White"
"11/16/2019","D2",40,"17:30","tank4","D2_H1","HW","heating","yes","White",221,0,"11/16/2019 17:30","week4","tank4_heating_yes_11/16/2019 17:30",21.56011516,"tank4_heating_yes_White"
"11/16/2019","D2",40,"17:30","tank4","D2_H1","HNW","heating","no","White",224,1,"11/16/2019 17:30","week4","tank4_heating_no_11/16/2019 17:30",21.49814845,"tank4_heating_no_White"
"11/16/2019","D2",40,"17:30","tank3","D2_H2","HW","heating","yes","White",229,0,"11/16/2019 17:30","week4","tank3_heating_yes_11/16/2019 17:30",23.12128535,"tank3_heating_yes_White"
"11/16/2019","D2",40,"17:30","tank3","D2_H2","HNW","heating","no","White",231,0,"11/16/2019 17:30","week4","tank3_heating_no_11/16/2019 17:30",21.50693868,"tank3_heating_no_White"
"11/16/2019","D2",40,"17:30","tank2","D2_C2","CW","control","yes","White",227,1,"11/16/2019 17:30","week4","tank2_control_yes_11/16/2019 17:30",19.79415197,"tank2_control_yes_White"
"11/16/2019","D2",40,"17:30","tank2","D2_C2","CNW","control","no","White",229,1,"11/16/2019 17:30","week4","tank2_control_no_11/16/2019 17:30",19.74633416,"tank2_control_no_White"
"11/16/2019","D2",40,"17:30","tank1","D2_C1","CW","control","yes","White",222,2,"11/16/2019 17:30","week4","tank1_control_yes_11/16/2019 17:30",19.44432495,"tank1_control_yes_White"
"11/16/2019","D2",40,"17:30","tank1","D2_C1","CNW","control","no","White",228,0,"11/16/2019 17:30","week4","tank1_control_no_11/16/2019 17:30",18.8675985,"tank1_control_no_White"
"11/17/2019","D3",40,"17:30","tank4","D3_H1","HW","heating","yes","White",222,0,"11/17/2019 17:30","week4","tank4_heating_yes_11/17/2019 17:30",21.56011516,"tank4_heating_yes_White"
"11/17/2019","D3",40,"17:30","tank4","D3_H1","HNW","heating","no","White",228,0,"11/17/2019 17:30","week4","tank4_heating_no_11/17/2019 17:30",21.49814845,"tank4_heating_no_White"
"11/17/2019","D3",40,"17:30","tank3","D3_H2","HW","heating","yes","White",229,0,"11/17/2019 17:30","week4","tank3_heating_yes_11/17/2019 17:30",23.12128535,"tank3_heating_yes_White"
"11/17/2019","D3",40,"17:30","tank3","D3_H2","HNW","heating","no","White",230,1,"11/17/2019 17:30","week4","tank3_heating_no_11/17/2019 17:30",21.50693868,"tank3_heating_no_White"
"11/17/2019","D3",40,"17:30","tank2","D3_C2","CW","control","yes","White",226,-1,"11/17/2019 17:30","week4","tank2_control_yes_11/17/2019 17:30",19.79415197,"tank2_control_yes_White"
"11/17/2019","D3",40,"17:30","tank2","D3_C2","CNW","control","no","White",229,1,"11/17/2019 17:30","week4","tank2_control_no_11/17/2019 17:30",19.74633416,"tank2_control_no_White"
"11/17/2019","D3",40,"17:30","tank1","D3_C1","CW","control","yes","White",221,1,"11/17/2019 17:30","week4","tank1_control_yes_11/17/2019 17:30",19.44432495,"tank1_control_yes_White"
"11/17/2019","D3",40,"17:30","tank1","D3_C1","CNW","control","no","White",229,0,"11/17/2019 17:30","week4","tank1_control_no_11/17/2019 17:30",18.8675985,"tank1_control_no_White"
"11/18/2019","D4",40,"17:30","tank4","D4_H1","HW","heating","yes","White",22,1,"11/18/2019 17:30","week4","tank4_heating_yes_11/18/2019 17:30",21.56011516,"tank4_heating_yes_White"
"11/18/2019","D4",40,"17:30","tank4","D4_H1","HNW","heating","no","White",50,0,"11/18/2019 17:30","week4","tank4_heating_no_11/18/2019 17:30",21.49814845,"tank4_heating_no_White"
"11/18/2019","D4",40,"17:30","tank3","D4_H2","HW","heating","yes","White",29,-2,"11/18/2019 17:30","week4","tank3_heating_yes_11/18/2019 17:30",23.12128535,"tank3_heating_yes_White"
"11/18/2019","D4",40,"17:30","tank3","D4_H2","HNW","heating","no","White",29,-1,"11/18/2019 17:30","week4","tank3_heating_no_11/18/2019 17:30",21.50693868,"tank3_heating_no_White"
"11/18/2019","D4",40,"17:30","tank2","D4_C2","CW","control","yes","White",25,-2,"11/18/2019 17:30","week4","tank2_control_yes_11/18/2019 17:30",19.79415197,"tank2_control_yes_White"
"11/18/2019","D4",40,"17:30","tank2","D4_C2","CNW","control","no","White",29,2,"11/18/2019 17:30","week4","tank2_control_no_11/18/2019 17:30",19.74633416,"tank2_control_no_White"
"11/18/2019","D4",40,"17:30","tank1","D4_C1","CW","control","yes","White",23,3,"11/18/2019 17:30","week4","tank1_control_yes_11/18/2019 17:30",19.44432495,"tank1_control_yes_White"
"11/18/2019","D4",40,"17:30","tank1","D4_C1","CNW","control","no","White",28,0,"11/18/2019 17:30","week4","tank1_control_no_11/18/2019 17:30",18.8675985,"tank1_control_no_White"
"11/19/2019","D5",40,"17:30","tank4","D5_H1","HW","heating","yes","White",21,0,"11/19/2019 17:30","week4","tank4_heating_yes_11/19/2019 17:30",22.04304797,"tank4_heating_yes_White"
"11/19/2019","D5",40,"17:30","tank4","D5_H1","HNW","heating","no","White",40,-3,"11/19/2019 17:30","week4","tank4_heating_no_11/19/2019 17:30",21.85340866,"tank4_heating_no_White"
"11/19/2019","D5",40,"17:30","tank3","D5_H2","HW","heating","yes","White",32,6,"11/19/2019 17:30","week4","tank3_heating_yes_11/19/2019 17:30",23.81420574,"tank3_heating_yes_White"
"11/19/2019","D5",40,"17:30","tank3","D5_H2","HNW","heating","no","White",34,6,"11/19/2019 17:30","week4","tank3_heating_no_11/19/2019 17:30",22.22735241,"tank3_heating_no_White"
"11/19/2019","D5",40,"17:30","tank2","D5_C2","CW","control","yes","White",25,2,"11/19/2019 17:30","week4","tank2_control_yes_11/19/2019 17:30",20.21209297,"tank2_control_yes_White"
"11/19/2019","D5",40,"17:30","tank2","D5_C2","CNW","control","no","White",30,3,"11/19/2019 17:30","week4","tank2_control_no_11/19/2019 17:30",20.18024897,"tank2_control_no_White"
"11/19/2019","D5",40,"17:30","tank1","D5_C1","CW","control","yes","White",20,4,"11/19/2019 17:30","week4","tank1_control_yes_11/19/2019 17:30",19.95399625,"tank1_control_yes_White"
"11/19/2019","D5",40,"17:30","tank1","D5_C1","CNW","control","no","White",31,-2,"11/19/2019 17:30","week4","tank1_control_no_11/19/2019 17:30",19.40505168,"tank1_control_no_White"
"11/22/2019","D1",40,"10:30","tank4","D1_H1","HW","heating","yes","Red",235,0,"11/22/2019 10:30","week5","tank4_heating_yes_11/22/2019 10:30",21.86919216,"tank4_heating_yes_Red"
"11/22/2019","D1",40,"10:30","tank4","D1_H1","HNW","heating","no","Red",NA,NA,"11/22/2019 10:30","week5","tank4_heating_no_11/22/2019 10:30",21.96862818,"tank4_heating_no_Red"
"11/22/2019","D1",40,"10:30","tank3","D1_H2","HW","heating","yes","Red",228,0,"11/22/2019 10:30","week5","tank3_heating_yes_11/22/2019 10:30",22.65933842,"tank3_heating_yes_Red"
"11/22/2019","D1",40,"10:30","tank3","D1_H2","HNW","heating","no","Red",233,0,"11/22/2019 10:30","week5","tank3_heating_no_11/22/2019 10:30",21.91997588,"tank3_heating_no_Red"
"11/22/2019","D1",40,"10:30","tank2","D1_C2","CW","control","yes","Red",228,0,"11/22/2019 10:30","week5","tank2_control_yes_11/22/2019 10:30",22.12684592,"tank2_control_yes_Red"
"11/22/2019","D1",40,"10:30","tank2","D1_C2","CNW","control","no","Red",227,0,"11/22/2019 10:30","week5","tank2_control_no_11/22/2019 10:30",22.15697199,"tank2_control_no_Red"
"11/22/2019","D1",40,"10:30","tank1","D1_C1","CW","control","yes","Red",230,0,"11/22/2019 10:30","week5","tank1_control_yes_11/22/2019 10:30",21.90613348,"tank1_control_yes_Red"
"11/22/2019","D1",40,"10:30","tank1","D1_C1","CNW","control","no","Red",226,0,"11/22/2019 10:30","week5","tank1_control_no_11/22/2019 10:30",21.37251423,"tank1_control_no_Red"
"11/23/2019","D2",40,"10:30","tank4","D2_H1","HW","heating","yes","Red",233,0,"11/23/2019 10:30","week5","tank4_heating_yes_11/23/2019 10:30",22.56461541,"tank4_heating_yes_Red"
"11/23/2019","D2",40,"10:30","tank4","D2_H1","HNW","heating","no","Red",NA,NA,"11/23/2019 10:30","week5","tank4_heating_no_11/23/2019 10:30",22.7175551,"tank4_heating_no_Red"
"11/23/2019","D2",40,"10:30","tank3","D2_H2","HW","heating","yes","Red",230,0,"11/23/2019 10:30","week5","tank3_heating_yes_11/23/2019 10:30",23.24639597,"tank3_heating_yes_Red"
"11/23/2019","D2",40,"10:30","tank3","D2_H2","HNW","heating","no","Red",232,0,"11/23/2019 10:30","week5","tank3_heating_no_11/23/2019 10:30",22.63078409,"tank3_heating_no_Red"
"11/23/2019","D2",40,"10:30","tank2","D2_C2","CW","control","yes","Red",238,0,"11/23/2019 10:30","week5","tank2_control_yes_11/23/2019 10:30",23.02104527,"tank2_control_yes_Red"
"11/23/2019","D2",40,"10:30","tank2","D2_C2","CNW","control","no","Red",227,0,"11/23/2019 10:30","week5","tank2_control_no_11/23/2019 10:30",22.9862314,"tank2_control_no_Red"
"11/23/2019","D2",40,"10:30","tank1","D2_C1","CW","control","yes","Red",232,0,"11/23/2019 10:30","week5","tank1_control_yes_11/23/2019 10:30",22.7139144,"tank1_control_yes_Red"
"11/23/2019","D2",40,"10:30","tank1","D2_C1","CNW","control","no","Red",227,0,"11/23/2019 10:30","week5","tank1_control_no_11/23/2019 10:30",22.12110973,"tank1_control_no_Red"
"11/24/2019","D3",40,"10:30","tank4","D3_H1","HW","heating","yes","Red",239,0,"11/24/2019 10:30","week5","tank4_heating_yes_11/24/2019 10:30",22.73847123,"tank4_heating_yes_Red"
"11/24/2019","D3",40,"10:30","tank4","D3_H1","HNW","heating","no","Red",NA,NA,"11/24/2019 10:30","week5","tank4_heating_no_11/24/2019 10:30",22.89998602,"tank4_heating_no_Red"
"11/24/2019","D3",40,"10:30","tank3","D3_H2","HW","heating","yes","Red",226,0,"11/24/2019 10:30","week5","tank3_heating_yes_11/24/2019 10:30",23.7083429,"tank3_heating_yes_Red"
"11/24/2019","D3",40,"10:30","tank3","D3_H2","HNW","heating","no","Red",231,0,"11/24/2019 10:30","week5","tank3_heating_no_11/24/2019 10:30",23.06303233,"tank3_heating_no_Red"
"11/24/2019","D3",40,"10:30","tank2","D3_C2","CW","control","yes","Red",236,0,"11/24/2019 10:30","week5","tank2_control_yes_11/24/2019 10:30",23.40982759,"tank2_control_yes_Red"
"11/24/2019","D3",40,"10:30","tank2","D3_C2","CNW","control","no","Red",226,0,"11/24/2019 10:30","week5","tank2_control_no_11/24/2019 10:30",23.26586539,"tank2_control_no_Red"
"11/24/2019","D3",40,"10:30","tank1","D3_C1","CW","control","yes","Red",229,0,"11/24/2019 10:30","week5","tank1_control_yes_11/24/2019 10:30",22.97355827,"tank1_control_yes_Red"
"11/24/2019","D3",40,"10:30","tank1","D3_C1","CNW","control","no","Red",226,0,"11/24/2019 10:30","week5","tank1_control_no_11/24/2019 10:30",22.45701797,"tank1_control_no_Red"
"11/25/2019","D4",40,"10:30","tank4","D4_H1","HW","heating","yes","Red",250,0,"11/25/2019 10:30","week5","tank4_heating_yes_11/25/2019 10:30",22.68051929,"tank4_heating_yes_Red"
"11/25/2019","D4",40,"10:30","tank4","D4_H1","HNW","heating","no","Red",NA,NA,"11/25/2019 10:30","week5","tank4_heating_no_11/25/2019 10:30",22.88078276,"tank4_heating_no_Red"
"11/25/2019","D4",40,"10:30","tank3","D4_H2","HW","heating","yes","Red",227,0,"11/25/2019 10:30","week5","tank3_heating_yes_11/25/2019 10:30",23.56398449,"tank3_heating_yes_Red"
"11/25/2019","D4",40,"10:30","tank3","D4_H2","HNW","heating","no","Red",228,0,"11/25/2019 10:30","week5","tank3_heating_no_11/25/2019 10:30",22.90934407,"tank3_heating_no_Red"
"11/25/2019","D4",40,"10:30","tank2","D4_C2","CW","control","yes","Red",228,0,"11/25/2019 10:30","week5","tank2_control_yes_11/25/2019 10:30",23.42926671,"tank2_control_yes_Red"
"11/25/2019","D4",40,"10:30","tank2","D4_C2","CNW","control","no","Red",224,0,"11/25/2019 10:30","week5","tank2_control_no_11/25/2019 10:30",23.33336325,"tank2_control_no_Red"
"11/25/2019","D4",40,"10:30","tank1","D4_C1","CW","control","yes","Red",228,0,"11/25/2019 10:30","week5","tank1_control_yes_11/25/2019 10:30",22.99279114,"tank1_control_yes_Red"
"11/25/2019","D4",40,"10:30","tank1","D4_C1","CNW","control","no","Red",225,0,"11/25/2019 10:30","week5","tank1_control_no_11/25/2019 10:30",22.45701797,"tank1_control_no_Red"
"11/26/2019","D5",40,"10:30","tank4","D5_H1","HW","heating","yes","Red",245,0,"11/26/2019 10:30","week5","tank4_heating_yes_11/26/2019 10:30",22.80608182,"tank4_heating_yes_Red"
"11/26/2019","D5",40,"10:30","tank4","D5_H1","HNW","heating","no","Red",NA,NA,"11/26/2019 10:30","week5","tank4_heating_no_11/26/2019 10:30",22.97679903,"tank4_heating_no_Red"
"11/26/2019","D5",40,"10:30","tank3","D5_H2","HW","heating","yes","Red",226,0,"11/26/2019 10:30","week5","tank3_heating_yes_11/26/2019 10:30",23.79495795,"tank3_heating_yes_Red"
"11/26/2019","D5",40,"10:30","tank3","D5_H2","HNW","heating","no","Red",230,0,"11/26/2019 10:30","week5","tank3_heating_no_11/26/2019 10:30",23.03421578,"tank3_heating_no_Red"
"11/26/2019","D5",40,"10:30","tank2","D5_C2","CW","control","yes","Red",225,0,"11/26/2019 10:30","week5","tank2_control_yes_11/26/2019 10:30",23.50702317,"tank2_control_yes_Red"
"11/26/2019","D5",40,"10:30","tank2","D5_C2","CNW","control","no","Red",225,0,"11/26/2019 10:30","week5","tank2_control_no_11/26/2019 10:30",23.41050366,"tank2_control_no_Red"
"11/26/2019","D5",40,"10:30","tank1","D5_C1","CW","control","yes","Red",228,0,"11/26/2019 10:30","week5","tank1_control_yes_11/26/2019 10:30",23.06010622,"tank1_control_yes_Red"
"11/26/2019","D5",40,"10:30","tank1","D5_C1","CNW","control","no","Red",227,0,"11/26/2019 10:30","week5","tank1_control_no_11/26/2019 10:30",22.60097865,"tank1_control_no_Red"
"11/22/2019","D1",40,"10:30","tank4","D1_H1","HW","heating","yes","Yellow",226,0,"11/22/2019 10:30","week5","tank4_heating_yes_11/22/2019 10:30",21.86919216,"tank4_heating_yes_Yellow"
"11/22/2019","D1",40,"10:30","tank4","D1_H1","HNW","heating","no","Yellow",250,0,"11/22/2019 10:30","week5","tank4_heating_no_11/22/2019 10:30",21.96862818,"tank4_heating_no_Yellow"
"11/22/2019","D1",40,"10:30","tank3","D1_H2","HW","heating","yes","Yellow",NA,NA,"11/22/2019 10:30","week5","tank3_heating_yes_11/22/2019 10:30",22.65933842,"tank3_heating_yes_Yellow"
"11/22/2019","D1",40,"10:30","tank3","D1_H2","HNW","heating","no","Yellow",224,0,"11/22/2019 10:30","week5","tank3_heating_no_11/22/2019 10:30",21.91997588,"tank3_heating_no_Yellow"
"11/22/2019","D1",40,"10:30","tank2","D1_C2","CW","control","yes","Yellow",227,0,"11/22/2019 10:30","week5","tank2_control_yes_11/22/2019 10:30",22.12684592,"tank2_control_yes_Yellow"
"11/22/2019","D1",40,"10:30","tank2","D1_C2","CNW","control","no","Yellow",223,0,"11/22/2019 10:30","week5","tank2_control_no_11/22/2019 10:30",22.15697199,"tank2_control_no_Yellow"
"11/22/2019","D1",40,"10:30","tank1","D1_C1","CW","control","yes","Yellow",227,0,"11/22/2019 10:30","week5","tank1_control_yes_11/22/2019 10:30",21.90613348,"tank1_control_yes_Yellow"
"11/22/2019","D1",40,"10:30","tank1","D1_C1","CNW","control","no","Yellow",226,0,"11/22/2019 10:30","week5","tank1_control_no_11/22/2019 10:30",21.37251423,"tank1_control_no_Yellow"
"11/23/2019","D2",40,"10:30","tank4","D2_H1","HW","heating","yes","Yellow",226,0,"11/23/2019 10:30","week5","tank4_heating_yes_11/23/2019 10:30",22.56461541,"tank4_heating_yes_Yellow"
"11/23/2019","D2",40,"10:30","tank4","D2_H1","HNW","heating","no","Yellow",NA,NA,"11/23/2019 10:30","week5","tank4_heating_no_11/23/2019 10:30",22.7175551,"tank4_heating_no_Yellow"
"11/23/2019","D2",40,"10:30","tank3","D2_H2","HW","heating","yes","Yellow",NA,NA,"11/23/2019 10:30","week5","tank3_heating_yes_11/23/2019 10:30",23.24639597,"tank3_heating_yes_Yellow"
"11/23/2019","D2",40,"10:30","tank3","D2_H2","HNW","heating","no","Yellow",224,0,"11/23/2019 10:30","week5","tank3_heating_no_11/23/2019 10:30",22.63078409,"tank3_heating_no_Yellow"
"11/23/2019","D2",40,"10:30","tank2","D2_C2","CW","control","yes","Yellow",233,0,"11/23/2019 10:30","week5","tank2_control_yes_11/23/2019 10:30",23.02104527,"tank2_control_yes_Yellow"
"11/23/2019","D2",40,"10:30","tank2","D2_C2","CNW","control","no","Yellow",223,0,"11/23/2019 10:30","week5","tank2_control_no_11/23/2019 10:30",22.9862314,"tank2_control_no_Yellow"
"11/23/2019","D2",40,"10:30","tank1","D2_C1","CW","control","yes","Yellow",227,0,"11/23/2019 10:30","week5","tank1_control_yes_11/23/2019 10:30",22.7139144,"tank1_control_yes_Yellow"
"11/23/2019","D2",40,"10:30","tank1","D2_C1","CNW","control","no","Yellow",225,0,"11/23/2019 10:30","week5","tank1_control_no_11/23/2019 10:30",22.12110973,"tank1_control_no_Yellow"
"11/24/2019","D3",40,"10:30","tank4","D3_H1","HW","heating","yes","Yellow",238,0,"11/24/2019 10:30","week5","tank4_heating_yes_11/24/2019 10:30",22.73847123,"tank4_heating_yes_Yellow"
"11/24/2019","D3",40,"10:30","tank4","D3_H1","HNW","heating","no","Yellow",NA,NA,"11/24/2019 10:30","week5","tank4_heating_no_11/24/2019 10:30",22.89998602,"tank4_heating_no_Yellow"
"11/24/2019","D3",40,"10:30","tank3","D3_H2","HW","heating","yes","Yellow",NA,NA,"11/24/2019 10:30","week5","tank3_heating_yes_11/24/2019 10:30",23.7083429,"tank3_heating_yes_Yellow"
"11/24/2019","D3",40,"10:30","tank3","D3_H2","HNW","heating","no","Yellow",223,0,"11/24/2019 10:30","week5","tank3_heating_no_11/24/2019 10:30",23.06303233,"tank3_heating_no_Yellow"
"11/24/2019","D3",40,"10:30","tank2","D3_C2","CW","control","yes","Yellow",228,0,"11/24/2019 10:30","week5","tank2_control_yes_11/24/2019 10:30",23.40982759,"tank2_control_yes_Yellow"
"11/24/2019","D3",40,"10:30","tank2","D3_C2","CNW","control","no","Yellow",223,0,"11/24/2019 10:30","week5","tank2_control_no_11/24/2019 10:30",23.26586539,"tank2_control_no_Yellow"
"11/24/2019","D3",40,"10:30","tank1","D3_C1","CW","control","yes","Yellow",227,0,"11/24/2019 10:30","week5","tank1_control_yes_11/24/2019 10:30",22.97355827,"tank1_control_yes_Yellow"
"11/24/2019","D3",40,"10:30","tank1","D3_C1","CNW","control","no","Yellow",224,0,"11/24/2019 10:30","week5","tank1_control_no_11/24/2019 10:30",22.45701797,"tank1_control_no_Yellow"
"11/25/2019","D4",40,"10:30","tank4","D4_H1","HW","heating","yes","Yellow",250,0,"11/25/2019 10:30","week5","tank4_heating_yes_11/25/2019 10:30",22.68051929,"tank4_heating_yes_Yellow"
"11/25/2019","D4",40,"10:30","tank4","D4_H1","HNW","heating","no","Yellow",NA,NA,"11/25/2019 10:30","week5","tank4_heating_no_11/25/2019 10:30",22.88078276,"tank4_heating_no_Yellow"
"11/25/2019","D4",40,"10:30","tank3","D4_H2","HW","heating","yes","Yellow",NA,NA,"11/25/2019 10:30","week5","tank3_heating_yes_11/25/2019 10:30",23.56398449,"tank3_heating_yes_Yellow"
"11/25/2019","D4",40,"10:30","tank3","D4_H2","HNW","heating","no","Yellow",224,0,"11/25/2019 10:30","week5","tank3_heating_no_11/25/2019 10:30",22.90934407,"tank3_heating_no_Yellow"
"11/25/2019","D4",40,"10:30","tank2","D4_C2","CW","control","yes","Yellow",228,0,"11/25/2019 10:30","week5","tank2_control_yes_11/25/2019 10:30",23.42926671,"tank2_control_yes_Yellow"
"11/25/2019","D4",40,"10:30","tank2","D4_C2","CNW","control","no","Yellow",222,0,"11/25/2019 10:30","week5","tank2_control_no_11/25/2019 10:30",23.33336325,"tank2_control_no_Yellow"
"11/25/2019","D4",40,"10:30","tank1","D4_C1","CW","control","yes","Yellow",226,0,"11/25/2019 10:30","week5","tank1_control_yes_11/25/2019 10:30",22.99279114,"tank1_control_yes_Yellow"
"11/25/2019","D4",40,"10:30","tank1","D4_C1","CNW","control","no","Yellow",223,0,"11/25/2019 10:30","week5","tank1_control_no_11/25/2019 10:30",22.45701797,"tank1_control_no_Yellow"
"11/26/2019","D5",40,"10:30","tank4","D5_H1","HW","heating","yes","Yellow",240,0,"11/26/2019 10:30","week5","tank4_heating_yes_11/26/2019 10:30",22.80608182,"tank4_heating_yes_Yellow"
"11/26/2019","D5",40,"10:30","tank4","D5_H1","HNW","heating","no","Yellow",NA,NA,"11/26/2019 10:30","week5","tank4_heating_no_11/26/2019 10:30",22.97679903,"tank4_heating_no_Yellow"
"11/26/2019","D5",40,"10:30","tank3","D5_H2","HW","heating","yes","Yellow",NA,NA,"11/26/2019 10:30","week5","tank3_heating_yes_11/26/2019 10:30",23.79495795,"tank3_heating_yes_Yellow"
"11/26/2019","D5",40,"10:30","tank3","D5_H2","HNW","heating","no","Yellow",222,0,"11/26/2019 10:30","week5","tank3_heating_no_11/26/2019 10:30",23.03421578,"tank3_heating_no_Yellow"
"11/26/2019","D5",40,"10:30","tank2","D5_C2","CW","control","yes","Yellow",228,0,"11/26/2019 10:30","week5","tank2_control_yes_11/26/2019 10:30",23.50702317,"tank2_control_yes_Yellow"
"11/26/2019","D5",40,"10:30","tank2","D5_C2","CNW","control","no","Yellow",223,0,"11/26/2019 10:30","week5","tank2_control_no_11/26/2019 10:30",23.41050366,"tank2_control_no_Yellow"
"11/26/2019","D5",40,"10:30","tank1","D5_C1","CW","control","yes","Yellow",225,0,"11/26/2019 10:30","week5","tank1_control_yes_11/26/2019 10:30",23.06010622,"tank1_control_yes_Yellow"
"11/26/2019","D5",40,"10:30","tank1","D5_C1","CNW","control","no","Yellow",224,0,"11/26/2019 10:30","week5","tank1_control_no_11/26/2019 10:30",22.60097865,"tank1_control_no_Yellow"
"11/22/2019","D1",40,"10:30","tank4","D1_H1","HW","heating","yes","Black",223,0,"11/22/2019 10:30","week5","tank4_heating_yes_11/22/2019 10:30",21.86919216,"tank4_heating_yes_Black"
"11/22/2019","D1",40,"10:30","tank4","D1_H1","HNW","heating","no","Black",250,0,"11/22/2019 10:30","week5","tank4_heating_no_11/22/2019 10:30",21.96862818,"tank4_heating_no_Black"
"11/22/2019","D1",40,"10:30","tank3","D1_H2","HW","heating","yes","Black",223,0,"11/22/2019 10:30","week5","tank3_heating_yes_11/22/2019 10:30",22.65933842,"tank3_heating_yes_Black"
"11/22/2019","D1",40,"10:30","tank3","D1_H2","HNW","heating","no","Black",218,0,"11/22/2019 10:30","week5","tank3_heating_no_11/22/2019 10:30",21.91997588,"tank3_heating_no_Black"
"11/22/2019","D1",40,"10:30","tank2","D1_C2","CW","control","yes","Black",226,0,"11/22/2019 10:30","week5","tank2_control_yes_11/22/2019 10:30",22.12684592,"tank2_control_yes_Black"
"11/22/2019","D1",40,"10:30","tank2","D1_C2","CNW","control","no","Black",223,0,"11/22/2019 10:30","week5","tank2_control_no_11/22/2019 10:30",22.15697199,"tank2_control_no_Black"
"11/22/2019","D1",40,"10:30","tank1","D1_C1","CW","control","yes","Black",230,0,"11/22/2019 10:30","week5","tank1_control_yes_11/22/2019 10:30",21.90613348,"tank1_control_yes_Black"
"11/22/2019","D1",40,"10:30","tank1","D1_C1","CNW","control","no","Black",225,0,"11/22/2019 10:30","week5","tank1_control_no_11/22/2019 10:30",21.37251423,"tank1_control_no_Black"
"11/23/2019","D2",40,"10:30","tank4","D2_H1","HW","heating","yes","Black",223,0,"11/23/2019 10:30","week5","tank4_heating_yes_11/23/2019 10:30",22.56461541,"tank4_heating_yes_Black"
"11/23/2019","D2",40,"10:30","tank4","D2_H1","HNW","heating","no","Black",NA,NA,"11/23/2019 10:30","week5","tank4_heating_no_11/23/2019 10:30",22.7175551,"tank4_heating_no_Black"
"11/23/2019","D2",40,"10:30","tank3","D2_H2","HW","heating","yes","Black",220,0,"11/23/2019 10:30","week5","tank3_heating_yes_11/23/2019 10:30",23.24639597,"tank3_heating_yes_Black"
"11/23/2019","D2",40,"10:30","tank3","D2_H2","HNW","heating","no","Black",220,0,"11/23/2019 10:30","week5","tank3_heating_no_11/23/2019 10:30",22.63078409,"tank3_heating_no_Black"
"11/23/2019","D2",40,"10:30","tank2","D2_C2","CW","control","yes","Black",223,0,"11/23/2019 10:30","week5","tank2_control_yes_11/23/2019 10:30",23.02104527,"tank2_control_yes_Black"
"11/23/2019","D2",40,"10:30","tank2","D2_C2","CNW","control","no","Black",227,0,"11/23/2019 10:30","week5","tank2_control_no_11/23/2019 10:30",22.9862314,"tank2_control_no_Black"
"11/23/2019","D2",40,"10:30","tank1","D2_C1","CW","control","yes","Black",230,0,"11/23/2019 10:30","week5","tank1_control_yes_11/23/2019 10:30",22.7139144,"tank1_control_yes_Black"
"11/23/2019","D2",40,"10:30","tank1","D2_C1","CNW","control","no","Black",225,0,"11/23/2019 10:30","week5","tank1_control_no_11/23/2019 10:30",22.12110973,"tank1_control_no_Black"
"11/24/2019","D3",40,"10:30","tank4","D3_H1","HW","heating","yes","Black",224,0,"11/24/2019 10:30","week5","tank4_heating_yes_11/24/2019 10:30",22.73847123,"tank4_heating_yes_Black"
"11/24/2019","D3",40,"10:30","tank4","D3_H1","HNW","heating","no","Black",NA,NA,"11/24/2019 10:30","week5","tank4_heating_no_11/24/2019 10:30",22.89998602,"tank4_heating_no_Black"
"11/24/2019","D3",40,"10:30","tank3","D3_H2","HW","heating","yes","Black",224,0,"11/24/2019 10:30","week5","tank3_heating_yes_11/24/2019 10:30",23.7083429,"tank3_heating_yes_Black"
"11/24/2019","D3",40,"10:30","tank3","D3_H2","HNW","heating","no","Black",224,0,"11/24/2019 10:30","week5","tank3_heating_no_11/24/2019 10:30",23.06303233,"tank3_heating_no_Black"
"11/24/2019","D3",40,"10:30","tank2","D3_C2","CW","control","yes","Black",221,0,"11/24/2019 10:30","week5","tank2_control_yes_11/24/2019 10:30",23.40982759,"tank2_control_yes_Black"
"11/24/2019","D3",40,"10:30","tank2","D3_C2","CNW","control","no","Black",224,0,"11/24/2019 10:30","week5","tank2_control_no_11/24/2019 10:30",23.26586539,"tank2_control_no_Black"
"11/24/2019","D3",40,"10:30","tank1","D3_C1","CW","control","yes","Black",230,0,"11/24/2019 10:30","week5","tank1_control_yes_11/24/2019 10:30",22.97355827,"tank1_control_yes_Black"
"11/24/2019","D3",40,"10:30","tank1","D3_C1","CNW","control","no","Black",225,0,"11/24/2019 10:30","week5","tank1_control_no_11/24/2019 10:30",22.45701797,"tank1_control_no_Black"
"11/25/2019","D4",40,"10:30","tank4","D4_H1","HW","heating","yes","Black",222,0,"11/25/2019 10:30","week5","tank4_heating_yes_11/25/2019 10:30",22.68051929,"tank4_heating_yes_Black"
"11/25/2019","D4",40,"10:30","tank4","D4_H1","HNW","heating","no","Black",NA,NA,"11/25/2019 10:30","week5","tank4_heating_no_11/25/2019 10:30",22.88078276,"tank4_heating_no_Black"
"11/25/2019","D4",40,"10:30","tank3","D4_H2","HW","heating","yes","Black",222,0,"11/25/2019 10:30","week5","tank3_heating_yes_11/25/2019 10:30",23.56398449,"tank3_heating_yes_Black"
"11/25/2019","D4",40,"10:30","tank3","D4_H2","HNW","heating","no","Black",222,0,"11/25/2019 10:30","week5","tank3_heating_no_11/25/2019 10:30",22.90934407,"tank3_heating_no_Black"
"11/25/2019","D4",40,"10:30","tank2","D4_C2","CW","control","yes","Black",223,0,"11/25/2019 10:30","week5","tank2_control_yes_11/25/2019 10:30",23.42926671,"tank2_control_yes_Black"
"11/25/2019","D4",40,"10:30","tank2","D4_C2","CNW","control","no","Black",225,0,"11/25/2019 10:30","week5","tank2_control_no_11/25/2019 10:30",23.33336325,"tank2_control_no_Black"
"11/25/2019","D4",40,"10:30","tank1","D4_C1","CW","control","yes","Black",229,0,"11/25/2019 10:30","week5","tank1_control_yes_11/25/2019 10:30",22.99279114,"tank1_control_yes_Black"
"11/25/2019","D4",40,"10:30","tank1","D4_C1","CNW","control","no","Black",224,0,"11/25/2019 10:30","week5","tank1_control_no_11/25/2019 10:30",22.45701797,"tank1_control_no_Black"
"11/26/2019","D5",40,"10:30","tank4","D5_H1","HW","heating","yes","Black",224,0,"11/26/2019 10:30","week5","tank4_heating_yes_11/26/2019 10:30",22.80608182,"tank4_heating_yes_Black"
"11/26/2019","D5",40,"10:30","tank4","D5_H1","HNW","heating","no","Black",NA,NA,"11/26/2019 10:30","week5","tank4_heating_no_11/26/2019 10:30",22.97679903,"tank4_heating_no_Black"
"11/26/2019","D5",40,"10:30","tank3","D5_H2","HW","heating","yes","Black",221,0,"11/26/2019 10:30","week5","tank3_heating_yes_11/26/2019 10:30",23.79495795,"tank3_heating_yes_Black"
"11/26/2019","D5",40,"10:30","tank3","D5_H2","HNW","heating","no","Black",224,0,"11/26/2019 10:30","week5","tank3_heating_no_11/26/2019 10:30",23.03421578,"tank3_heating_no_Black"
"11/26/2019","D5",40,"10:30","tank2","D5_C2","CW","control","yes","Black",222,0,"11/26/2019 10:30","week5","tank2_control_yes_11/26/2019 10:30",23.50702317,"tank2_control_yes_Black"
"11/26/2019","D5",40,"10:30","tank2","D5_C2","CNW","control","no","Black",229,0,"11/26/2019 10:30","week5","tank2_control_no_11/26/2019 10:30",23.41050366,"tank2_control_no_Black"
"11/26/2019","D5",40,"10:30","tank1","D5_C1","CW","control","yes","Black",230,0,"11/26/2019 10:30","week5","tank1_control_yes_11/26/2019 10:30",23.06010622,"tank1_control_yes_Black"
"11/26/2019","D5",40,"10:30","tank1","D5_C1","CNW","control","no","Black",225,0,"11/26/2019 10:30","week5","tank1_control_no_11/26/2019 10:30",22.60097865,"tank1_control_no_Black"
"11/22/2019","D1",40,"10:30","tank4","D1_H1","HW","heating","yes","White",222,0,"11/22/2019 10:30","week5","tank4_heating_yes_11/22/2019 10:30",21.86919216,"tank4_heating_yes_White"
"11/22/2019","D1",40,"10:30","tank4","D1_H1","HNW","heating","no","White",250,0,"11/22/2019 10:30","week5","tank4_heating_no_11/22/2019 10:30",21.96862818,"tank4_heating_no_White"
"11/22/2019","D1",40,"10:30","tank3","D1_H2","HW","heating","yes","White",235,0,"11/22/2019 10:30","week5","tank3_heating_yes_11/22/2019 10:30",22.65933842,"tank3_heating_yes_White"
"11/22/2019","D1",40,"10:30","tank3","D1_H2","HNW","heating","no","White",229,0,"11/22/2019 10:30","week5","tank3_heating_no_11/22/2019 10:30",21.91997588,"tank3_heating_no_White"
"11/22/2019","D1",40,"10:30","tank2","D1_C2","CW","control","yes","White",224,0,"11/22/2019 10:30","week5","tank2_control_yes_11/22/2019 10:30",22.12684592,"tank2_control_yes_White"
"11/22/2019","D1",40,"10:30","tank2","D1_C2","CNW","control","no","White",231,0,"11/22/2019 10:30","week5","tank2_control_no_11/22/2019 10:30",22.15697199,"tank2_control_no_White"
"11/22/2019","D1",40,"10:30","tank1","D1_C1","CW","control","yes","White",224,0,"11/22/2019 10:30","week5","tank1_control_yes_11/22/2019 10:30",21.90613348,"tank1_control_yes_White"
"11/22/2019","D1",40,"10:30","tank1","D1_C1","CNW","control","no","White",228,0,"11/22/2019 10:30","week5","tank1_control_no_11/22/2019 10:30",21.37251423,"tank1_control_no_White"
"11/23/2019","D2",40,"10:30","tank4","D2_H1","HW","heating","yes","White",235,0,"11/23/2019 10:30","week5","tank4_heating_yes_11/23/2019 10:30",22.56461541,"tank4_heating_yes_White"
"11/23/2019","D2",40,"10:30","tank4","D2_H1","HNW","heating","no","White",NA,NA,"11/23/2019 10:30","week5","tank4_heating_no_11/23/2019 10:30",22.7175551,"tank4_heating_no_White"
"11/23/2019","D2",40,"10:30","tank3","D2_H2","HW","heating","yes","White",229,0,"11/23/2019 10:30","week5","tank3_heating_yes_11/23/2019 10:30",23.24639597,"tank3_heating_yes_White"
"11/23/2019","D2",40,"10:30","tank3","D2_H2","HNW","heating","no","White",231,0,"11/23/2019 10:30","week5","tank3_heating_no_11/23/2019 10:30",22.63078409,"tank3_heating_no_White"
"11/23/2019","D2",40,"10:30","tank2","D2_C2","CW","control","yes","White",222,0,"11/23/2019 10:30","week5","tank2_control_yes_11/23/2019 10:30",23.02104527,"tank2_control_yes_White"
"11/23/2019","D2",40,"10:30","tank2","D2_C2","CNW","control","no","White",229,0,"11/23/2019 10:30","week5","tank2_control_no_11/23/2019 10:30",22.9862314,"tank2_control_no_White"
"11/23/2019","D2",40,"10:30","tank1","D2_C1","CW","control","yes","White",225,0,"11/23/2019 10:30","week5","tank1_control_yes_11/23/2019 10:30",22.7139144,"tank1_control_yes_White"
"11/23/2019","D2",40,"10:30","tank1","D2_C1","CNW","control","no","White",227,0,"11/23/2019 10:30","week5","tank1_control_no_11/23/2019 10:30",22.12110973,"tank1_control_no_White"
"11/24/2019","D3",40,"10:30","tank4","D3_H1","HW","heating","yes","White",219,0,"11/24/2019 10:30","week5","tank4_heating_yes_11/24/2019 10:30",22.73847123,"tank4_heating_yes_White"
"11/24/2019","D3",40,"10:30","tank4","D3_H1","HNW","heating","no","White",NA,NA,"11/24/2019 10:30","week5","tank4_heating_no_11/24/2019 10:30",22.89998602,"tank4_heating_no_White"
"11/24/2019","D3",40,"10:30","tank3","D3_H2","HW","heating","yes","White",228,0,"11/24/2019 10:30","week5","tank3_heating_yes_11/24/2019 10:30",23.7083429,"tank3_heating_yes_White"
"11/24/2019","D3",40,"10:30","tank3","D3_H2","HNW","heating","no","White",231,0,"11/24/2019 10:30","week5","tank3_heating_no_11/24/2019 10:30",23.06303233,"tank3_heating_no_White"
"11/24/2019","D3",40,"10:30","tank2","D3_C2","CW","control","yes","White",223,0,"11/24/2019 10:30","week5","tank2_control_yes_11/24/2019 10:30",23.40982759,"tank2_control_yes_White"
"11/24/2019","D3",40,"10:30","tank2","D3_C2","CNW","control","no","White",227,0,"11/24/2019 10:30","week5","tank2_control_no_11/24/2019 10:30",23.26586539,"tank2_control_no_White"
"11/24/2019","D3",40,"10:30","tank1","D3_C1","CW","control","yes","White",223,0,"11/24/2019 10:30","week5","tank1_control_yes_11/24/2019 10:30",22.97355827,"tank1_control_yes_White"
"11/24/2019","D3",40,"10:30","tank1","D3_C1","CNW","control","no","White",227,0,"11/24/2019 10:30","week5","tank1_control_no_11/24/2019 10:30",22.45701797,"tank1_control_no_White"
"11/25/2019","D4",40,"10:30","tank4","D4_H1","HW","heating","yes","White",242,0,"11/25/2019 10:30","week5","tank4_heating_yes_11/25/2019 10:30",22.68051929,"tank4_heating_yes_White"
"11/25/2019","D4",40,"10:30","tank4","D4_H1","HNW","heating","no","White",NA,NA,"11/25/2019 10:30","week5","tank4_heating_no_11/25/2019 10:30",22.88078276,"tank4_heating_no_White"
"11/25/2019","D4",40,"10:30","tank3","D4_H2","HW","heating","yes","White",229,0,"11/25/2019 10:30","week5","tank3_heating_yes_11/25/2019 10:30",23.56398449,"tank3_heating_yes_White"
"11/25/2019","D4",40,"10:30","tank3","D4_H2","HNW","heating","no","White",NA,NA,"11/25/2019 10:30","week5","tank3_heating_no_11/25/2019 10:30",22.90934407,"tank3_heating_no_White"
"11/25/2019","D4",40,"10:30","tank2","D4_C2","CW","control","yes","White",223,0,"11/25/2019 10:30","week5","tank2_control_yes_11/25/2019 10:30",23.42926671,"tank2_control_yes_White"
"11/25/2019","D4",40,"10:30","tank2","D4_C2","CNW","control","no","White",226,0,"11/25/2019 10:30","week5","tank2_control_no_11/25/2019 10:30",23.33336325,"tank2_control_no_White"
"11/25/2019","D4",40,"10:30","tank1","D4_C1","CW","control","yes","White",227,0,"11/25/2019 10:30","week5","tank1_control_yes_11/25/2019 10:30",22.99279114,"tank1_control_yes_White"
"11/25/2019","D4",40,"10:30","tank1","D4_C1","CNW","control","no","White",227,0,"11/25/2019 10:30","week5","tank1_control_no_11/25/2019 10:30",22.45701797,"tank1_control_no_White"
"11/26/2019","D5",40,"10:30","tank4","D5_H1","HW","heating","yes","White",240,0,"11/26/2019 10:30","week5","tank4_heating_yes_11/26/2019 10:30",22.80608182,"tank4_heating_yes_White"
"11/26/2019","D5",40,"10:30","tank4","D5_H1","HNW","heating","no","White",NA,NA,"11/26/2019 10:30","week5","tank4_heating_no_11/26/2019 10:30",22.97679903,"tank4_heating_no_White"
"11/26/2019","D5",40,"10:30","tank3","D5_H2","HW","heating","yes","White",231,0,"11/26/2019 10:30","week5","tank3_heating_yes_11/26/2019 10:30",23.79495795,"tank3_heating_yes_White"
"11/26/2019","D5",40,"10:30","tank3","D5_H2","HNW","heating","no","White",NA,NA,"11/26/2019 10:30","week5","tank3_heating_no_11/26/2019 10:30",23.03421578,"tank3_heating_no_White"
"11/26/2019","D5",40,"10:30","tank2","D5_C2","CW","control","yes","White",222,0,"11/26/2019 10:30","week5","tank2_control_yes_11/26/2019 10:30",23.50702317,"tank2_control_yes_White"
"11/26/2019","D5",40,"10:30","tank2","D5_C2","CNW","control","no","White",227,0,"11/26/2019 10:30","week5","tank2_control_no_11/26/2019 10:30",23.41050366,"tank2_control_no_White"
"11/26/2019","D5",40,"10:30","tank1","D5_C1","CW","control","yes","White",218,0,"11/26/2019 10:30","week5","tank1_control_yes_11/26/2019 10:30",23.06010622,"tank1_control_yes_White"
"11/26/2019","D5",40,"10:30","tank1","D5_C1","CNW","control","no","White",233,0,"11/26/2019 10:30","week5","tank1_control_no_11/26/2019 10:30",22.60097865,"tank1_control_no_White"
"11/22/2019","D1",40,"12:30","tank4","D1_H1","HW","heating","yes","Red",231,-4,"11/22/2019 12:30","week5","tank4_heating_yes_11/22/2019 12:30",27.95414564,"tank4_heating_yes_Red"
"11/22/2019","D1",40,"12:30","tank4","D1_H1","HNW","heating","no","Red",NA,NA,"11/22/2019 12:30","week5","tank4_heating_no_11/22/2019 12:30",38.32019919,"tank4_heating_no_Red"
"11/22/2019","D1",40,"12:30","tank3","D1_H2","HW","heating","yes","Red",227,-1,"11/22/2019 12:30","week5","tank3_heating_yes_11/22/2019 12:30",27.65413956,"tank3_heating_yes_Red"
"11/22/2019","D1",40,"12:30","tank3","D1_H2","HNW","heating","no","Red",229,-4,"11/22/2019 12:30","week5","tank3_heating_no_11/22/2019 12:30",34.46478021,"tank3_heating_no_Red"
"11/22/2019","D1",40,"12:30","tank2","D1_C2","CW","control","yes","Red",227,-1,"11/22/2019 12:30","week5","tank2_control_yes_11/22/2019 12:30",22.42815222,"tank2_control_yes_Red"
"11/22/2019","D1",40,"12:30","tank2","D1_C2","CNW","control","no","Red",225,-2,"11/22/2019 12:30","week5","tank2_control_no_11/22/2019 12:30",23.65156744,"tank2_control_no_Red"
"11/22/2019","D1",40,"12:30","tank1","D1_C1","CW","control","yes","Red",230,0,"11/22/2019 12:30","week5","tank1_control_yes_11/22/2019 12:30",22.02153075,"tank1_control_yes_Red"
"11/22/2019","D1",40,"12:30","tank1","D1_C1","CNW","control","no","Red",225,-1,"11/22/2019 12:30","week5","tank1_control_no_11/22/2019 12:30",22.05392808,"tank1_control_no_Red"
"11/23/2019","D2",40,"12:30","tank4","D2_H1","HW","heating","yes","Red",250,17,"11/23/2019 12:30","week5","tank4_heating_yes_11/23/2019 12:30",28.31151592,"tank4_heating_yes_Red"
"11/23/2019","D2",40,"12:30","tank4","D2_H1","HNW","heating","no","Red",NA,NA,"11/23/2019 12:30","week5","tank4_heating_no_11/23/2019 12:30",35.06524759,"tank4_heating_no_Red"
"11/23/2019","D2",40,"12:30","tank3","D2_H2","HW","heating","yes","Red",232,2,"11/23/2019 12:30","week5","tank3_heating_yes_11/23/2019 12:30",23.8719491,"tank3_heating_yes_Red"
"11/23/2019","D2",40,"12:30","tank3","D2_H2","HNW","heating","no","Red",232,0,"11/23/2019 12:30","week5","tank3_heating_no_11/23/2019 12:30",23.79305157,"tank3_heating_no_Red"
"11/23/2019","D2",40,"12:30","tank2","D2_C2","CW","control","yes","Red",235,-3,"11/23/2019 12:30","week5","tank2_control_yes_11/23/2019 12:30",23.16683864,"tank2_control_yes_Red"
"11/23/2019","D2",40,"12:30","tank2","D2_C2","CNW","control","no","Red",227,0,"11/23/2019 12:30","week5","tank2_control_no_11/23/2019 12:30",24.23012052,"tank2_control_no_Red"
"11/23/2019","D2",40,"12:30","tank1","D2_C1","CW","control","yes","Red",231,-1,"11/23/2019 12:30","week5","tank1_control_yes_11/23/2019 12:30",22.78122947,"tank1_control_yes_Red"
"11/23/2019","D2",40,"12:30","tank1","D2_C1","CNW","control","no","Red",229,2,"11/23/2019 12:30","week5","tank1_control_no_11/23/2019 12:30",22.74493932,"tank1_control_no_Red"
"11/24/2019","D3",40,"12:30","tank4","D3_H1","HW","heating","yes","Red",237,-2,"11/24/2019 12:30","week5","tank4_heating_yes_11/24/2019 12:30",28.35015055,"tank4_heating_yes_Red"
"11/24/2019","D3",40,"12:30","tank4","D3_H1","HNW","heating","no","Red",NA,NA,"11/24/2019 12:30","week5","tank4_heating_no_11/24/2019 12:30",37.55206902,"tank4_heating_no_Red"
"11/24/2019","D3",40,"12:30","tank3","D3_H2","HW","heating","yes","Red",227,1,"11/24/2019 12:30","week5","tank3_heating_yes_11/24/2019 12:30",27.9139847,"tank3_heating_yes_Red"
"11/24/2019","D3",40,"12:30","tank3","D3_H2","HNW","heating","no","Red",228,-3,"11/24/2019 12:30","week5","tank3_heating_no_11/24/2019 12:30",35.25243255,"tank3_heating_no_Red"
"11/24/2019","D3",40,"12:30","tank2","D3_C2","CW","control","yes","Red",235,-1,"11/24/2019 12:30","week5","tank2_control_yes_11/24/2019 12:30",23.42926671,"tank2_control_yes_Red"
"11/24/2019","D3",40,"12:30","tank2","D3_C2","CNW","control","no","Red",225,-1,"11/24/2019 12:30","week5","tank2_control_no_11/24/2019 12:30",24.0565546,"tank2_control_no_Red"
"11/24/2019","D3",40,"12:30","tank1","D3_C1","CW","control","yes","Red",230,1,"11/24/2019 12:30","week5","tank1_control_yes_11/24/2019 12:30",22.93509251,"tank1_control_yes_Red"
"11/24/2019","D3",40,"12:30","tank1","D3_C1","CNW","control","no","Red",226,0,"11/24/2019 12:30","week5","tank1_control_no_11/24/2019 12:30",22.74493932,"tank1_control_no_Red"
"11/25/2019","D4",40,"12:30","tank4","D4_H1","HW","heating","yes","Red",250,0,"11/25/2019 12:30","week5","tank4_heating_yes_11/25/2019 12:30",28.6688862,"tank4_heating_yes_Red"
"11/25/2019","D4",40,"12:30","tank4","D4_H1","HNW","heating","no","Red",NA,NA,"11/25/2019 12:30","week5","tank4_heating_no_11/25/2019 12:30",37.09119092,"tank4_heating_no_Red"
"11/25/2019","D4",40,"12:30","tank3","D4_H2","HW","heating","yes","Red",231,4,"11/25/2019 12:30","week5","tank3_heating_yes_11/25/2019 12:30",29.11697149,"tank3_heating_yes_Red"
"11/25/2019","D4",40,"12:30","tank3","D4_H2","HNW","heating","no","Red",226,-2,"11/25/2019 12:30","week5","tank3_heating_no_11/25/2019 12:30",33.89805475,"tank3_heating_no_Red"
"11/25/2019","D4",40,"12:30","tank2","D4_C2","CW","control","yes","Red",227,-1,"11/25/2019 12:30","week5","tank2_control_yes_11/25/2019 12:30",23.46814494,"tank2_control_yes_Red"
"11/25/2019","D4",40,"12:30","tank2","D4_C2","CNW","control","no","Red",224,0,"11/25/2019 12:30","week5","tank2_control_no_11/25/2019 12:30",24.08548225,"tank2_control_no_Red"
"11/25/2019","D4",40,"12:30","tank1","D4_C1","CW","control","yes","Red",229,1,"11/25/2019 12:30","week5","tank1_control_yes_11/25/2019 12:30",23.02164046,"tank1_control_yes_Red"
"11/25/2019","D4",40,"12:30","tank1","D4_C1","CNW","control","no","Red",224,-1,"11/25/2019 12:30","week5","tank1_control_no_11/25/2019 12:30",22.74493932,"tank1_control_no_Red"
"11/26/2019","D5",40,"12:30","tank4","D5_H1","HW","heating","yes","Red",250,5,"11/26/2019 12:30","week5","tank4_heating_yes_11/26/2019 12:30",29.10352574,"tank4_heating_yes_Red"
"11/26/2019","D5",40,"12:30","tank4","D5_H1","HNW","heating","no","Red",NA,NA,"11/26/2019 12:30","week5","tank4_heating_no_11/26/2019 12:30",36.58230468,"tank4_heating_no_Red"
"11/26/2019","D5",40,"12:30","tank3","D5_H2","HW","heating","yes","Red",231,5,"11/26/2019 12:30","week5","tank3_heating_yes_11/26/2019 12:30",28.75126351,"tank3_heating_yes_Red"
"11/26/2019","D5",40,"12:30","tank3","D5_H2","HNW","heating","no","Red",228,-2,"11/26/2019 12:30","week5","tank3_heating_no_11/26/2019 12:30",34.6953126,"tank3_heating_no_Red"
"11/26/2019","D5",40,"12:30","tank2","D5_C2","CW","control","yes","Red",227,2,"11/26/2019 12:30","week5","tank2_control_yes_11/26/2019 12:30",23.4778645,"tank2_control_yes_Red"
"11/26/2019","D5",40,"12:30","tank2","D5_C2","CNW","control","no","Red",225,0,"11/26/2019 12:30","week5","tank2_control_no_11/26/2019 12:30",23.82513337,"tank2_control_no_Red"
"11/26/2019","D5",40,"12:30","tank1","D5_C1","CW","control","yes","Red",228,0,"11/26/2019 12:30","week5","tank1_control_yes_11/26/2019 12:30",23.00240758,"tank1_control_yes_Red"
"11/26/2019","D5",40,"12:30","tank1","D5_C1","CNW","control","no","Red",226,-1,"11/26/2019 12:30","week5","tank1_control_no_11/26/2019 12:30",22.38983632,"tank1_control_no_Red"
"11/22/2019","D1",40,"12:30","tank4","D1_H1","HW","heating","yes","Yellow",232,6,"11/22/2019 12:30","week5","tank4_heating_yes_11/22/2019 12:30",27.95414564,"tank4_heating_yes_Yellow"
"11/22/2019","D1",40,"12:30","tank4","D1_H1","HNW","heating","no","Yellow",247,-3,"11/22/2019 12:30","week5","tank4_heating_no_11/22/2019 12:30",38.32019919,"tank4_heating_no_Yellow"
"11/22/2019","D1",40,"12:30","tank3","D1_H2","HW","heating","yes","Yellow",NA,NA,"11/22/2019 12:30","week5","tank3_heating_yes_11/22/2019 12:30",27.65413956,"tank3_heating_yes_Yellow"
"11/22/2019","D1",40,"12:30","tank3","D1_H2","HNW","heating","no","Yellow",221,-3,"11/22/2019 12:30","week5","tank3_heating_no_11/22/2019 12:30",34.46478021,"tank3_heating_no_Yellow"
"11/22/2019","D1",40,"12:30","tank2","D1_C2","CW","control","yes","Yellow",227,0,"11/22/2019 12:30","week5","tank2_control_yes_11/22/2019 12:30",22.42815222,"tank2_control_yes_Yellow"
"11/22/2019","D1",40,"12:30","tank2","D1_C2","CNW","control","no","Yellow",223,0,"11/22/2019 12:30","week5","tank2_control_no_11/22/2019 12:30",23.65156744,"tank2_control_no_Yellow"
"11/22/2019","D1",40,"12:30","tank1","D1_C1","CW","control","yes","Yellow",227,0,"11/22/2019 12:30","week5","tank1_control_yes_11/22/2019 12:30",22.02153075,"tank1_control_yes_Yellow"
"11/22/2019","D1",40,"12:30","tank1","D1_C1","CNW","control","no","Yellow",226,0,"11/22/2019 12:30","week5","tank1_control_no_11/22/2019 12:30",22.05392808,"tank1_control_no_Yellow"
"11/23/2019","D2",40,"12:30","tank4","D2_H1","HW","heating","yes","Yellow",226,0,"11/23/2019 12:30","week5","tank4_heating_yes_11/23/2019 12:30",28.31151592,"tank4_heating_yes_Yellow"
"11/23/2019","D2",40,"12:30","tank4","D2_H1","HNW","heating","no","Yellow",NA,NA,"11/23/2019 12:30","week5","tank4_heating_no_11/23/2019 12:30",35.06524759,"tank4_heating_no_Yellow"
"11/23/2019","D2",40,"12:30","tank3","D2_H2","HW","heating","yes","Yellow",NA,NA,"11/23/2019 12:30","week5","tank3_heating_yes_11/23/2019 12:30",23.8719491,"tank3_heating_yes_Yellow"
"11/23/2019","D2",40,"12:30","tank3","D2_H2","HNW","heating","no","Yellow",225,1,"11/23/2019 12:30","week5","tank3_heating_no_11/23/2019 12:30",23.79305157,"tank3_heating_no_Yellow"
"11/23/2019","D2",40,"12:30","tank2","D2_C2","CW","control","yes","Yellow",238,5,"11/23/2019 12:30","week5","tank2_control_yes_11/23/2019 12:30",23.16683864,"tank2_control_yes_Yellow"
"11/23/2019","D2",40,"12:30","tank2","D2_C2","CNW","control","no","Yellow",224,1,"11/23/2019 12:30","week5","tank2_control_no_11/23/2019 12:30",24.23012052,"tank2_control_no_Yellow"
"11/23/2019","D2",40,"12:30","tank1","D2_C1","CW","control","yes","Yellow",227,0,"11/23/2019 12:30","week5","tank1_control_yes_11/23/2019 12:30",22.78122947,"tank1_control_yes_Yellow"
"11/23/2019","D2",40,"12:30","tank1","D2_C1","CNW","control","no","Yellow",224,-1,"11/23/2019 12:30","week5","tank1_control_no_11/23/2019 12:30",22.74493932,"tank1_control_no_Yellow"
"11/24/2019","D3",40,"12:30","tank4","D3_H1","HW","heating","yes","Yellow",238,0,"11/24/2019 12:30","week5","tank4_heating_yes_11/24/2019 12:30",28.35015055,"tank4_heating_yes_Yellow"
"11/24/2019","D3",40,"12:30","tank4","D3_H1","HNW","heating","no","Yellow",NA,NA,"11/24/2019 12:30","week5","tank4_heating_no_11/24/2019 12:30",37.55206902,"tank4_heating_no_Yellow"
"11/24/2019","D3",40,"12:30","tank3","D3_H2","HW","heating","yes","Yellow",NA,NA,"11/24/2019 12:30","week5","tank3_heating_yes_11/24/2019 12:30",27.9139847,"tank3_heating_yes_Yellow"
"11/24/2019","D3",40,"12:30","tank3","D3_H2","HNW","heating","no","Yellow",221,-2,"11/24/2019 12:30","week5","tank3_heating_no_11/24/2019 12:30",35.25243255,"tank3_heating_no_Yellow"
"11/24/2019","D3",40,"12:30","tank2","D3_C2","CW","control","yes","Yellow",230,2,"11/24/2019 12:30","week5","tank2_control_yes_11/24/2019 12:30",23.42926671,"tank2_control_yes_Yellow"
"11/24/2019","D3",40,"12:30","tank2","D3_C2","CNW","control","no","Yellow",223,0,"11/24/2019 12:30","week5","tank2_control_no_11/24/2019 12:30",24.0565546,"tank2_control_no_Yellow"
"11/24/2019","D3",40,"12:30","tank1","D3_C1","CW","control","yes","Yellow",227,0,"11/24/2019 12:30","week5","tank1_control_yes_11/24/2019 12:30",22.93509251,"tank1_control_yes_Yellow"
"11/24/2019","D3",40,"12:30","tank1","D3_C1","CNW","control","no","Yellow",224,0,"11/24/2019 12:30","week5","tank1_control_no_11/24/2019 12:30",22.74493932,"tank1_control_no_Yellow"
"11/25/2019","D4",40,"12:30","tank4","D4_H1","HW","heating","yes","Yellow",250,0,"11/25/2019 12:30","week5","tank4_heating_yes_11/25/2019 12:30",28.6688862,"tank4_heating_yes_Yellow"
"11/25/2019","D4",40,"12:30","tank4","D4_H1","HNW","heating","no","Yellow",NA,NA,"11/25/2019 12:30","week5","tank4_heating_no_11/25/2019 12:30",37.09119092,"tank4_heating_no_Yellow"
"11/25/2019","D4",40,"12:30","tank3","D4_H2","HW","heating","yes","Yellow",NA,NA,"11/25/2019 12:30","week5","tank3_heating_yes_11/25/2019 12:30",29.11697149,"tank3_heating_yes_Yellow"
"11/25/2019","D4",40,"12:30","tank3","D4_H2","HNW","heating","no","Yellow",222,-2,"11/25/2019 12:30","week5","tank3_heating_no_11/25/2019 12:30",33.89805475,"tank3_heating_no_Yellow"
"11/25/2019","D4",40,"12:30","tank2","D4_C2","CW","control","yes","Yellow",227,-1,"11/25/2019 12:30","week5","tank2_control_yes_11/25/2019 12:30",23.46814494,"tank2_control_yes_Yellow"
"11/25/2019","D4",40,"12:30","tank2","D4_C2","CNW","control","no","Yellow",222,0,"11/25/2019 12:30","week5","tank2_control_no_11/25/2019 12:30",24.08548225,"tank2_control_no_Yellow"
"11/25/2019","D4",40,"12:30","tank1","D4_C1","CW","control","yes","Yellow",225,-1,"11/25/2019 12:30","week5","tank1_control_yes_11/25/2019 12:30",23.02164046,"tank1_control_yes_Yellow"
"11/25/2019","D4",40,"12:30","tank1","D4_C1","CNW","control","no","Yellow",224,1,"11/25/2019 12:30","week5","tank1_control_no_11/25/2019 12:30",22.74493932,"tank1_control_no_Yellow"
"11/26/2019","D5",40,"12:30","tank4","D5_H1","HW","heating","yes","Yellow",250,10,"11/26/2019 12:30","week5","tank4_heating_yes_11/26/2019 12:30",29.10352574,"tank4_heating_yes_Yellow"
"11/26/2019","D5",40,"12:30","tank4","D5_H1","HNW","heating","no","Yellow",NA,NA,"11/26/2019 12:30","week5","tank4_heating_no_11/26/2019 12:30",36.58230468,"tank4_heating_no_Yellow"
"11/26/2019","D5",40,"12:30","tank3","D5_H2","HW","heating","yes","Yellow",NA,NA,"11/26/2019 12:30","week5","tank3_heating_yes_11/26/2019 12:30",28.75126351,"tank3_heating_yes_Yellow"
"11/26/2019","D5",40,"12:30","tank3","D5_H2","HNW","heating","no","Yellow",220,-2,"11/26/2019 12:30","week5","tank3_heating_no_11/26/2019 12:30",34.6953126,"tank3_heating_no_Yellow"
"11/26/2019","D5",40,"12:30","tank2","D5_C2","CW","control","yes","Yellow",229,1,"11/26/2019 12:30","week5","tank2_control_yes_11/26/2019 12:30",23.4778645,"tank2_control_yes_Yellow"
"11/26/2019","D5",40,"12:30","tank2","D5_C2","CNW","control","no","Yellow",223,0,"11/26/2019 12:30","week5","tank2_control_no_11/26/2019 12:30",23.82513337,"tank2_control_no_Yellow"
"11/26/2019","D5",40,"12:30","tank1","D5_C1","CW","control","yes","Yellow",225,0,"11/26/2019 12:30","week5","tank1_control_yes_11/26/2019 12:30",23.00240758,"tank1_control_yes_Yellow"
"11/26/2019","D5",40,"12:30","tank1","D5_C1","CNW","control","no","Yellow",224,0,"11/26/2019 12:30","week5","tank1_control_no_11/26/2019 12:30",22.38983632,"tank1_control_no_Yellow"
"11/22/2019","D1",40,"12:30","tank4","D1_H1","HW","heating","yes","Black",224,1,"11/22/2019 12:30","week5","tank4_heating_yes_11/22/2019 12:30",27.95414564,"tank4_heating_yes_Black"
"11/22/2019","D1",40,"12:30","tank4","D1_H1","HNW","heating","no","Black",250,0,"11/22/2019 12:30","week5","tank4_heating_no_11/22/2019 12:30",38.32019919,"tank4_heating_no_Black"
"11/22/2019","D1",40,"12:30","tank3","D1_H2","HW","heating","yes","Black",223,0,"11/22/2019 12:30","week5","tank3_heating_yes_11/22/2019 12:30",27.65413956,"tank3_heating_yes_Black"
"11/22/2019","D1",40,"12:30","tank3","D1_H2","HNW","heating","no","Black",219,1,"11/22/2019 12:30","week5","tank3_heating_no_11/22/2019 12:30",34.46478021,"tank3_heating_no_Black"
"11/22/2019","D1",40,"12:30","tank2","D1_C2","CW","control","yes","Black",225,-1,"11/22/2019 12:30","week5","tank2_control_yes_11/22/2019 12:30",22.42815222,"tank2_control_yes_Black"
"11/22/2019","D1",40,"12:30","tank2","D1_C2","CNW","control","no","Black",221,-2,"11/22/2019 12:30","week5","tank2_control_no_11/22/2019 12:30",23.65156744,"tank2_control_no_Black"
"11/22/2019","D1",40,"12:30","tank1","D1_C1","CW","control","yes","Black",230,0,"11/22/2019 12:30","week5","tank1_control_yes_11/22/2019 12:30",22.02153075,"tank1_control_yes_Black"
"11/22/2019","D1",40,"12:30","tank1","D1_C1","CNW","control","no","Black",226,1,"11/22/2019 12:30","week5","tank1_control_no_11/22/2019 12:30",22.05392808,"tank1_control_no_Black"
"11/23/2019","D2",40,"12:30","tank4","D2_H1","HW","heating","yes","Black",224,1,"11/23/2019 12:30","week5","tank4_heating_yes_11/23/2019 12:30",28.31151592,"tank4_heating_yes_Black"
"11/23/2019","D2",40,"12:30","tank4","D2_H1","HNW","heating","no","Black",NA,NA,"11/23/2019 12:30","week5","tank4_heating_no_11/23/2019 12:30",35.06524759,"tank4_heating_no_Black"
"11/23/2019","D2",40,"12:30","tank3","D2_H2","HW","heating","yes","Black",224,4,"11/23/2019 12:30","week5","tank3_heating_yes_11/23/2019 12:30",23.8719491,"tank3_heating_yes_Black"
"11/23/2019","D2",40,"12:30","tank3","D2_H2","HNW","heating","no","Black",218,-2,"11/23/2019 12:30","week5","tank3_heating_no_11/23/2019 12:30",23.79305157,"tank3_heating_no_Black"
"11/23/2019","D2",40,"12:30","tank2","D2_C2","CW","control","yes","Black",224,1,"11/23/2019 12:30","week5","tank2_control_yes_11/23/2019 12:30",23.16683864,"tank2_control_yes_Black"
"11/23/2019","D2",40,"12:30","tank2","D2_C2","CNW","control","no","Black",227,0,"11/23/2019 12:30","week5","tank2_control_no_11/23/2019 12:30",24.23012052,"tank2_control_no_Black"
"11/23/2019","D2",40,"12:30","tank1","D2_C1","CW","control","yes","Black",229,-1,"11/23/2019 12:30","week5","tank1_control_yes_11/23/2019 12:30",22.78122947,"tank1_control_yes_Black"
"11/23/2019","D2",40,"12:30","tank1","D2_C1","CNW","control","no","Black",222,-3,"11/23/2019 12:30","week5","tank1_control_no_11/23/2019 12:30",22.74493932,"tank1_control_no_Black"
"11/24/2019","D3",40,"12:30","tank4","D3_H1","HW","heating","yes","Black",223,-1,"11/24/2019 12:30","week5","tank4_heating_yes_11/24/2019 12:30",28.35015055,"tank4_heating_yes_Black"
"11/24/2019","D3",40,"12:30","tank4","D3_H1","HNW","heating","no","Black",NA,NA,"11/24/2019 12:30","week5","tank4_heating_no_11/24/2019 12:30",37.55206902,"tank4_heating_no_Black"
"11/24/2019","D3",40,"12:30","tank3","D3_H2","HW","heating","yes","Black",224,0,"11/24/2019 12:30","week5","tank3_heating_yes_11/24/2019 12:30",27.9139847,"tank3_heating_yes_Black"
"11/24/2019","D3",40,"12:30","tank3","D3_H2","HNW","heating","no","Black",217,-7,"11/24/2019 12:30","week5","tank3_heating_no_11/24/2019 12:30",35.25243255,"tank3_heating_no_Black"
"11/24/2019","D3",40,"12:30","tank2","D3_C2","CW","control","yes","Black",224,3,"11/24/2019 12:30","week5","tank2_control_yes_11/24/2019 12:30",23.42926671,"tank2_control_yes_Black"
"11/24/2019","D3",40,"12:30","tank2","D3_C2","CNW","control","no","Black",224,0,"11/24/2019 12:30","week5","tank2_control_no_11/24/2019 12:30",24.0565546,"tank2_control_no_Black"
"11/24/2019","D3",40,"12:30","tank1","D3_C1","CW","control","yes","Black",230,0,"11/24/2019 12:30","week5","tank1_control_yes_11/24/2019 12:30",22.93509251,"tank1_control_yes_Black"
"11/24/2019","D3",40,"12:30","tank1","D3_C1","CNW","control","no","Black",225,0,"11/24/2019 12:30","week5","tank1_control_no_11/24/2019 12:30",22.74493932,"tank1_control_no_Black"
"11/25/2019","D4",40,"12:30","tank4","D4_H1","HW","heating","yes","Black",224,2,"11/25/2019 12:30","week5","tank4_heating_yes_11/25/2019 12:30",28.6688862,"tank4_heating_yes_Black"
"11/25/2019","D4",40,"12:30","tank4","D4_H1","HNW","heating","no","Black",NA,NA,"11/25/2019 12:30","week5","tank4_heating_no_11/25/2019 12:30",37.09119092,"tank4_heating_no_Black"
"11/25/2019","D4",40,"12:30","tank3","D4_H2","HW","heating","yes","Black",223,1,"11/25/2019 12:30","week5","tank3_heating_yes_11/25/2019 12:30",29.11697149,"tank3_heating_yes_Black"
"11/25/2019","D4",40,"12:30","tank3","D4_H2","HNW","heating","no","Black",216,-6,"11/25/2019 12:30","week5","tank3_heating_no_11/25/2019 12:30",33.89805475,"tank3_heating_no_Black"
"11/25/2019","D4",40,"12:30","tank2","D4_C2","CW","control","yes","Black",224,1,"11/25/2019 12:30","week5","tank2_control_yes_11/25/2019 12:30",23.46814494,"tank2_control_yes_Black"
"11/25/2019","D4",40,"12:30","tank2","D4_C2","CNW","control","no","Black",226,1,"11/25/2019 12:30","week5","tank2_control_no_11/25/2019 12:30",24.08548225,"tank2_control_no_Black"
"11/25/2019","D4",40,"12:30","tank1","D4_C1","CW","control","yes","Black",230,1,"11/25/2019 12:30","week5","tank1_control_yes_11/25/2019 12:30",23.02164046,"tank1_control_yes_Black"
"11/25/2019","D4",40,"12:30","tank1","D4_C1","CNW","control","no","Black",224,0,"11/25/2019 12:30","week5","tank1_control_no_11/25/2019 12:30",22.74493932,"tank1_control_no_Black"
"11/26/2019","D5",40,"12:30","tank4","D5_H1","HW","heating","yes","Black",225,1,"11/26/2019 12:30","week5","tank4_heating_yes_11/26/2019 12:30",29.10352574,"tank4_heating_yes_Black"
"11/26/2019","D5",40,"12:30","tank4","D5_H1","HNW","heating","no","Black",NA,NA,"11/26/2019 12:30","week5","tank4_heating_no_11/26/2019 12:30",36.58230468,"tank4_heating_no_Black"
"11/26/2019","D5",40,"12:30","tank3","D5_H2","HW","heating","yes","Black",223,2,"11/26/2019 12:30","week5","tank3_heating_yes_11/26/2019 12:30",28.75126351,"tank3_heating_yes_Black"
"11/26/2019","D5",40,"12:30","tank3","D5_H2","HNW","heating","no","Black",220,-4,"11/26/2019 12:30","week5","tank3_heating_no_11/26/2019 12:30",34.6953126,"tank3_heating_no_Black"
"11/26/2019","D5",40,"12:30","tank2","D5_C2","CW","control","yes","Black",223,1,"11/26/2019 12:30","week5","tank2_control_yes_11/26/2019 12:30",23.4778645,"tank2_control_yes_Black"
"11/26/2019","D5",40,"12:30","tank2","D5_C2","CNW","control","no","Black",230,1,"11/26/2019 12:30","week5","tank2_control_no_11/26/2019 12:30",23.82513337,"tank2_control_no_Black"
"11/26/2019","D5",40,"12:30","tank1","D5_C1","CW","control","yes","Black",231,1,"11/26/2019 12:30","week5","tank1_control_yes_11/26/2019 12:30",23.00240758,"tank1_control_yes_Black"
"11/26/2019","D5",40,"12:30","tank1","D5_C1","CNW","control","no","Black",225,0,"11/26/2019 12:30","week5","tank1_control_no_11/26/2019 12:30",22.38983632,"tank1_control_no_Black"
"11/22/2019","D1",40,"12:30","tank4","D1_H1","HW","heating","yes","White",222,0,"11/22/2019 12:30","week5","tank4_heating_yes_11/22/2019 12:30",27.95414564,"tank4_heating_yes_White"
"11/22/2019","D1",40,"12:30","tank4","D1_H1","HNW","heating","no","White",250,0,"11/22/2019 12:30","week5","tank4_heating_no_11/22/2019 12:30",38.32019919,"tank4_heating_no_White"
"11/22/2019","D1",40,"12:30","tank3","D1_H2","HW","heating","yes","White",234,-1,"11/22/2019 12:30","week5","tank3_heating_yes_11/22/2019 12:30",27.65413956,"tank3_heating_yes_White"
"11/22/2019","D1",40,"12:30","tank3","D1_H2","HNW","heating","no","White",228,-1,"11/22/2019 12:30","week5","tank3_heating_no_11/22/2019 12:30",34.46478021,"tank3_heating_no_White"
"11/22/2019","D1",40,"12:30","tank2","D1_C2","CW","control","yes","White",222,-2,"11/22/2019 12:30","week5","tank2_control_yes_11/22/2019 12:30",22.42815222,"tank2_control_yes_White"
"11/22/2019","D1",40,"12:30","tank2","D1_C2","CNW","control","no","White",228,-3,"11/22/2019 12:30","week5","tank2_control_no_11/22/2019 12:30",23.65156744,"tank2_control_no_White"
"11/22/2019","D1",40,"12:30","tank1","D1_C1","CW","control","yes","White",224,0,"11/22/2019 12:30","week5","tank1_control_yes_11/22/2019 12:30",22.02153075,"tank1_control_yes_White"
"11/22/2019","D1",40,"12:30","tank1","D1_C1","CNW","control","no","White",229,1,"11/22/2019 12:30","week5","tank1_control_no_11/22/2019 12:30",22.05392808,"tank1_control_no_White"
"11/23/2019","D2",40,"12:30","tank4","D2_H1","HW","heating","yes","White",222,-13,"11/23/2019 12:30","week5","tank4_heating_yes_11/23/2019 12:30",28.31151592,"tank4_heating_yes_White"
"11/23/2019","D2",40,"12:30","tank4","D2_H1","HNW","heating","no","White",NA,NA,"11/23/2019 12:30","week5","tank4_heating_no_11/23/2019 12:30",35.06524759,"tank4_heating_no_White"
"11/23/2019","D2",40,"12:30","tank3","D2_H2","HW","heating","yes","White",231,2,"11/23/2019 12:30","week5","tank3_heating_yes_11/23/2019 12:30",23.8719491,"tank3_heating_yes_White"
"11/23/2019","D2",40,"12:30","tank3","D2_H2","HNW","heating","no","White",230,-1,"11/23/2019 12:30","week5","tank3_heating_no_11/23/2019 12:30",23.79305157,"tank3_heating_no_White"
"11/23/2019","D2",40,"12:30","tank2","D2_C2","CW","control","yes","White",226,4,"11/23/2019 12:30","week5","tank2_control_yes_11/23/2019 12:30",23.16683864,"tank2_control_yes_White"
"11/23/2019","D2",40,"12:30","tank2","D2_C2","CNW","control","no","White",229,0,"11/23/2019 12:30","week5","tank2_control_no_11/23/2019 12:30",24.23012052,"tank2_control_no_White"
"11/23/2019","D2",40,"12:30","tank1","D2_C1","CW","control","yes","White",223,-2,"11/23/2019 12:30","week5","tank1_control_yes_11/23/2019 12:30",22.78122947,"tank1_control_yes_White"
"11/23/2019","D2",40,"12:30","tank1","D2_C1","CNW","control","no","White",226,-1,"11/23/2019 12:30","week5","tank1_control_no_11/23/2019 12:30",22.74493932,"tank1_control_no_White"
"11/24/2019","D3",40,"12:30","tank4","D3_H1","HW","heating","yes","White",223,4,"11/24/2019 12:30","week5","tank4_heating_yes_11/24/2019 12:30",28.35015055,"tank4_heating_yes_White"
"11/24/2019","D3",40,"12:30","tank4","D3_H1","HNW","heating","no","White",NA,NA,"11/24/2019 12:30","week5","tank4_heating_no_11/24/2019 12:30",37.55206902,"tank4_heating_no_White"
"11/24/2019","D3",40,"12:30","tank3","D3_H2","HW","heating","yes","White",230,2,"11/24/2019 12:30","week5","tank3_heating_yes_11/24/2019 12:30",27.9139847,"tank3_heating_yes_White"
"11/24/2019","D3",40,"12:30","tank3","D3_H2","HNW","heating","no","White",231,0,"11/24/2019 12:30","week5","tank3_heating_no_11/24/2019 12:30",35.25243255,"tank3_heating_no_White"
"11/24/2019","D3",40,"12:30","tank2","D3_C2","CW","control","yes","White",223,0,"11/24/2019 12:30","week5","tank2_control_yes_11/24/2019 12:30",23.42926671,"tank2_control_yes_White"
"11/24/2019","D3",40,"12:30","tank2","D3_C2","CNW","control","no","White",227,0,"11/24/2019 12:30","week5","tank2_control_no_11/24/2019 12:30",24.0565546,"tank2_control_no_White"
"11/24/2019","D3",40,"12:30","tank1","D3_C1","CW","control","yes","White",223,0,"11/24/2019 12:30","week5","tank1_control_yes_11/24/2019 12:30",22.93509251,"tank1_control_yes_White"
"11/24/2019","D3",40,"12:30","tank1","D3_C1","CNW","control","no","White",228,1,"11/24/2019 12:30","week5","tank1_control_no_11/24/2019 12:30",22.74493932,"tank1_control_no_White"
"11/25/2019","D4",40,"12:30","tank4","D4_H1","HW","heating","yes","White",244,2,"11/25/2019 12:30","week5","tank4_heating_yes_11/25/2019 12:30",28.6688862,"tank4_heating_yes_White"
"11/25/2019","D4",40,"12:30","tank4","D4_H1","HNW","heating","no","White",NA,NA,"11/25/2019 12:30","week5","tank4_heating_no_11/25/2019 12:30",37.09119092,"tank4_heating_no_White"
"11/25/2019","D4",40,"12:30","tank3","D4_H2","HW","heating","yes","White",229,0,"11/25/2019 12:30","week5","tank3_heating_yes_11/25/2019 12:30",29.11697149,"tank3_heating_yes_White"
"11/25/2019","D4",40,"12:30","tank3","D4_H2","HNW","heating","no","White",NA,NA,"11/25/2019 12:30","week5","tank3_heating_no_11/25/2019 12:30",33.89805475,"tank3_heating_no_White"
"11/25/2019","D4",40,"12:30","tank2","D4_C2","CW","control","yes","White",223,0,"11/25/2019 12:30","week5","tank2_control_yes_11/25/2019 12:30",23.46814494,"tank2_control_yes_White"
"11/25/2019","D4",40,"12:30","tank2","D4_C2","CNW","control","no","White",227,1,"11/25/2019 12:30","week5","tank2_control_no_11/25/2019 12:30",24.08548225,"tank2_control_no_White"
"11/25/2019","D4",40,"12:30","tank1","D4_C1","CW","control","yes","White",219,-8,"11/25/2019 12:30","week5","tank1_control_yes_11/25/2019 12:30",23.02164046,"tank1_control_yes_White"
"11/25/2019","D4",40,"12:30","tank1","D4_C1","CNW","control","no","White",228,1,"11/25/2019 12:30","week5","tank1_control_no_11/25/2019 12:30",22.74493932,"tank1_control_no_White"
"11/26/2019","D5",40,"12:30","tank4","D5_H1","HW","heating","yes","White",250,10,"11/26/2019 12:30","week5","tank4_heating_yes_11/26/2019 12:30",29.10352574,"tank4_heating_yes_White"
"11/26/2019","D5",40,"12:30","tank4","D5_H1","HNW","heating","no","White",NA,NA,"11/26/2019 12:30","week5","tank4_heating_no_11/26/2019 12:30",36.58230468,"tank4_heating_no_White"
"11/26/2019","D5",40,"12:30","tank3","D5_H2","HW","heating","yes","White",231,0,"11/26/2019 12:30","week5","tank3_heating_yes_11/26/2019 12:30",28.75126351,"tank3_heating_yes_White"
"11/26/2019","D5",40,"12:30","tank3","D5_H2","HNW","heating","no","White",NA,NA,"11/26/2019 12:30","week5","tank3_heating_no_11/26/2019 12:30",34.6953126,"tank3_heating_no_White"
"11/26/2019","D5",40,"12:30","tank2","D5_C2","CW","control","yes","White",222,0,"11/26/2019 12:30","week5","tank2_control_yes_11/26/2019 12:30",23.4778645,"tank2_control_yes_White"
"11/26/2019","D5",40,"12:30","tank2","D5_C2","CNW","control","no","White",227,0,"11/26/2019 12:30","week5","tank2_control_no_11/26/2019 12:30",23.82513337,"tank2_control_no_White"
"11/26/2019","D5",40,"12:30","tank1","D5_C1","CW","control","yes","White",220,2,"11/26/2019 12:30","week5","tank1_control_yes_11/26/2019 12:30",23.00240758,"tank1_control_yes_White"
"11/26/2019","D5",40,"12:30","tank1","D5_C1","CNW","control","no","White",233,0,"11/26/2019 12:30","week5","tank1_control_no_11/26/2019 12:30",22.38983632,"tank1_control_no_White"
"11/22/2019","D1",40,"14:00","tank4","D1_H1","HW","heating","yes","Red",232,-3,"11/22/2019 14:00","week5","tank4_heating_yes_11/22/2019 14:00",28.95864589,"tank4_heating_yes_Red"
"11/22/2019","D1",40,"14:00","tank4","D1_H1","HNW","heating","no","Red",NA,NA,"11/22/2019 14:00","week5","tank4_heating_no_11/22/2019 14:00",31.33981627,"tank4_heating_no_Red"
"11/22/2019","D1",40,"14:00","tank3","D1_H2","HW","heating","yes","Red",228,0,"11/22/2019 14:00","week5","tank3_heating_yes_11/22/2019 14:00",30.27183881,"tank3_heating_yes_Red"
"11/22/2019","D1",40,"14:00","tank3","D1_H2","HNW","heating","no","Red",229,-4,"11/22/2019 14:00","week5","tank3_heating_no_11/22/2019 14:00",32.03458458,"tank3_heating_no_Red"
"11/22/2019","D1",40,"14:00","tank2","D1_C2","CW","control","yes","Red",227,-1,"11/22/2019 14:00","week5","tank2_control_yes_11/22/2019 14:00",22.77805631,"tank2_control_yes_Red"
"11/22/2019","D1",40,"14:00","tank2","D1_C2","CNW","control","no","Red",225,-2,"11/22/2019 14:00","week5","tank2_control_no_11/22/2019 14:00",22.90909099,"tank2_control_no_Red"
"11/22/2019","D1",40,"14:00","tank1","D1_C1","CW","control","yes","Red",229,-1,"11/22/2019 14:00","week5","tank1_control_yes_11/22/2019 14:00",22.34848969,"tank1_control_yes_Red"
"11/22/2019","D1",40,"14:00","tank1","D1_C1","CNW","control","no","Red",224,-2,"11/22/2019 14:00","week5","tank1_control_no_11/22/2019 14:00",21.67963033,"tank1_control_no_Red"
"11/23/2019","D2",40,"14:00","tank4","D2_H1","HW","heating","yes","Red",246,13,"11/23/2019 14:00","week5","tank4_heating_yes_11/23/2019 14:00",29.14216036,"tank4_heating_yes_Red"
"11/23/2019","D2",40,"14:00","tank4","D2_H1","HNW","heating","no","Red",NA,NA,"11/23/2019 14:00","week5","tank4_heating_no_11/23/2019 14:00",31.44543417,"tank4_heating_no_Red"
"11/23/2019","D2",40,"14:00","tank3","D2_H2","HW","heating","yes","Red",231,1,"11/23/2019 14:00","week5","tank3_heating_yes_11/23/2019 14:00",24.78621906,"tank3_heating_yes_Red"
"11/23/2019","D2",40,"14:00","tank3","D2_H2","HNW","heating","no","Red",228,-4,"11/23/2019 14:00","week5","tank3_heating_no_11/23/2019 14:00",25.14742937,"tank3_heating_no_Red"
"11/23/2019","D2",40,"14:00","tank2","D2_C2","CW","control","yes","Red",234,-4,"11/23/2019 14:00","week5","tank2_control_yes_11/23/2019 14:00",23.30291245,"tank2_control_yes_Red"
"11/23/2019","D2",40,"14:00","tank2","D2_C2","CNW","control","no","Red",224,-3,"11/23/2019 14:00","week5","tank2_control_no_11/23/2019 14:00",22.82230803,"tank2_control_no_Red"
"11/23/2019","D2",40,"14:00","tank1","D2_C1","CW","control","yes","Red",231,-1,"11/23/2019 14:00","week5","tank1_control_yes_11/23/2019 14:00",22.99279114,"tank1_control_yes_Red"
"11/23/2019","D2",40,"14:00","tank1","D2_C1","CNW","control","no","Red",227,0,"11/23/2019 14:00","week5","tank1_control_no_11/23/2019 14:00",22.05392808,"tank1_control_no_Red"
"11/24/2019","D3",40,"14:00","tank4","D3_H1","HW","heating","yes","Red",239,0,"11/24/2019 14:00","week5","tank4_heating_yes_11/24/2019 14:00",29.62509318,"tank4_heating_yes_Red"
"11/24/2019","D3",40,"14:00","tank4","D3_H1","HNW","heating","no","Red",NA,NA,"11/24/2019 14:00","week5","tank4_heating_no_11/24/2019 14:00",31.65666996,"tank4_heating_no_Red"
"11/24/2019","D3",40,"14:00","tank3","D3_H2","HW","heating","yes","Red",228,2,"11/24/2019 14:00","week5","tank3_heating_yes_11/24/2019 14:00",30.81077689,"tank3_heating_yes_Red"
"11/24/2019","D3",40,"14:00","tank3","D3_H2","HNW","heating","no","Red",228,-3,"11/24/2019 14:00","week5","tank3_heating_no_11/24/2019 14:00",34.8682119,"tank3_heating_no_Red"
"11/24/2019","D3",40,"14:00","tank2","D3_C2","CW","control","yes","Red",228,-8,"11/24/2019 14:00","week5","tank2_control_yes_11/24/2019 14:00",23.67225566,"tank2_control_yes_Red"
"11/24/2019","D3",40,"14:00","tank2","D3_C2","CNW","control","no","Red",226,0,"11/24/2019 14:00","week5","tank2_control_no_11/24/2019 14:00",24.69296298,"tank2_control_no_Red"
"11/24/2019","D3",40,"14:00","tank1","D3_C1","CW","control","yes","Red",229,0,"11/24/2019 14:00","week5","tank1_control_yes_11/24/2019 14:00",23.13703774,"tank1_control_yes_Red"
"11/24/2019","D3",40,"14:00","tank1","D3_C1","CNW","control","no","Red",226,0,"11/24/2019 14:00","week5","tank1_control_no_11/24/2019 14:00",22.98487378,"tank1_control_no_Red"
"11/25/2019","D4",40,"14:00","tank4","D4_H1","HW","heating","yes","Red",250,0,"11/25/2019 14:00","week5","tank4_heating_yes_11/25/2019 14:00",30.5040309,"tank4_heating_yes_Red"
"11/25/2019","D4",40,"14:00","tank4","D4_H1","HNW","heating","no","Red",NA,NA,"11/25/2019 14:00","week5","tank4_heating_no_11/25/2019 14:00",33.4041661,"tank4_heating_no_Red"
"11/25/2019","D4",40,"14:00","tank3","D4_H2","HW","heating","yes","Red",231,4,"11/25/2019 14:00","week5","tank3_heating_yes_11/25/2019 14:00",30.89739193,"tank3_heating_yes_Red"
"11/25/2019","D4",40,"14:00","tank3","D4_H2","HNW","heating","no","Red",226,-2,"11/25/2019 14:00","week5","tank3_heating_no_11/25/2019 14:00",32.78381485,"tank3_heating_no_Red"
"11/25/2019","D4",40,"14:00","tank2","D4_C2","CW","control","yes","Red",227,-1,"11/25/2019 14:00","week5","tank2_control_yes_11/25/2019 14:00",23.57506008,"tank2_control_yes_Red"
"11/25/2019","D4",40,"14:00","tank2","D4_C2","CNW","control","no","Red",224,0,"11/25/2019 14:00","week5","tank2_control_no_11/25/2019 14:00",24.58689492,"tank2_control_no_Red"
"11/25/2019","D4",40,"14:00","tank1","D4_C1","CW","control","yes","Red",230,2,"11/25/2019 14:00","week5","tank1_control_yes_11/25/2019 14:00",23.19473637,"tank1_control_yes_Red"
"11/25/2019","D4",40,"14:00","tank1","D4_C1","CNW","control","no","Red",225,0,"11/25/2019 14:00","week5","tank1_control_no_11/25/2019 14:00",23.02326329,"tank1_control_no_Red"
"11/26/2019","D5",40,"14:00","tank4","D5_H1","HW","heating","yes","Red",250,5,"11/26/2019 14:00","week5","tank4_heating_yes_11/26/2019 14:00",30.79379059,"tank4_heating_yes_Red"
"11/26/2019","D5",40,"14:00","tank4","D5_H1","HNW","heating","no","Red",NA,NA,"11/26/2019 14:00","week5","tank4_heating_no_11/26/2019 14:00",34.88281668,"tank4_heating_no_Red"
"11/26/2019","D5",40,"14:00","tank3","D5_H2","HW","heating","yes","Red",230,4,"11/26/2019 14:00","week5","tank3_heating_yes_11/26/2019 14:00",30.83964857,"tank3_heating_yes_Red"
"11/26/2019","D5",40,"14:00","tank3","D5_H2","HNW","heating","no","Red",228,-2,"11/26/2019 14:00","week5","tank3_heating_no_11/26/2019 14:00",32.42841075,"tank3_heating_no_Red"
"11/26/2019","D5",40,"14:00","tank2","D5_C2","CW","control","yes","Red",227,2,"11/26/2019 14:00","week5","tank2_control_yes_11/26/2019 14:00",23.60421875,"tank2_control_yes_Red"
"11/26/2019","D5",40,"14:00","tank2","D5_C2","CNW","control","no","Red",224,-1,"11/26/2019 14:00","week5","tank2_control_no_11/26/2019 14:00",24.37475879,"tank2_control_no_Red"
"11/26/2019","D5",40,"14:00","tank1","D5_C1","CW","control","yes","Red",229,1,"11/26/2019 14:00","week5","tank1_control_yes_11/26/2019 14:00",23.08895554,"tank1_control_yes_Red"
"11/26/2019","D5",40,"14:00","tank1","D5_C1","CNW","control","no","Red",226,-1,"11/26/2019 14:00","week5","tank1_control_no_11/26/2019 14:00",22.85051048,"tank1_control_no_Red"
"11/22/2019","D1",40,"14:00","tank4","D1_H1","HW","heating","yes","Yellow",232,6,"11/22/2019 14:00","week5","tank4_heating_yes_11/22/2019 14:00",28.95864589,"tank4_heating_yes_Yellow"
"11/22/2019","D1",40,"14:00","tank4","D1_H1","HNW","heating","no","Yellow",250,0,"11/22/2019 14:00","week5","tank4_heating_no_11/22/2019 14:00",31.33981627,"tank4_heating_no_Yellow"
"11/22/2019","D1",40,"14:00","tank3","D1_H2","HW","heating","yes","Yellow",NA,NA,"11/22/2019 14:00","week5","tank3_heating_yes_11/22/2019 14:00",30.27183881,"tank3_heating_yes_Yellow"
"11/22/2019","D1",40,"14:00","tank3","D1_H2","HNW","heating","no","Yellow",221,-3,"11/22/2019 14:00","week5","tank3_heating_no_11/22/2019 14:00",32.03458458,"tank3_heating_no_Yellow"
"11/22/2019","D1",40,"14:00","tank2","D1_C2","CW","control","yes","Yellow",226,-1,"11/22/2019 14:00","week5","tank2_control_yes_11/22/2019 14:00",22.77805631,"tank2_control_yes_Yellow"
"11/22/2019","D1",40,"14:00","tank2","D1_C2","CNW","control","no","Yellow",221,-2,"11/22/2019 14:00","week5","tank2_control_no_11/22/2019 14:00",22.90909099,"tank2_control_no_Yellow"
"11/22/2019","D1",40,"14:00","tank1","D1_C1","CW","control","yes","Yellow",227,0,"11/22/2019 14:00","week5","tank1_control_yes_11/22/2019 14:00",22.34848969,"tank1_control_yes_Yellow"
"11/22/2019","D1",40,"14:00","tank1","D1_C1","CNW","control","no","Yellow",225,-1,"11/22/2019 14:00","week5","tank1_control_no_11/22/2019 14:00",21.67963033,"tank1_control_no_Yellow"
"11/23/2019","D2",40,"14:00","tank4","D2_H1","HW","heating","yes","Yellow",232,6,"11/23/2019 14:00","week5","tank4_heating_yes_11/23/2019 14:00",29.14216036,"tank4_heating_yes_Yellow"
"11/23/2019","D2",40,"14:00","tank4","D2_H1","HNW","heating","no","Yellow",NA,NA,"11/23/2019 14:00","week5","tank4_heating_no_11/23/2019 14:00",31.44543417,"tank4_heating_no_Yellow"
"11/23/2019","D2",40,"14:00","tank3","D2_H2","HW","heating","yes","Yellow",NA,NA,"11/23/2019 14:00","week5","tank3_heating_yes_11/23/2019 14:00",24.78621906,"tank3_heating_yes_Yellow"
"11/23/2019","D2",40,"14:00","tank3","D2_H2","HNW","heating","no","Yellow",222,-2,"11/23/2019 14:00","week5","tank3_heating_no_11/23/2019 14:00",25.14742937,"tank3_heating_no_Yellow"
"11/23/2019","D2",40,"14:00","tank2","D2_C2","CW","control","yes","Yellow",238,5,"11/23/2019 14:00","week5","tank2_control_yes_11/23/2019 14:00",23.30291245,"tank2_control_yes_Yellow"
"11/23/2019","D2",40,"14:00","tank2","D2_C2","CNW","control","no","Yellow",222,-1,"11/23/2019 14:00","week5","tank2_control_no_11/23/2019 14:00",22.82230803,"tank2_control_no_Yellow"
"11/23/2019","D2",40,"14:00","tank1","D2_C1","CW","control","yes","Yellow",228,1,"11/23/2019 14:00","week5","tank1_control_yes_11/23/2019 14:00",22.99279114,"tank1_control_yes_Yellow"
"11/23/2019","D2",40,"14:00","tank1","D2_C1","CNW","control","no","Yellow",223,-2,"11/23/2019 14:00","week5","tank1_control_no_11/23/2019 14:00",22.05392808,"tank1_control_no_Yellow"
"11/24/2019","D3",40,"14:00","tank4","D3_H1","HW","heating","yes","Yellow",237,-1,"11/24/2019 14:00","week5","tank4_heating_yes_11/24/2019 14:00",29.62509318,"tank4_heating_yes_Yellow"
"11/24/2019","D3",40,"14:00","tank4","D3_H1","HNW","heating","no","Yellow",NA,NA,"11/24/2019 14:00","week5","tank4_heating_no_11/24/2019 14:00",31.65666996,"tank4_heating_no_Yellow"
"11/24/2019","D3",40,"14:00","tank3","D3_H2","HW","heating","yes","Yellow",NA,NA,"11/24/2019 14:00","week5","tank3_heating_yes_11/24/2019 14:00",30.81077689,"tank3_heating_yes_Yellow"
"11/24/2019","D3",40,"14:00","tank3","D3_H2","HNW","heating","no","Yellow",221,-2,"11/24/2019 14:00","week5","tank3_heating_no_11/24/2019 14:00",34.8682119,"tank3_heating_no_Yellow"
"11/24/2019","D3",40,"14:00","tank2","D3_C2","CW","control","yes","Yellow",230,2,"11/24/2019 14:00","week5","tank2_control_yes_11/24/2019 14:00",23.67225566,"tank2_control_yes_Yellow"
"11/24/2019","D3",40,"14:00","tank2","D3_C2","CNW","control","no","Yellow",222,-1,"11/24/2019 14:00","week5","tank2_control_no_11/24/2019 14:00",24.69296298,"tank2_control_no_Yellow"
"11/24/2019","D3",40,"14:00","tank1","D3_C1","CW","control","yes","Yellow",227,0,"11/24/2019 14:00","week5","tank1_control_yes_11/24/2019 14:00",23.13703774,"tank1_control_yes_Yellow"
"11/24/2019","D3",40,"14:00","tank1","D3_C1","CNW","control","no","Yellow",224,0,"11/24/2019 14:00","week5","tank1_control_no_11/24/2019 14:00",22.98487378,"tank1_control_no_Yellow"
"11/25/2019","D4",40,"14:00","tank4","D4_H1","HW","heating","yes","Yellow",250,0,"11/25/2019 14:00","week5","tank4_heating_yes_11/25/2019 14:00",30.5040309,"tank4_heating_yes_Yellow"
"11/25/2019","D4",40,"14:00","tank4","D4_H1","HNW","heating","no","Yellow",NA,NA,"11/25/2019 14:00","week5","tank4_heating_no_11/25/2019 14:00",33.4041661,"tank4_heating_no_Yellow"
"11/25/2019","D4",40,"14:00","tank3","D4_H2","HW","heating","yes","Yellow",NA,NA,"11/25/2019 14:00","week5","tank3_heating_yes_11/25/2019 14:00",30.89739193,"tank3_heating_yes_Yellow"
"11/25/2019","D4",40,"14:00","tank3","D4_H2","HNW","heating","no","Yellow",222,-2,"11/25/2019 14:00","week5","tank3_heating_no_11/25/2019 14:00",32.78381485,"tank3_heating_no_Yellow"
"11/25/2019","D4",40,"14:00","tank2","D4_C2","CW","control","yes","Yellow",228,0,"11/25/2019 14:00","week5","tank2_control_yes_11/25/2019 14:00",23.57506008,"tank2_control_yes_Yellow"
"11/25/2019","D4",40,"14:00","tank2","D4_C2","CNW","control","no","Yellow",223,1,"11/25/2019 14:00","week5","tank2_control_no_11/25/2019 14:00",24.58689492,"tank2_control_no_Yellow"
"11/25/2019","D4",40,"14:00","tank1","D4_C1","CW","control","yes","Yellow",225,-1,"11/25/2019 14:00","week5","tank1_control_yes_11/25/2019 14:00",23.19473637,"tank1_control_yes_Yellow"
"11/25/2019","D4",40,"14:00","tank1","D4_C1","CNW","control","no","Yellow",224,1,"11/25/2019 14:00","week5","tank1_control_no_11/25/2019 14:00",23.02326329,"tank1_control_no_Yellow"
"11/26/2019","D5",40,"14:00","tank4","D5_H1","HW","heating","yes","Yellow",250,10,"11/26/2019 14:00","week5","tank4_heating_yes_11/26/2019 14:00",30.79379059,"tank4_heating_yes_Yellow"
"11/26/2019","D5",40,"14:00","tank4","D5_H1","HNW","heating","no","Yellow",NA,NA,"11/26/2019 14:00","week5","tank4_heating_no_11/26/2019 14:00",34.88281668,"tank4_heating_no_Yellow"
"11/26/2019","D5",40,"14:00","tank3","D5_H2","HW","heating","yes","Yellow",NA,NA,"11/26/2019 14:00","week5","tank3_heating_yes_11/26/2019 14:00",30.83964857,"tank3_heating_yes_Yellow"
"11/26/2019","D5",40,"14:00","tank3","D5_H2","HNW","heating","no","Yellow",220,-2,"11/26/2019 14:00","week5","tank3_heating_no_11/26/2019 14:00",32.42841075,"tank3_heating_no_Yellow"
"11/26/2019","D5",40,"14:00","tank2","D5_C2","CW","control","yes","Yellow",229,1,"11/26/2019 14:00","week5","tank2_control_yes_11/26/2019 14:00",23.60421875,"tank2_control_yes_Yellow"
"11/26/2019","D5",40,"14:00","tank2","D5_C2","CNW","control","no","Yellow",222,-1,"11/26/2019 14:00","week5","tank2_control_no_11/26/2019 14:00",24.37475879,"tank2_control_no_Yellow"
"11/26/2019","D5",40,"14:00","tank1","D5_C1","CW","control","yes","Yellow",224,-1,"11/26/2019 14:00","week5","tank1_control_yes_11/26/2019 14:00",23.08895554,"tank1_control_yes_Yellow"
"11/26/2019","D5",40,"14:00","tank1","D5_C1","CNW","control","no","Yellow",224,0,"11/26/2019 14:00","week5","tank1_control_no_11/26/2019 14:00",22.85051048,"tank1_control_no_Yellow"
"11/22/2019","D1",40,"14:00","tank4","D1_H1","HW","heating","yes","Black",224,1,"11/22/2019 14:00","week5","tank4_heating_yes_11/22/2019 14:00",28.95864589,"tank4_heating_yes_Black"
"11/22/2019","D1",40,"14:00","tank4","D1_H1","HNW","heating","no","Black",250,0,"11/22/2019 14:00","week5","tank4_heating_no_11/22/2019 14:00",31.33981627,"tank4_heating_no_Black"
"11/22/2019","D1",40,"14:00","tank3","D1_H2","HW","heating","yes","Black",223,0,"11/22/2019 14:00","week5","tank3_heating_yes_11/22/2019 14:00",30.27183881,"tank3_heating_yes_Black"
"11/22/2019","D1",40,"14:00","tank3","D1_H2","HNW","heating","no","Black",219,1,"11/22/2019 14:00","week5","tank3_heating_no_11/22/2019 14:00",32.03458458,"tank3_heating_no_Black"
"11/22/2019","D1",40,"14:00","tank2","D1_C2","CW","control","yes","Black",224,-2,"11/22/2019 14:00","week5","tank2_control_yes_11/22/2019 14:00",22.77805631,"tank2_control_yes_Black"
"11/22/2019","D1",40,"14:00","tank2","D1_C2","CNW","control","no","Black",222,-1,"11/22/2019 14:00","week5","tank2_control_no_11/22/2019 14:00",22.90909099,"tank2_control_no_Black"
"11/22/2019","D1",40,"14:00","tank1","D1_C1","CW","control","yes","Black",231,1,"11/22/2019 14:00","week5","tank1_control_yes_11/22/2019 14:00",22.34848969,"tank1_control_yes_Black"
"11/22/2019","D1",40,"14:00","tank1","D1_C1","CNW","control","no","Black",225,0,"11/22/2019 14:00","week5","tank1_control_no_11/22/2019 14:00",21.67963033,"tank1_control_no_Black"
"11/23/2019","D2",40,"14:00","tank4","D2_H1","HW","heating","yes","Black",225,2,"11/23/2019 14:00","week5","tank4_heating_yes_11/23/2019 14:00",29.14216036,"tank4_heating_yes_Black"
"11/23/2019","D2",40,"14:00","tank4","D2_H1","HNW","heating","no","Black",NA,NA,"11/23/2019 14:00","week5","tank4_heating_no_11/23/2019 14:00",31.44543417,"tank4_heating_no_Black"
"11/23/2019","D2",40,"14:00","tank3","D2_H2","HW","heating","yes","Black",224,4,"11/23/2019 14:00","week5","tank3_heating_yes_11/23/2019 14:00",24.78621906,"tank3_heating_yes_Black"
"11/23/2019","D2",40,"14:00","tank3","D2_H2","HNW","heating","no","Black",219,-1,"11/23/2019 14:00","week5","tank3_heating_no_11/23/2019 14:00",25.14742937,"tank3_heating_no_Black"
"11/23/2019","D2",40,"14:00","tank2","D2_C2","CW","control","yes","Black",223,0,"11/23/2019 14:00","week5","tank2_control_yes_11/23/2019 14:00",23.30291245,"tank2_control_yes_Black"
"11/23/2019","D2",40,"14:00","tank2","D2_C2","CNW","control","no","Black",225,-2,"11/23/2019 14:00","week5","tank2_control_no_11/23/2019 14:00",22.82230803,"tank2_control_no_Black"
"11/23/2019","D2",40,"14:00","tank1","D2_C1","CW","control","yes","Black",230,0,"11/23/2019 14:00","week5","tank1_control_yes_11/23/2019 14:00",22.99279114,"tank1_control_yes_Black"
"11/23/2019","D2",40,"14:00","tank1","D2_C1","CNW","control","no","Black",223,-2,"11/23/2019 14:00","week5","tank1_control_no_11/23/2019 14:00",22.05392808,"tank1_control_no_Black"
"11/24/2019","D3",40,"14:00","tank4","D3_H1","HW","heating","yes","Black",224,0,"11/24/2019 14:00","week5","tank4_heating_yes_11/24/2019 14:00",29.62509318,"tank4_heating_yes_Black"
"11/24/2019","D3",40,"14:00","tank4","D3_H1","HNW","heating","no","Black",NA,NA,"11/24/2019 14:00","week5","tank4_heating_no_11/24/2019 14:00",31.65666996,"tank4_heating_no_Black"
"11/24/2019","D3",40,"14:00","tank3","D3_H2","HW","heating","yes","Black",224,0,"11/24/2019 14:00","week5","tank3_heating_yes_11/24/2019 14:00",30.81077689,"tank3_heating_yes_Black"
"11/24/2019","D3",40,"14:00","tank3","D3_H2","HNW","heating","no","Black",218,-6,"11/24/2019 14:00","week5","tank3_heating_no_11/24/2019 14:00",34.8682119,"tank3_heating_no_Black"
"11/24/2019","D3",40,"14:00","tank2","D3_C2","CW","control","yes","Black",225,4,"11/24/2019 14:00","week5","tank2_control_yes_11/24/2019 14:00",23.67225566,"tank2_control_yes_Black"
"11/24/2019","D3",40,"14:00","tank2","D3_C2","CNW","control","no","Black",224,0,"11/24/2019 14:00","week5","tank2_control_no_11/24/2019 14:00",24.69296298,"tank2_control_no_Black"
"11/24/2019","D3",40,"14:00","tank1","D3_C1","CW","control","yes","Black",230,0,"11/24/2019 14:00","week5","tank1_control_yes_11/24/2019 14:00",23.13703774,"tank1_control_yes_Black"
"11/24/2019","D3",40,"14:00","tank1","D3_C1","CNW","control","no","Black",224,-1,"11/24/2019 14:00","week5","tank1_control_no_11/24/2019 14:00",22.98487378,"tank1_control_no_Black"
"11/25/2019","D4",40,"14:00","tank4","D4_H1","HW","heating","yes","Black",224,2,"11/25/2019 14:00","week5","tank4_heating_yes_11/25/2019 14:00",30.5040309,"tank4_heating_yes_Black"
"11/25/2019","D4",40,"14:00","tank4","D4_H1","HNW","heating","no","Black",NA,NA,"11/25/2019 14:00","week5","tank4_heating_no_11/25/2019 14:00",33.4041661,"tank4_heating_no_Black"
"11/25/2019","D4",40,"14:00","tank3","D4_H2","HW","heating","yes","Black",223,1,"11/25/2019 14:00","week5","tank3_heating_yes_11/25/2019 14:00",30.89739193,"tank3_heating_yes_Black"
"11/25/2019","D4",40,"14:00","tank3","D4_H2","HNW","heating","no","Black",216,-6,"11/25/2019 14:00","week5","tank3_heating_no_11/25/2019 14:00",32.78381485,"tank3_heating_no_Black"
"11/25/2019","D4",40,"14:00","tank2","D4_C2","CW","control","yes","Black",223,0,"11/25/2019 14:00","week5","tank2_control_yes_11/25/2019 14:00",23.57506008,"tank2_control_yes_Black"
"11/25/2019","D4",40,"14:00","tank2","D4_C2","CNW","control","no","Black",226,1,"11/25/2019 14:00","week5","tank2_control_no_11/25/2019 14:00",24.58689492,"tank2_control_no_Black"
"11/25/2019","D4",40,"14:00","tank1","D4_C1","CW","control","yes","Black",229,0,"11/25/2019 14:00","week5","tank1_control_yes_11/25/2019 14:00",23.19473637,"tank1_control_yes_Black"
"11/25/2019","D4",40,"14:00","tank1","D4_C1","CNW","control","no","Black",225,1,"11/25/2019 14:00","week5","tank1_control_no_11/25/2019 14:00",23.02326329,"tank1_control_no_Black"
"11/26/2019","D5",40,"14:00","tank4","D5_H1","HW","heating","yes","Black",243,19,"11/26/2019 14:00","week5","tank4_heating_yes_11/26/2019 14:00",30.79379059,"tank4_heating_yes_Black"
"11/26/2019","D5",40,"14:00","tank4","D5_H1","HNW","heating","no","Black",NA,NA,"11/26/2019 14:00","week5","tank4_heating_no_11/26/2019 14:00",34.88281668,"tank4_heating_no_Black"
"11/26/2019","D5",40,"14:00","tank3","D5_H2","HW","heating","yes","Black",223,2,"11/26/2019 14:00","week5","tank3_heating_yes_11/26/2019 14:00",30.83964857,"tank3_heating_yes_Black"
"11/26/2019","D5",40,"14:00","tank3","D5_H2","HNW","heating","no","Black",219,-5,"11/26/2019 14:00","week5","tank3_heating_no_11/26/2019 14:00",32.42841075,"tank3_heating_no_Black"
"11/26/2019","D5",40,"14:00","tank2","D5_C2","CW","control","yes","Black",223,1,"11/26/2019 14:00","week5","tank2_control_yes_11/26/2019 14:00",23.60421875,"tank2_control_yes_Black"
"11/26/2019","D5",40,"14:00","tank2","D5_C2","CNW","control","no","Black",230,1,"11/26/2019 14:00","week5","tank2_control_no_11/26/2019 14:00",24.37475879,"tank2_control_no_Black"
"11/26/2019","D5",40,"14:00","tank1","D5_C1","CW","control","yes","Black",231,1,"11/26/2019 14:00","week5","tank1_control_yes_11/26/2019 14:00",23.08895554,"tank1_control_yes_Black"
"11/26/2019","D5",40,"14:00","tank1","D5_C1","CNW","control","no","Black",226,1,"11/26/2019 14:00","week5","tank1_control_no_11/26/2019 14:00",22.85051048,"tank1_control_no_Black"
"11/22/2019","D1",40,"14:00","tank4","D1_H1","HW","heating","yes","White",223,1,"11/22/2019 14:00","week5","tank4_heating_yes_11/22/2019 14:00",28.95864589,"tank4_heating_yes_White"
"11/22/2019","D1",40,"14:00","tank4","D1_H1","HNW","heating","no","White",250,0,"11/22/2019 14:00","week5","tank4_heating_no_11/22/2019 14:00",31.33981627,"tank4_heating_no_White"
"11/22/2019","D1",40,"14:00","tank3","D1_H2","HW","heating","yes","White",243,8,"11/22/2019 14:00","week5","tank3_heating_yes_11/22/2019 14:00",30.27183881,"tank3_heating_yes_White"
"11/22/2019","D1",40,"14:00","tank3","D1_H2","HNW","heating","no","White",228,-1,"11/22/2019 14:00","week5","tank3_heating_no_11/22/2019 14:00",32.03458458,"tank3_heating_no_White"
"11/22/2019","D1",40,"14:00","tank2","D1_C2","CW","control","yes","White",223,-1,"11/22/2019 14:00","week5","tank2_control_yes_11/22/2019 14:00",22.77805631,"tank2_control_yes_White"
"11/22/2019","D1",40,"14:00","tank2","D1_C2","CNW","control","no","White",229,-2,"11/22/2019 14:00","week5","tank2_control_no_11/22/2019 14:00",22.90909099,"tank2_control_no_White"
"11/22/2019","D1",40,"14:00","tank1","D1_C1","CW","control","yes","White",224,0,"11/22/2019 14:00","week5","tank1_control_yes_11/22/2019 14:00",22.34848969,"tank1_control_yes_White"
"11/22/2019","D1",40,"14:00","tank1","D1_C1","CNW","control","no","White",229,1,"11/22/2019 14:00","week5","tank1_control_no_11/22/2019 14:00",21.67963033,"tank1_control_no_White"
"11/23/2019","D2",40,"14:00","tank4","D2_H1","HW","heating","yes","White",222,-13,"11/23/2019 14:00","week5","tank4_heating_yes_11/23/2019 14:00",29.14216036,"tank4_heating_yes_White"
"11/23/2019","D2",40,"14:00","tank4","D2_H1","HNW","heating","no","White",NA,NA,"11/23/2019 14:00","week5","tank4_heating_no_11/23/2019 14:00",31.44543417,"tank4_heating_no_White"
"11/23/2019","D2",40,"14:00","tank3","D2_H2","HW","heating","yes","White",235,6,"11/23/2019 14:00","week5","tank3_heating_yes_11/23/2019 14:00",24.78621906,"tank3_heating_yes_White"
"11/23/2019","D2",40,"14:00","tank3","D2_H2","HNW","heating","no","White",229,-2,"11/23/2019 14:00","week5","tank3_heating_no_11/23/2019 14:00",25.14742937,"tank3_heating_no_White"
"11/23/2019","D2",40,"14:00","tank2","D2_C2","CW","control","yes","White",225,3,"11/23/2019 14:00","week5","tank2_control_yes_11/23/2019 14:00",23.30291245,"tank2_control_yes_White"
"11/23/2019","D2",40,"14:00","tank2","D2_C2","CNW","control","no","White",226,-3,"11/23/2019 14:00","week5","tank2_control_no_11/23/2019 14:00",22.82230803,"tank2_control_no_White"
"11/23/2019","D2",40,"14:00","tank1","D2_C1","CW","control","yes","White",222,-3,"11/23/2019 14:00","week5","tank1_control_yes_11/23/2019 14:00",22.99279114,"tank1_control_yes_White"
"11/23/2019","D2",40,"14:00","tank1","D2_C1","CNW","control","no","White",226,-1,"11/23/2019 14:00","week5","tank1_control_no_11/23/2019 14:00",22.05392808,"tank1_control_no_White"
"11/24/2019","D3",40,"14:00","tank4","D3_H1","HW","heating","yes","White",224,5,"11/24/2019 14:00","week5","tank4_heating_yes_11/24/2019 14:00",29.62509318,"tank4_heating_yes_White"
"11/24/2019","D3",40,"14:00","tank4","D3_H1","HNW","heating","no","White",NA,NA,"11/24/2019 14:00","week5","tank4_heating_no_11/24/2019 14:00",31.65666996,"tank4_heating_no_White"
"11/24/2019","D3",40,"14:00","tank3","D3_H2","HW","heating","yes","White",231,3,"11/24/2019 14:00","week5","tank3_heating_yes_11/24/2019 14:00",30.81077689,"tank3_heating_yes_White"
"11/24/2019","D3",40,"14:00","tank3","D3_H2","HNW","heating","no","White",231,0,"11/24/2019 14:00","week5","tank3_heating_no_11/24/2019 14:00",34.8682119,"tank3_heating_no_White"
"11/24/2019","D3",40,"14:00","tank2","D3_C2","CW","control","yes","White",224,1,"11/24/2019 14:00","week5","tank2_control_yes_11/24/2019 14:00",23.67225566,"tank2_control_yes_White"
"11/24/2019","D3",40,"14:00","tank2","D3_C2","CNW","control","no","White",227,0,"11/24/2019 14:00","week5","tank2_control_no_11/24/2019 14:00",24.69296298,"tank2_control_no_White"
"11/24/2019","D3",40,"14:00","tank1","D3_C1","CW","control","yes","White",224,1,"11/24/2019 14:00","week5","tank1_control_yes_11/24/2019 14:00",23.13703774,"tank1_control_yes_White"
"11/24/2019","D3",40,"14:00","tank1","D3_C1","CNW","control","no","White",228,1,"11/24/2019 14:00","week5","tank1_control_no_11/24/2019 14:00",22.98487378,"tank1_control_no_White"
"11/25/2019","D4",40,"14:00","tank4","D4_H1","HW","heating","yes","White",246,4,"11/25/2019 14:00","week5","tank4_heating_yes_11/25/2019 14:00",30.5040309,"tank4_heating_yes_White"
"11/25/2019","D4",40,"14:00","tank4","D4_H1","HNW","heating","no","White",NA,NA,"11/25/2019 14:00","week5","tank4_heating_no_11/25/2019 14:00",33.4041661,"tank4_heating_no_White"
"11/25/2019","D4",40,"14:00","tank3","D4_H2","HW","heating","yes","White",229,0,"11/25/2019 14:00","week5","tank3_heating_yes_11/25/2019 14:00",30.89739193,"tank3_heating_yes_White"
"11/25/2019","D4",40,"14:00","tank3","D4_H2","HNW","heating","no","White",NA,NA,"11/25/2019 14:00","week5","tank3_heating_no_11/25/2019 14:00",32.78381485,"tank3_heating_no_White"
"11/25/2019","D4",40,"14:00","tank2","D4_C2","CW","control","yes","White",223,0,"11/25/2019 14:00","week5","tank2_control_yes_11/25/2019 14:00",23.57506008,"tank2_control_yes_White"
"11/25/2019","D4",40,"14:00","tank2","D4_C2","CNW","control","no","White",226,0,"11/25/2019 14:00","week5","tank2_control_no_11/25/2019 14:00",24.58689492,"tank2_control_no_White"
"11/25/2019","D4",40,"14:00","tank1","D4_C1","CW","control","yes","White",220,-7,"11/25/2019 14:00","week5","tank1_control_yes_11/25/2019 14:00",23.19473637,"tank1_control_yes_White"
"11/25/2019","D4",40,"14:00","tank1","D4_C1","CNW","control","no","White",228,1,"11/25/2019 14:00","week5","tank1_control_no_11/25/2019 14:00",23.02326329,"tank1_control_no_White"
"11/26/2019","D5",40,"14:00","tank4","D5_H1","HW","heating","yes","White",248,8,"11/26/2019 14:00","week5","tank4_heating_yes_11/26/2019 14:00",30.79379059,"tank4_heating_yes_White"
"11/26/2019","D5",40,"14:00","tank4","D5_H1","HNW","heating","no","White",NA,NA,"11/26/2019 14:00","week5","tank4_heating_no_11/26/2019 14:00",34.88281668,"tank4_heating_no_White"
"11/26/2019","D5",40,"14:00","tank3","D5_H2","HW","heating","yes","White",229,-2,"11/26/2019 14:00","week5","tank3_heating_yes_11/26/2019 14:00",30.83964857,"tank3_heating_yes_White"
"11/26/2019","D5",40,"14:00","tank3","D5_H2","HNW","heating","no","White",NA,NA,"11/26/2019 14:00","week5","tank3_heating_no_11/26/2019 14:00",32.42841075,"tank3_heating_no_White"
"11/26/2019","D5",40,"14:00","tank2","D5_C2","CW","control","yes","White",223,1,"11/26/2019 14:00","week5","tank2_control_yes_11/26/2019 14:00",23.60421875,"tank2_control_yes_White"
"11/26/2019","D5",40,"14:00","tank2","D5_C2","CNW","control","no","White",227,0,"11/26/2019 14:00","week5","tank2_control_no_11/26/2019 14:00",24.37475879,"tank2_control_no_White"
"11/26/2019","D5",40,"14:00","tank1","D5_C1","CW","control","yes","White",220,2,"11/26/2019 14:00","week5","tank1_control_yes_11/26/2019 14:00",23.08895554,"tank1_control_yes_White"
"11/26/2019","D5",40,"14:00","tank1","D5_C1","CNW","control","no","White",233,0,"11/26/2019 14:00","week5","tank1_control_no_11/26/2019 14:00",22.85051048,"tank1_control_no_White"
"11/22/2019","D1",40,"15:30","tank4","D1_H1","HW","heating","yes","Red",232,-3,"11/22/2019 15:30","week5","tank4_heating_yes_11/22/2019 15:30",29.46089602,"tank4_heating_yes_Red"
"11/22/2019","D1",40,"15:30","tank4","D1_H1","HNW","heating","no","Red",NA,NA,"11/22/2019 15:30","week5","tank4_heating_no_11/22/2019 15:30",30.81172677,"tank4_heating_no_Red"
"11/22/2019","D1",40,"15:30","tank3","D1_H2","HW","heating","yes","Red",229,1,"11/22/2019 15:30","week5","tank3_heating_yes_11/22/2019 15:30",31.70579906,"tank3_heating_yes_Red"
"11/22/2019","D1",40,"15:30","tank3","D1_H2","HNW","heating","no","Red",229,-4,"11/22/2019 15:30","week5","tank3_heating_no_11/22/2019 15:30",32.76460382,"tank3_heating_no_Red"
"11/22/2019","D1",40,"15:30","tank2","D1_C2","CW","control","yes","Red",227,-1,"11/22/2019 15:30","week5","tank2_control_yes_11/22/2019 15:30",22.77805631,"tank2_control_yes_Red"
"11/22/2019","D1",40,"15:30","tank2","D1_C2","CNW","control","no","Red",225,-2,"11/22/2019 15:30","week5","tank2_control_no_11/22/2019 15:30",23.27550794,"tank2_control_no_Red"
"11/22/2019","D1",40,"15:30","tank1","D1_C1","CW","control","yes","Red",229,-1,"11/22/2019 15:30","week5","tank1_control_yes_11/22/2019 15:30",22.43503765,"tank1_control_yes_Red"
"11/22/2019","D1",40,"15:30","tank1","D1_C1","CNW","control","no","Red",226,0,"11/22/2019 15:30","week5","tank1_control_no_11/22/2019 15:30",21.71801985,"tank1_control_no_Red"
"11/23/2019","D2",40,"15:30","tank4","D2_H1","HW","heating","yes","Red",247,14,"11/23/2019 15:30","week5","tank4_heating_yes_11/23/2019 15:30",30.35915106,"tank4_heating_yes_Red"
"11/23/2019","D2",40,"15:30","tank4","D2_H1","HNW","heating","no","Red",NA,NA,"11/23/2019 15:30","week5","tank4_heating_no_11/23/2019 15:30",36.1982396,"tank4_heating_no_Red"
"11/23/2019","D2",40,"15:30","tank3","D2_H2","HW","heating","yes","Red",231,1,"11/23/2019 15:30","week5","tank3_heating_yes_11/23/2019 15:30",28.30856437,"tank3_heating_yes_Red"
"11/23/2019","D2",40,"15:30","tank3","D2_H2","HNW","heating","no","Red",228,-4,"11/23/2019 15:30","week5","tank3_heating_no_11/23/2019 15:30",34.95466154,"tank3_heating_no_Red"
"11/23/2019","D2",40,"15:30","tank2","D2_C2","CW","control","yes","Red",233,-5,"11/23/2019 15:30","week5","tank2_control_yes_11/23/2019 15:30",23.33207113,"tank2_control_yes_Red"
"11/23/2019","D2",40,"15:30","tank2","D2_C2","CNW","control","no","Red",225,-2,"11/23/2019 15:30","week5","tank2_control_no_11/23/2019 15:30",23.75763551,"tank2_control_no_Red"
"11/23/2019","D2",40,"15:30","tank1","D2_C1","CW","control","yes","Red",230,-2,"11/23/2019 15:30","week5","tank1_control_yes_11/23/2019 15:30",22.89662675,"tank1_control_yes_Red"
"11/23/2019","D2",40,"15:30","tank1","D2_C1","CNW","control","no","Red",227,0,"11/23/2019 15:30","week5","tank1_control_no_11/23/2019 15:30",22.26507041,"tank1_control_no_Red"
"11/24/2019","D3",40,"15:30","tank4","D3_H1","HW","heating","yes","Red",240,1,"11/24/2019 15:30","week5","tank4_heating_yes_11/24/2019 15:30",29.53816527,"tank4_heating_yes_Red"
"11/24/2019","D3",40,"15:30","tank4","D3_H1","HNW","heating","no","Red",NA,NA,"11/24/2019 15:30","week5","tank4_heating_no_11/24/2019 15:30",31.17658861,"tank4_heating_no_Red"
"11/24/2019","D3",40,"15:30","tank3","D3_H2","HW","heating","yes","Red",228,2,"11/24/2019 15:30","week5","tank3_heating_yes_11/24/2019 15:30",31.05137424,"tank3_heating_yes_Red"
"11/24/2019","D3",40,"15:30","tank3","D3_H2","HNW","heating","no","Red",227,-4,"11/24/2019 15:30","week5","tank3_heating_no_11/24/2019 15:30",32.03458458,"tank3_heating_no_Red"
"11/24/2019","D3",40,"15:30","tank2","D3_C2","CW","control","yes","Red",228,-8,"11/24/2019 15:30","week5","tank2_control_yes_11/24/2019 15:30",23.62365787,"tank2_control_yes_Red"
"11/24/2019","D3",40,"15:30","tank2","D3_C2","CNW","control","no","Red",225,-1,"11/24/2019 15:30","week5","tank2_control_no_11/24/2019 15:30",23.22729518,"tank2_control_no_Red"
"11/24/2019","D3",40,"15:30","tank1","D3_C1","CW","control","yes","Red",229,0,"11/24/2019 15:30","week5","tank1_control_yes_11/24/2019 15:30",23.19473637,"tank1_control_yes_Red"
"11/24/2019","D3",40,"15:30","tank1","D3_C1","CNW","control","no","Red",225,-1,"11/24/2019 15:30","week5","tank1_control_no_11/24/2019 15:30",22.3130573,"tank1_control_no_Red"
"11/25/2019","D4",40,"15:30","tank4","D4_H1","HW","heating","yes","Red",250,0,"11/25/2019 15:30","week5","tank4_heating_yes_11/25/2019 15:30",30.35915106,"tank4_heating_yes_Red"
"11/25/2019","D4",40,"15:30","tank4","D4_H1","HNW","heating","no","Red",NA,NA,"11/25/2019 15:30","week5","tank4_heating_no_11/25/2019 15:30",32.38639362,"tank4_heating_no_Red"
"11/25/2019","D4",40,"15:30","tank3","D4_H2","HW","heating","yes","Red",231,4,"11/25/2019 15:30","week5","tank3_heating_yes_11/25/2019 15:30",31.78279021,"tank3_heating_yes_Red"
"11/25/2019","D4",40,"15:30","tank3","D4_H2","HNW","heating","no","Red",226,-2,"11/25/2019 15:30","week5","tank3_heating_no_11/25/2019 15:30",35.06992774,"tank3_heating_no_Red"
"11/25/2019","D4",40,"15:30","tank2","D4_C2","CW","control","yes","Red",228,0,"11/25/2019 15:30","week5","tank2_control_yes_11/25/2019 15:30",23.67225566,"tank2_control_yes_Red"
"11/25/2019","D4",40,"15:30","tank2","D4_C2","CNW","control","no","Red",224,0,"11/25/2019 15:30","week5","tank2_control_no_11/25/2019 15:30",24.87617146,"tank2_control_no_Red"
"11/25/2019","D4",40,"15:30","tank1","D4_C1","CW","control","yes","Red",232,4,"11/25/2019 15:30","week5","tank1_control_yes_11/25/2019 15:30",23.28128433,"tank1_control_yes_Red"
"11/25/2019","D4",40,"15:30","tank1","D4_C1","CNW","control","no","Red",225,0,"11/25/2019 15:30","week5","tank1_control_no_11/25/2019 15:30",23.16722396,"tank1_control_no_Red"
"11/26/2019","D5",40,"15:30","tank4","D5_H1","HW","heating","yes","Red",250,5,"11/26/2019 15:30","week5","tank4_heating_yes_11/26/2019 15:30",30.8807185,"tank4_heating_yes_Red"
"11/26/2019","D5",40,"15:30","tank4","D5_H1","HNW","heating","no","Red",NA,NA,"11/26/2019 15:30","week5","tank4_heating_no_11/26/2019 15:30",33.2985482,"tank4_heating_no_Red"
"11/26/2019","D5",40,"15:30","tank3","D5_H2","HW","heating","yes","Red",230,4,"11/26/2019 15:30","week5","tank3_heating_yes_11/26/2019 15:30",31.37858665,"tank3_heating_yes_Red"
"11/26/2019","D5",40,"15:30","tank3","D5_H2","HNW","heating","no","Red",229,-1,"11/26/2019 15:30","week5","tank3_heating_no_11/26/2019 15:30",32.60131004,"tank3_heating_no_Red"
"11/26/2019","D5",40,"15:30","tank2","D5_C2","CW","control","yes","Red",227,2,"11/26/2019 15:30","week5","tank2_control_yes_11/26/2019 15:30",23.69169478,"tank2_control_yes_Red"
"11/26/2019","D5",40,"15:30","tank2","D5_C2","CNW","control","no","Red",225,0,"11/26/2019 15:30","week5","tank2_control_no_11/26/2019 15:30",24.60618002,"tank2_control_no_Red"
"11/26/2019","D5",40,"15:30","tank1","D5_C1","CW","control","yes","Red",229,1,"11/26/2019 15:30","week5","tank1_control_yes_11/26/2019 15:30",23.13703774,"tank1_control_yes_Red"
"11/26/2019","D5",40,"15:30","tank1","D5_C1","CNW","control","no","Red",227,0,"11/26/2019 15:30","week5","tank1_control_no_11/26/2019 15:30",22.89849737,"tank1_control_no_Red"
"11/22/2019","D1",40,"15:30","tank4","D1_H1","HW","heating","yes","Yellow",232,6,"11/22/2019 15:30","week5","tank4_heating_yes_11/22/2019 15:30",29.46089602,"tank4_heating_yes_Yellow"
"11/22/2019","D1",40,"15:30","tank4","D1_H1","HNW","heating","no","Yellow",250,0,"11/22/2019 15:30","week5","tank4_heating_no_11/22/2019 15:30",30.81172677,"tank4_heating_no_Yellow"
"11/22/2019","D1",40,"15:30","tank3","D1_H2","HW","heating","yes","Yellow",NA,NA,"11/22/2019 15:30","week5","tank3_heating_yes_11/22/2019 15:30",31.70579906,"tank3_heating_yes_Yellow"
"11/22/2019","D1",40,"15:30","tank3","D1_H2","HNW","heating","no","Yellow",222,-2,"11/22/2019 15:30","week5","tank3_heating_no_11/22/2019 15:30",32.76460382,"tank3_heating_no_Yellow"
"11/22/2019","D1",40,"15:30","tank2","D1_C2","CW","control","yes","Yellow",228,1,"11/22/2019 15:30","week5","tank2_control_yes_11/22/2019 15:30",22.77805631,"tank2_control_yes_Yellow"
"11/22/2019","D1",40,"15:30","tank2","D1_C2","CNW","control","no","Yellow",223,0,"11/22/2019 15:30","week5","tank2_control_no_11/22/2019 15:30",23.27550794,"tank2_control_no_Yellow"
"11/22/2019","D1",40,"15:30","tank1","D1_C1","CW","control","yes","Yellow",227,0,"11/22/2019 15:30","week5","tank1_control_yes_11/22/2019 15:30",22.43503765,"tank1_control_yes_Yellow"
"11/22/2019","D1",40,"15:30","tank1","D1_C1","CNW","control","no","Yellow",225,-1,"11/22/2019 15:30","week5","tank1_control_no_11/22/2019 15:30",21.71801985,"tank1_control_no_Yellow"
"11/23/2019","D2",40,"15:30","tank4","D2_H1","HW","heating","yes","Yellow",232,6,"11/23/2019 15:30","week5","tank4_heating_yes_11/23/2019 15:30",30.35915106,"tank4_heating_yes_Yellow"
"11/23/2019","D2",40,"15:30","tank4","D2_H1","HNW","heating","no","Yellow",NA,NA,"11/23/2019 15:30","week5","tank4_heating_no_11/23/2019 15:30",36.1982396,"tank4_heating_no_Yellow"
"11/23/2019","D2",40,"15:30","tank3","D2_H2","HW","heating","yes","Yellow",NA,NA,"11/23/2019 15:30","week5","tank3_heating_yes_11/23/2019 15:30",28.30856437,"tank3_heating_yes_Yellow"
"11/23/2019","D2",40,"15:30","tank3","D2_H2","HNW","heating","no","Yellow",222,-2,"11/23/2019 15:30","week5","tank3_heating_no_11/23/2019 15:30",34.95466154,"tank3_heating_no_Yellow"
"11/23/2019","D2",40,"15:30","tank2","D2_C2","CW","control","yes","Yellow",237,4,"11/23/2019 15:30","week5","tank2_control_yes_11/23/2019 15:30",23.33207113,"tank2_control_yes_Yellow"
"11/23/2019","D2",40,"15:30","tank2","D2_C2","CNW","control","no","Yellow",223,0,"11/23/2019 15:30","week5","tank2_control_no_11/23/2019 15:30",23.75763551,"tank2_control_no_Yellow"
"11/23/2019","D2",40,"15:30","tank1","D2_C1","CW","control","yes","Yellow",226,-1,"11/23/2019 15:30","week5","tank1_control_yes_11/23/2019 15:30",22.89662675,"tank1_control_yes_Yellow"
"11/23/2019","D2",40,"15:30","tank1","D2_C1","CNW","control","no","Yellow",223,-2,"11/23/2019 15:30","week5","tank1_control_no_11/23/2019 15:30",22.26507041,"tank1_control_no_Yellow"
"11/24/2019","D3",40,"15:30","tank4","D3_H1","HW","heating","yes","Yellow",239,1,"11/24/2019 15:30","week5","tank4_heating_yes_11/24/2019 15:30",29.53816527,"tank4_heating_yes_Yellow"
"11/24/2019","D3",40,"15:30","tank4","D3_H1","HNW","heating","no","Yellow",NA,NA,"11/24/2019 15:30","week5","tank4_heating_no_11/24/2019 15:30",31.17658861,"tank4_heating_no_Yellow"
"11/24/2019","D3",40,"15:30","tank3","D3_H2","HW","heating","yes","Yellow",NA,NA,"11/24/2019 15:30","week5","tank3_heating_yes_11/24/2019 15:30",31.05137424,"tank3_heating_yes_Yellow"
"11/24/2019","D3",40,"15:30","tank3","D3_H2","HNW","heating","no","Yellow",221,-2,"11/24/2019 15:30","week5","tank3_heating_no_11/24/2019 15:30",32.03458458,"tank3_heating_no_Yellow"
"11/24/2019","D3",40,"15:30","tank2","D3_C2","CW","control","yes","Yellow",229,1,"11/24/2019 15:30","week5","tank2_control_yes_11/24/2019 15:30",23.62365787,"tank2_control_yes_Yellow"
"11/24/2019","D3",40,"15:30","tank2","D3_C2","CNW","control","no","Yellow",222,-1,"11/24/2019 15:30","week5","tank2_control_no_11/24/2019 15:30",23.22729518,"tank2_control_no_Yellow"
"11/24/2019","D3",40,"15:30","tank1","D3_C1","CW","control","yes","Yellow",227,0,"11/24/2019 15:30","week5","tank1_control_yes_11/24/2019 15:30",23.19473637,"tank1_control_yes_Yellow"
"11/24/2019","D3",40,"15:30","tank1","D3_C1","CNW","control","no","Yellow",224,0,"11/24/2019 15:30","week5","tank1_control_no_11/24/2019 15:30",22.3130573,"tank1_control_no_Yellow"
"11/25/2019","D4",40,"15:30","tank4","D4_H1","HW","heating","yes","Yellow",250,0,"11/25/2019 15:30","week5","tank4_heating_yes_11/25/2019 15:30",30.35915106,"tank4_heating_yes_Yellow"
"11/25/2019","D4",40,"15:30","tank4","D4_H1","HNW","heating","no","Yellow",NA,NA,"11/25/2019 15:30","week5","tank4_heating_no_11/25/2019 15:30",32.38639362,"tank4_heating_no_Yellow"
"11/25/2019","D4",40,"15:30","tank3","D4_H2","HW","heating","yes","Yellow",NA,NA,"11/25/2019 15:30","week5","tank3_heating_yes_11/25/2019 15:30",31.78279021,"tank3_heating_yes_Yellow"
"11/25/2019","D4",40,"15:30","tank3","D4_H2","HNW","heating","no","Yellow",222,-2,"11/25/2019 15:30","week5","tank3_heating_no_11/25/2019 15:30",35.06992774,"tank3_heating_no_Yellow"
"11/25/2019","D4",40,"15:30","tank2","D4_C2","CW","control","yes","Yellow",228,0,"11/25/2019 15:30","week5","tank2_control_yes_11/25/2019 15:30",23.67225566,"tank2_control_yes_Yellow"
"11/25/2019","D4",40,"15:30","tank2","D4_C2","CNW","control","no","Yellow",223,1,"11/25/2019 15:30","week5","tank2_control_no_11/25/2019 15:30",24.87617146,"tank2_control_no_Yellow"
"11/25/2019","D4",40,"15:30","tank1","D4_C1","CW","control","yes","Yellow",225,-1,"11/25/2019 15:30","week5","tank1_control_yes_11/25/2019 15:30",23.28128433,"tank1_control_yes_Yellow"
"11/25/2019","D4",40,"15:30","tank1","D4_C1","CNW","control","no","Yellow",224,1,"11/25/2019 15:30","week5","tank1_control_no_11/25/2019 15:30",23.16722396,"tank1_control_no_Yellow"
"11/26/2019","D5",40,"15:30","tank4","D5_H1","HW","heating","yes","Yellow",250,10,"11/26/2019 15:30","week5","tank4_heating_yes_11/26/2019 15:30",30.8807185,"tank4_heating_yes_Yellow"
"11/26/2019","D5",40,"15:30","tank4","D5_H1","HNW","heating","no","Yellow",NA,NA,"11/26/2019 15:30","week5","tank4_heating_no_11/26/2019 15:30",33.2985482,"tank4_heating_no_Yellow"
"11/26/2019","D5",40,"15:30","tank3","D5_H2","HW","heating","yes","Yellow",NA,NA,"11/26/2019 15:30","week5","tank3_heating_yes_11/26/2019 15:30",31.37858665,"tank3_heating_yes_Yellow"
"11/26/2019","D5",40,"15:30","tank3","D5_H2","HNW","heating","no","Yellow",220,-2,"11/26/2019 15:30","week5","tank3_heating_no_11/26/2019 15:30",32.60131004,"tank3_heating_no_Yellow"
"11/26/2019","D5",40,"15:30","tank2","D5_C2","CW","control","yes","Yellow",231,3,"11/26/2019 15:30","week5","tank2_control_yes_11/26/2019 15:30",23.69169478,"tank2_control_yes_Yellow"
"11/26/2019","D5",40,"15:30","tank2","D5_C2","CNW","control","no","Yellow",223,0,"11/26/2019 15:30","week5","tank2_control_no_11/26/2019 15:30",24.60618002,"tank2_control_no_Yellow"
"11/26/2019","D5",40,"15:30","tank1","D5_C1","CW","control","yes","Yellow",225,0,"11/26/2019 15:30","week5","tank1_control_yes_11/26/2019 15:30",23.13703774,"tank1_control_yes_Yellow"
"11/26/2019","D5",40,"15:30","tank1","D5_C1","CNW","control","no","Yellow",224,0,"11/26/2019 15:30","week5","tank1_control_no_11/26/2019 15:30",22.89849737,"tank1_control_no_Yellow"
"11/22/2019","D1",40,"15:30","tank4","D1_H1","HW","heating","yes","Black",224,1,"11/22/2019 15:30","week5","tank4_heating_yes_11/22/2019 15:30",29.46089602,"tank4_heating_yes_Black"
"11/22/2019","D1",40,"15:30","tank4","D1_H1","HNW","heating","no","Black",250,0,"11/22/2019 15:30","week5","tank4_heating_no_11/22/2019 15:30",30.81172677,"tank4_heating_no_Black"
"11/22/2019","D1",40,"15:30","tank3","D1_H2","HW","heating","yes","Black",222,-1,"11/22/2019 15:30","week5","tank3_heating_yes_11/22/2019 15:30",31.70579906,"tank3_heating_yes_Black"
"11/22/2019","D1",40,"15:30","tank3","D1_H2","HNW","heating","no","Black",220,2,"11/22/2019 15:30","week5","tank3_heating_no_11/22/2019 15:30",32.76460382,"tank3_heating_no_Black"
"11/22/2019","D1",40,"15:30","tank2","D1_C2","CW","control","yes","Black",224,-2,"11/22/2019 15:30","week5","tank2_control_yes_11/22/2019 15:30",22.77805631,"tank2_control_yes_Black"
"11/22/2019","D1",40,"15:30","tank2","D1_C2","CNW","control","no","Black",222,-1,"11/22/2019 15:30","week5","tank2_control_no_11/22/2019 15:30",23.27550794,"tank2_control_no_Black"
"11/22/2019","D1",40,"15:30","tank1","D1_C1","CW","control","yes","Black",231,1,"11/22/2019 15:30","week5","tank1_control_yes_11/22/2019 15:30",22.43503765,"tank1_control_yes_Black"
"11/22/2019","D1",40,"15:30","tank1","D1_C1","CNW","control","no","Black",224,-1,"11/22/2019 15:30","week5","tank1_control_no_11/22/2019 15:30",21.71801985,"tank1_control_no_Black"
"11/23/2019","D2",40,"15:30","tank4","D2_H1","HW","heating","yes","Black",225,2,"11/23/2019 15:30","week5","tank4_heating_yes_11/23/2019 15:30",30.35915106,"tank4_heating_yes_Black"
"11/23/2019","D2",40,"15:30","tank4","D2_H1","HNW","heating","no","Black",NA,NA,"11/23/2019 15:30","week5","tank4_heating_no_11/23/2019 15:30",36.1982396,"tank4_heating_no_Black"
"11/23/2019","D2",40,"15:30","tank3","D2_H2","HW","heating","yes","Black",224,4,"11/23/2019 15:30","week5","tank3_heating_yes_11/23/2019 15:30",28.30856437,"tank3_heating_yes_Black"
"11/23/2019","D2",40,"15:30","tank3","D2_H2","HNW","heating","no","Black",219,-1,"11/23/2019 15:30","week5","tank3_heating_no_11/23/2019 15:30",34.95466154,"tank3_heating_no_Black"
"11/23/2019","D2",40,"15:30","tank2","D2_C2","CW","control","yes","Black",222,-1,"11/23/2019 15:30","week5","tank2_control_yes_11/23/2019 15:30",23.33207113,"tank2_control_yes_Black"
"11/23/2019","D2",40,"15:30","tank2","D2_C2","CNW","control","no","Black",225,-2,"11/23/2019 15:30","week5","tank2_control_no_11/23/2019 15:30",23.75763551,"tank2_control_no_Black"
"11/23/2019","D2",40,"15:30","tank1","D2_C1","CW","control","yes","Black",229,-1,"11/23/2019 15:30","week5","tank1_control_yes_11/23/2019 15:30",22.89662675,"tank1_control_yes_Black"
"11/23/2019","D2",40,"15:30","tank1","D2_C1","CNW","control","no","Black",222,-3,"11/23/2019 15:30","week5","tank1_control_no_11/23/2019 15:30",22.26507041,"tank1_control_no_Black"
"11/24/2019","D3",40,"15:30","tank4","D3_H1","HW","heating","yes","Black",224,0,"11/24/2019 15:30","week5","tank4_heating_yes_11/24/2019 15:30",29.53816527,"tank4_heating_yes_Black"
"11/24/2019","D3",40,"15:30","tank4","D3_H1","HNW","heating","no","Black",NA,NA,"11/24/2019 15:30","week5","tank4_heating_no_11/24/2019 15:30",31.17658861,"tank4_heating_no_Black"
"11/24/2019","D3",40,"15:30","tank3","D3_H2","HW","heating","yes","Black",223,-1,"11/24/2019 15:30","week5","tank3_heating_yes_11/24/2019 15:30",31.05137424,"tank3_heating_yes_Black"
"11/24/2019","D3",40,"15:30","tank3","D3_H2","HNW","heating","no","Black",218,-6,"11/24/2019 15:30","week5","tank3_heating_no_11/24/2019 15:30",32.03458458,"tank3_heating_no_Black"
"11/24/2019","D3",40,"15:30","tank2","D3_C2","CW","control","yes","Black",224,3,"11/24/2019 15:30","week5","tank2_control_yes_11/24/2019 15:30",23.62365787,"tank2_control_yes_Black"
"11/24/2019","D3",40,"15:30","tank2","D3_C2","CNW","control","no","Black",223,-1,"11/24/2019 15:30","week5","tank2_control_no_11/24/2019 15:30",23.22729518,"tank2_control_no_Black"
"11/24/2019","D3",40,"15:30","tank1","D3_C1","CW","control","yes","Black",230,0,"11/24/2019 15:30","week5","tank1_control_yes_11/24/2019 15:30",23.19473637,"tank1_control_yes_Black"
"11/24/2019","D3",40,"15:30","tank1","D3_C1","CNW","control","no","Black",224,-1,"11/24/2019 15:30","week5","tank1_control_no_11/24/2019 15:30",22.3130573,"tank1_control_no_Black"
"11/25/2019","D4",40,"15:30","tank4","D4_H1","HW","heating","yes","Black",224,2,"11/25/2019 15:30","week5","tank4_heating_yes_11/25/2019 15:30",30.35915106,"tank4_heating_yes_Black"
"11/25/2019","D4",40,"15:30","tank4","D4_H1","HNW","heating","no","Black",NA,NA,"11/25/2019 15:30","week5","tank4_heating_no_11/25/2019 15:30",32.38639362,"tank4_heating_no_Black"
"11/25/2019","D4",40,"15:30","tank3","D4_H2","HW","heating","yes","Black",223,1,"11/25/2019 15:30","week5","tank3_heating_yes_11/25/2019 15:30",31.78279021,"tank3_heating_yes_Black"
"11/25/2019","D4",40,"15:30","tank3","D4_H2","HNW","heating","no","Black",217,-5,"11/25/2019 15:30","week5","tank3_heating_no_11/25/2019 15:30",35.06992774,"tank3_heating_no_Black"
"11/25/2019","D4",40,"15:30","tank2","D4_C2","CW","control","yes","Black",223,0,"11/25/2019 15:30","week5","tank2_control_yes_11/25/2019 15:30",23.67225566,"tank2_control_yes_Black"
"11/25/2019","D4",40,"15:30","tank2","D4_C2","CNW","control","no","Black",229,4,"11/25/2019 15:30","week5","tank2_control_no_11/25/2019 15:30",24.87617146,"tank2_control_no_Black"
"11/25/2019","D4",40,"15:30","tank1","D4_C1","CW","control","yes","Black",228,-1,"11/25/2019 15:30","week5","tank1_control_yes_11/25/2019 15:30",23.28128433,"tank1_control_yes_Black"
"11/25/2019","D4",40,"15:30","tank1","D4_C1","CNW","control","no","Black",225,1,"11/25/2019 15:30","week5","tank1_control_no_11/25/2019 15:30",23.16722396,"tank1_control_no_Black"
"11/26/2019","D5",40,"15:30","tank4","D5_H1","HW","heating","yes","Black",246,22,"11/26/2019 15:30","week5","tank4_heating_yes_11/26/2019 15:30",30.8807185,"tank4_heating_yes_Black"
"11/26/2019","D5",40,"15:30","tank4","D5_H1","HNW","heating","no","Black",NA,NA,"11/26/2019 15:30","week5","tank4_heating_no_11/26/2019 15:30",33.2985482,"tank4_heating_no_Black"
"11/26/2019","D5",40,"15:30","tank3","D5_H2","HW","heating","yes","Black",222,1,"11/26/2019 15:30","week5","tank3_heating_yes_11/26/2019 15:30",31.37858665,"tank3_heating_yes_Black"
"11/26/2019","D5",40,"15:30","tank3","D5_H2","HNW","heating","no","Black",219,-5,"11/26/2019 15:30","week5","tank3_heating_no_11/26/2019 15:30",32.60131004,"tank3_heating_no_Black"
"11/26/2019","D5",40,"15:30","tank2","D5_C2","CW","control","yes","Black",224,2,"11/26/2019 15:30","week5","tank2_control_yes_11/26/2019 15:30",23.69169478,"tank2_control_yes_Black"
"11/26/2019","D5",40,"15:30","tank2","D5_C2","CNW","control","no","Black",230,1,"11/26/2019 15:30","week5","tank2_control_no_11/26/2019 15:30",24.60618002,"tank2_control_no_Black"
"11/26/2019","D5",40,"15:30","tank1","D5_C1","CW","control","yes","Black",231,1,"11/26/2019 15:30","week5","tank1_control_yes_11/26/2019 15:30",23.13703774,"tank1_control_yes_Black"
"11/26/2019","D5",40,"15:30","tank1","D5_C1","CNW","control","no","Black",225,0,"11/26/2019 15:30","week5","tank1_control_no_11/26/2019 15:30",22.89849737,"tank1_control_no_Black"
"11/22/2019","D1",40,"15:30","tank4","D1_H1","HW","heating","yes","White",226,4,"11/22/2019 15:30","week5","tank4_heating_yes_11/22/2019 15:30",29.46089602,"tank4_heating_yes_White"
"11/22/2019","D1",40,"15:30","tank4","D1_H1","HNW","heating","no","White",250,0,"11/22/2019 15:30","week5","tank4_heating_no_11/22/2019 15:30",30.81172677,"tank4_heating_no_White"
"11/22/2019","D1",40,"15:30","tank3","D1_H2","HW","heating","yes","White",244,9,"11/22/2019 15:30","week5","tank3_heating_yes_11/22/2019 15:30",31.70579906,"tank3_heating_yes_White"
"11/22/2019","D1",40,"15:30","tank3","D1_H2","HNW","heating","no","White",229,0,"11/22/2019 15:30","week5","tank3_heating_no_11/22/2019 15:30",32.76460382,"tank3_heating_no_White"
"11/22/2019","D1",40,"15:30","tank2","D1_C2","CW","control","yes","White",223,-1,"11/22/2019 15:30","week5","tank2_control_yes_11/22/2019 15:30",22.77805631,"tank2_control_yes_White"
"11/22/2019","D1",40,"15:30","tank2","D1_C2","CNW","control","no","White",228,-3,"11/22/2019 15:30","week5","tank2_control_no_11/22/2019 15:30",23.27550794,"tank2_control_no_White"
"11/22/2019","D1",40,"15:30","tank1","D1_C1","CW","control","yes","White",224,0,"11/22/2019 15:30","week5","tank1_control_yes_11/22/2019 15:30",22.43503765,"tank1_control_yes_White"
"11/22/2019","D1",40,"15:30","tank1","D1_C1","CNW","control","no","White",228,0,"11/22/2019 15:30","week5","tank1_control_no_11/22/2019 15:30",21.71801985,"tank1_control_no_White"
"11/23/2019","D2",40,"15:30","tank4","D2_H1","HW","heating","yes","White",222,-13,"11/23/2019 15:30","week5","tank4_heating_yes_11/23/2019 15:30",30.35915106,"tank4_heating_yes_White"
"11/23/2019","D2",40,"15:30","tank4","D2_H1","HNW","heating","no","White",NA,NA,"11/23/2019 15:30","week5","tank4_heating_no_11/23/2019 15:30",36.1982396,"tank4_heating_no_White"
"11/23/2019","D2",40,"15:30","tank3","D2_H2","HW","heating","yes","White",233,4,"11/23/2019 15:30","week5","tank3_heating_yes_11/23/2019 15:30",28.30856437,"tank3_heating_yes_White"
"11/23/2019","D2",40,"15:30","tank3","D2_H2","HNW","heating","no","White",228,-3,"11/23/2019 15:30","week5","tank3_heating_no_11/23/2019 15:30",34.95466154,"tank3_heating_no_White"
"11/23/2019","D2",40,"15:30","tank2","D2_C2","CW","control","yes","White",223,1,"11/23/2019 15:30","week5","tank2_control_yes_11/23/2019 15:30",23.33207113,"tank2_control_yes_White"
"11/23/2019","D2",40,"15:30","tank2","D2_C2","CNW","control","no","White",227,-2,"11/23/2019 15:30","week5","tank2_control_no_11/23/2019 15:30",23.75763551,"tank2_control_no_White"
"11/23/2019","D2",40,"15:30","tank1","D2_C1","CW","control","yes","White",224,-1,"11/23/2019 15:30","week5","tank1_control_yes_11/23/2019 15:30",22.89662675,"tank1_control_yes_White"
"11/23/2019","D2",40,"15:30","tank1","D2_C1","CNW","control","no","White",227,0,"11/23/2019 15:30","week5","tank1_control_no_11/23/2019 15:30",22.26507041,"tank1_control_no_White"
"11/24/2019","D3",40,"15:30","tank4","D3_H1","HW","heating","yes","White",224,5,"11/24/2019 15:30","week5","tank4_heating_yes_11/24/2019 15:30",29.53816527,"tank4_heating_yes_White"
"11/24/2019","D3",40,"15:30","tank4","D3_H1","HNW","heating","no","White",NA,NA,"11/24/2019 15:30","week5","tank4_heating_no_11/24/2019 15:30",31.17658861,"tank4_heating_no_White"
"11/24/2019","D3",40,"15:30","tank3","D3_H2","HW","heating","yes","White",230,2,"11/24/2019 15:30","week5","tank3_heating_yes_11/24/2019 15:30",31.05137424,"tank3_heating_yes_White"
"11/24/2019","D3",40,"15:30","tank3","D3_H2","HNW","heating","no","White",232,1,"11/24/2019 15:30","week5","tank3_heating_no_11/24/2019 15:30",32.03458458,"tank3_heating_no_White"
"11/24/2019","D3",40,"15:30","tank2","D3_C2","CW","control","yes","White",224,1,"11/24/2019 15:30","week5","tank2_control_yes_11/24/2019 15:30",23.62365787,"tank2_control_yes_White"
"11/24/2019","D3",40,"15:30","tank2","D3_C2","CNW","control","no","White",227,0,"11/24/2019 15:30","week5","tank2_control_no_11/24/2019 15:30",23.22729518,"tank2_control_no_White"
"11/24/2019","D3",40,"15:30","tank1","D3_C1","CW","control","yes","White",223,0,"11/24/2019 15:30","week5","tank1_control_yes_11/24/2019 15:30",23.19473637,"tank1_control_yes_White"
"11/24/2019","D3",40,"15:30","tank1","D3_C1","CNW","control","no","White",228,1,"11/24/2019 15:30","week5","tank1_control_no_11/24/2019 15:30",22.3130573,"tank1_control_no_White"
"11/25/2019","D4",40,"15:30","tank4","D4_H1","HW","heating","yes","White",247,5,"11/25/2019 15:30","week5","tank4_heating_yes_11/25/2019 15:30",30.35915106,"tank4_heating_yes_White"
"11/25/2019","D4",40,"15:30","tank4","D4_H1","HNW","heating","no","White",NA,NA,"11/25/2019 15:30","week5","tank4_heating_no_11/25/2019 15:30",32.38639362,"tank4_heating_no_White"
"11/25/2019","D4",40,"15:30","tank3","D4_H2","HW","heating","yes","White",229,0,"11/25/2019 15:30","week5","tank3_heating_yes_11/25/2019 15:30",31.78279021,"tank3_heating_yes_White"
"11/25/2019","D4",40,"15:30","tank3","D4_H2","HNW","heating","no","White",NA,NA,"11/25/2019 15:30","week5","tank3_heating_no_11/25/2019 15:30",35.06992774,"tank3_heating_no_White"
"11/25/2019","D4",40,"15:30","tank2","D4_C2","CW","control","yes","White",223,0,"11/25/2019 15:30","week5","tank2_control_yes_11/25/2019 15:30",23.67225566,"tank2_control_yes_White"
"11/25/2019","D4",40,"15:30","tank2","D4_C2","CNW","control","no","White",227,1,"11/25/2019 15:30","week5","tank2_control_no_11/25/2019 15:30",24.87617146,"tank2_control_no_White"
"11/25/2019","D4",40,"15:30","tank1","D4_C1","CW","control","yes","White",218,-9,"11/25/2019 15:30","week5","tank1_control_yes_11/25/2019 15:30",23.28128433,"tank1_control_yes_White"
"11/25/2019","D4",40,"15:30","tank1","D4_C1","CNW","control","no","White",228,1,"11/25/2019 15:30","week5","tank1_control_no_11/25/2019 15:30",23.16722396,"tank1_control_no_White"
"11/26/2019","D5",40,"15:30","tank4","D5_H1","HW","heating","yes","White",249,9,"11/26/2019 15:30","week5","tank4_heating_yes_11/26/2019 15:30",30.8807185,"tank4_heating_yes_White"
"11/26/2019","D5",40,"15:30","tank4","D5_H1","HNW","heating","no","White",NA,NA,"11/26/2019 15:30","week5","tank4_heating_no_11/26/2019 15:30",33.2985482,"tank4_heating_no_White"
"11/26/2019","D5",40,"15:30","tank3","D5_H2","HW","heating","yes","White",232,1,"11/26/2019 15:30","week5","tank3_heating_yes_11/26/2019 15:30",31.37858665,"tank3_heating_yes_White"
"11/26/2019","D5",40,"15:30","tank3","D5_H2","HNW","heating","no","White",NA,NA,"11/26/2019 15:30","week5","tank3_heating_no_11/26/2019 15:30",32.60131004,"tank3_heating_no_White"
"11/26/2019","D5",40,"15:30","tank2","D5_C2","CW","control","yes","White",224,2,"11/26/2019 15:30","week5","tank2_control_yes_11/26/2019 15:30",23.69169478,"tank2_control_yes_White"
"11/26/2019","D5",40,"15:30","tank2","D5_C2","CNW","control","no","White",227,0,"11/26/2019 15:30","week5","tank2_control_no_11/26/2019 15:30",24.60618002,"tank2_control_no_White"
"11/26/2019","D5",40,"15:30","tank1","D5_C1","CW","control","yes","White",221,3,"11/26/2019 15:30","week5","tank1_control_yes_11/26/2019 15:30",23.13703774,"tank1_control_yes_White"
"11/26/2019","D5",40,"15:30","tank1","D5_C1","CNW","control","no","White",234,1,"11/26/2019 15:30","week5","tank1_control_no_11/26/2019 15:30",22.89849737,"tank1_control_no_White"
"11/22/2019","D1",40,"17:30","tank4","D1_H1","HW","heating","yes","Red",248,13,"11/22/2019 17:30","week5","tank4_heating_yes_11/22/2019 17:30",23.87819267,"tank4_heating_yes_Red"
"11/22/2019","D1",40,"17:30","tank4","D1_H1","HNW","heating","no","Red",NA,NA,"11/22/2019 17:30","week5","tank4_heating_no_11/22/2019 17:30",23.64891293,"tank4_heating_no_Red"
"11/22/2019","D1",40,"17:30","tank3","D1_H2","HW","heating","yes","Red",228,0,"11/22/2019 17:30","week5","tank3_heating_yes_11/22/2019 17:30",25.45026777,"tank3_heating_yes_Red"
"11/22/2019","D1",40,"17:30","tank3","D1_H2","HNW","heating","no","Red",233,0,"11/22/2019 17:30","week5","tank3_heating_no_11/22/2019 17:30",24.01397844,"tank3_heating_no_Red"
"11/22/2019","D1",40,"17:30","tank2","D1_C2","CW","control","yes","Red",228,0,"11/22/2019 17:30","week5","tank2_control_yes_11/22/2019 17:30",22.40871311,"tank2_control_yes_Red"
"11/22/2019","D1",40,"17:30","tank2","D1_C2","CNW","control","no","Red",225,-2,"11/22/2019 17:30","week5","tank2_control_no_11/22/2019 17:30",22.35946557,"tank2_control_no_Red"
"11/22/2019","D1",40,"17:30","tank1","D1_C1","CW","control","yes","Red",229,-1,"11/22/2019 17:30","week5","tank1_control_yes_11/22/2019 17:30",22.23309242,"tank1_control_yes_Red"
"11/22/2019","D1",40,"17:30","tank1","D1_C1","CNW","control","no","Red",225,-1,"11/22/2019 17:30","week5","tank1_control_no_11/22/2019 17:30",21.61244868,"tank1_control_no_Red"
"11/23/2019","D2",40,"17:30","tank4","D2_H1","HW","heating","yes","Red",240,7,"11/23/2019 17:30","week5","tank4_heating_yes_11/23/2019 17:30",24.61225055,"tank4_heating_yes_Red"
"11/23/2019","D2",40,"17:30","tank4","D2_H1","HNW","heating","no","Red",NA,NA,"11/23/2019 17:30","week5","tank4_heating_no_11/23/2019 17:30",24.21540893,"tank4_heating_no_Red"
"11/23/2019","D2",40,"17:30","tank3","D2_H2","HW","heating","yes","Red",231,1,"11/23/2019 17:30","week5","tank3_heating_yes_11/23/2019 17:30",26.76874128,"tank3_heating_yes_Red"
"11/23/2019","D2",40,"17:30","tank3","D2_H2","HNW","heating","no","Red",232,0,"11/23/2019 17:30","week5","tank3_heating_no_11/23/2019 17:30",26.37693546,"tank3_heating_no_Red"
"11/23/2019","D2",40,"17:30","tank2","D2_C2","CW","control","yes","Red",234,-4,"11/23/2019 17:30","week5","tank2_control_yes_11/23/2019 17:30",23.02104527,"tank2_control_yes_Red"
"11/23/2019","D2",40,"17:30","tank2","D2_C2","CNW","control","no","Red",225,-2,"11/23/2019 17:30","week5","tank2_control_no_11/23/2019 17:30",22.99587395,"tank2_control_no_Red"
"11/23/2019","D2",40,"17:30","tank1","D2_C1","CW","control","yes","Red",231,-1,"11/23/2019 17:30","week5","tank1_control_yes_11/23/2019 17:30",22.7619966,"tank1_control_yes_Red"
"11/23/2019","D2",40,"17:30","tank1","D2_C1","CNW","control","no","Red",226,-1,"11/23/2019 17:30","week5","tank1_control_no_11/23/2019 17:30",22.178694,"tank1_control_no_Red"
"11/24/2019","D3",40,"17:30","tank4","D3_H1","HW","heating","yes","Red",240,1,"11/24/2019 17:30","week5","tank4_heating_yes_11/24/2019 17:30",24.52532264,"tank4_heating_yes_Red"
"11/24/2019","D3",40,"17:30","tank4","D3_H1","HNW","heating","no","Red",NA,NA,"11/24/2019 17:30","week5","tank4_heating_no_11/24/2019 17:30",24.38823822,"tank4_heating_no_Red"
"11/24/2019","D3",40,"17:30","tank3","D3_H2","HW","heating","yes","Red",228,2,"11/24/2019 17:30","week5","tank3_heating_yes_11/24/2019 17:30",26.25867489,"tank3_heating_yes_Red"
"11/24/2019","D3",40,"17:30","tank3","D3_H2","HNW","heating","no","Red",231,0,"11/24/2019 17:30","week5","tank3_heating_no_11/24/2019 17:30",24.638337,"tank3_heating_no_Red"
"11/24/2019","D3",40,"17:30","tank2","D3_C2","CW","control","yes","Red",228,-8,"11/24/2019 17:30","week5","tank2_control_yes_11/24/2019 17:30",23.32235157,"tank2_control_yes_Red"
"11/24/2019","D3",40,"17:30","tank2","D3_C2","CNW","control","no","Red",224,-2,"11/24/2019 17:30","week5","tank2_control_no_11/24/2019 17:30",23.12122712,"tank2_control_no_Red"
"11/24/2019","D3",40,"17:30","tank1","D3_C1","CW","control","yes","Red",228,-1,"11/24/2019 17:30","week5","tank1_control_yes_11/24/2019 17:30",22.86777743,"tank1_control_yes_Red"
"11/24/2019","D3",40,"17:30","tank1","D3_C1","CNW","control","no","Red",225,-1,"11/24/2019 17:30","week5","tank1_control_no_11/24/2019 17:30",22.29386254,"tank1_control_no_Red"
"11/25/2019","D4",40,"17:30","tank4","D4_H1","HW","heating","yes","Red",250,0,"11/25/2019 17:30","week5","tank4_heating_yes_11/25/2019 17:30",24.67020249,"tank4_heating_yes_Red"
"11/25/2019","D4",40,"17:30","tank4","D4_H1","HNW","heating","no","Red",NA,NA,"11/25/2019 17:30","week5","tank4_heating_no_11/25/2019 17:30",24.53226263,"tank4_heating_no_Red"
"11/25/2019","D4",40,"17:30","tank3","D4_H2","HW","heating","yes","Red",228,1,"11/25/2019 17:30","week5","tank3_heating_yes_11/25/2019 17:30",26.27792268,"tank3_heating_yes_Red"
"11/25/2019","D4",40,"17:30","tank3","D4_H2","HNW","heating","no","Red",240,12,"11/25/2019 17:30","week5","tank3_heating_no_11/25/2019 17:30",24.638337,"tank3_heating_no_Red"
"11/25/2019","D4",40,"17:30","tank2","D4_C2","CW","control","yes","Red",226,-2,"11/25/2019 17:30","week5","tank2_control_yes_11/25/2019 17:30",23.38066892,"tank2_control_yes_Red"
"11/25/2019","D4",40,"17:30","tank2","D4_C2","CNW","control","no","Red",225,1,"11/25/2019 17:30","week5","tank2_control_no_11/25/2019 17:30",23.24658029,"tank2_control_no_Red"
"11/25/2019","D4",40,"17:30","tank1","D4_C1","CW","control","yes","Red",229,1,"11/25/2019 17:30","week5","tank1_control_yes_11/25/2019 17:30",22.99279114,"tank1_control_yes_Red"
"11/25/2019","D4",40,"17:30","tank1","D4_C1","CNW","control","no","Red",226,1,"11/25/2019 17:30","week5","tank1_control_no_11/25/2019 17:30",22.38023895,"tank1_control_no_Red"
"11/26/2019","D5",40,"17:30","tank4","D5_H1","HW","heating","yes","Red",250,5,"11/26/2019 17:30","week5","tank4_heating_yes_11/26/2019 17:30",24.93098621,"tank4_heating_yes_Red"
"11/26/2019","D5",40,"17:30","tank4","D5_H1","HNW","heating","no","Red",NA,NA,"11/26/2019 17:30","week5","tank4_heating_no_11/26/2019 17:30",24.51305937,"tank4_heating_no_Red"
"11/26/2019","D5",40,"17:30","tank3","D5_H2","HW","heating","yes","Red",226,0,"11/26/2019 17:30","week5","tank3_heating_yes_11/26/2019 17:30",26.42228109,"tank3_heating_yes_Red"
"11/26/2019","D5",40,"17:30","tank3","D5_H2","HNW","heating","no","Red",247,17,"11/26/2019 17:30","week5","tank3_heating_no_11/26/2019 17:30",24.72478665,"tank3_heating_no_Red"
"11/26/2019","D5",40,"17:30","tank2","D5_C2","CW","control","yes","Red",230,5,"11/26/2019 17:30","week5","tank2_control_yes_11/26/2019 17:30",23.40982759,"tank2_control_yes_Red"
"11/26/2019","D5",40,"17:30","tank2","D5_C2","CNW","control","no","Red",225,0,"11/26/2019 17:30","week5","tank2_control_no_11/26/2019 17:30",23.24658029,"tank2_control_no_Red"
"11/26/2019","D5",40,"17:30","tank1","D5_C1","CW","control","yes","Red",227,-1,"11/26/2019 17:30","week5","tank1_control_yes_11/26/2019 17:30",22.99279114,"tank1_control_yes_Red"
"11/26/2019","D5",40,"17:30","tank1","D5_C1","CNW","control","no","Red",229,2,"11/26/2019 17:30","week5","tank1_control_no_11/26/2019 17:30",22.41862846,"tank1_control_no_Red"
"11/22/2019","D1",40,"17:30","tank4","D1_H1","HW","heating","yes","Yellow",238,12,"11/22/2019 17:30","week5","tank4_heating_yes_11/22/2019 17:30",23.87819267,"tank4_heating_yes_Yellow"
"11/22/2019","D1",40,"17:30","tank4","D1_H1","HNW","heating","no","Yellow",244,-6,"11/22/2019 17:30","week5","tank4_heating_no_11/22/2019 17:30",23.64891293,"tank4_heating_no_Yellow"
"11/22/2019","D1",40,"17:30","tank3","D1_H2","HW","heating","yes","Yellow",NA,NA,"11/22/2019 17:30","week5","tank3_heating_yes_11/22/2019 17:30",25.45026777,"tank3_heating_yes_Yellow"
"11/22/2019","D1",40,"17:30","tank3","D1_H2","HNW","heating","no","Yellow",227,3,"11/22/2019 17:30","week5","tank3_heating_no_11/22/2019 17:30",24.01397844,"tank3_heating_no_Yellow"
"11/22/2019","D1",40,"17:30","tank2","D1_C2","CW","control","yes","Yellow",227,0,"11/22/2019 17:30","week5","tank2_control_yes_11/22/2019 17:30",22.40871311,"tank2_control_yes_Yellow"
"11/22/2019","D1",40,"17:30","tank2","D1_C2","CNW","control","no","Yellow",222,-1,"11/22/2019 17:30","week5","tank2_control_no_11/22/2019 17:30",22.35946557,"tank2_control_no_Yellow"
"11/22/2019","D1",40,"17:30","tank1","D1_C1","CW","control","yes","Yellow",227,0,"11/22/2019 17:30","week5","tank1_control_yes_11/22/2019 17:30",22.23309242,"tank1_control_yes_Yellow"
"11/22/2019","D1",40,"17:30","tank1","D1_C1","CNW","control","no","Yellow",224,-2,"11/22/2019 17:30","week5","tank1_control_no_11/22/2019 17:30",21.61244868,"tank1_control_no_Yellow"
"11/23/2019","D2",40,"17:30","tank4","D2_H1","HW","heating","yes","Yellow",232,6,"11/23/2019 17:30","week5","tank4_heating_yes_11/23/2019 17:30",24.61225055,"tank4_heating_yes_Yellow"
"11/23/2019","D2",40,"17:30","tank4","D2_H1","HNW","heating","no","Yellow",NA,NA,"11/23/2019 17:30","week5","tank4_heating_no_11/23/2019 17:30",24.21540893,"tank4_heating_no_Yellow"
"11/23/2019","D2",40,"17:30","tank3","D2_H2","HW","heating","yes","Yellow",NA,NA,"11/23/2019 17:30","week5","tank3_heating_yes_11/23/2019 17:30",26.76874128,"tank3_heating_yes_Yellow"
"11/23/2019","D2",40,"17:30","tank3","D2_H2","HNW","heating","no","Yellow",225,1,"11/23/2019 17:30","week5","tank3_heating_no_11/23/2019 17:30",26.37693546,"tank3_heating_no_Yellow"
"11/23/2019","D2",40,"17:30","tank2","D2_C2","CW","control","yes","Yellow",233,0,"11/23/2019 17:30","week5","tank2_control_yes_11/23/2019 17:30",23.02104527,"tank2_control_yes_Yellow"
"11/23/2019","D2",40,"17:30","tank2","D2_C2","CNW","control","no","Yellow",222,-1,"11/23/2019 17:30","week5","tank2_control_no_11/23/2019 17:30",22.99587395,"tank2_control_no_Yellow"
"11/23/2019","D2",40,"17:30","tank1","D2_C1","CW","control","yes","Yellow",226,-1,"11/23/2019 17:30","week5","tank1_control_yes_11/23/2019 17:30",22.7619966,"tank1_control_yes_Yellow"
"11/23/2019","D2",40,"17:30","tank1","D2_C1","CNW","control","no","Yellow",224,-1,"11/23/2019 17:30","week5","tank1_control_no_11/23/2019 17:30",22.178694,"tank1_control_no_Yellow"
"11/24/2019","D3",40,"17:30","tank4","D3_H1","HW","heating","yes","Yellow",238,0,"11/24/2019 17:30","week5","tank4_heating_yes_11/24/2019 17:30",24.52532264,"tank4_heating_yes_Yellow"
"11/24/2019","D3",40,"17:30","tank4","D3_H1","HNW","heating","no","Yellow",NA,NA,"11/24/2019 17:30","week5","tank4_heating_no_11/24/2019 17:30",24.38823822,"tank4_heating_no_Yellow"
"11/24/2019","D3",40,"17:30","tank3","D3_H2","HW","heating","yes","Yellow",NA,NA,"11/24/2019 17:30","week5","tank3_heating_yes_11/24/2019 17:30",26.25867489,"tank3_heating_yes_Yellow"
"11/24/2019","D3",40,"17:30","tank3","D3_H2","HNW","heating","no","Yellow",223,0,"11/24/2019 17:30","week5","tank3_heating_no_11/24/2019 17:30",24.638337,"tank3_heating_no_Yellow"
"11/24/2019","D3",40,"17:30","tank2","D3_C2","CW","control","yes","Yellow",229,1,"11/24/2019 17:30","week5","tank2_control_yes_11/24/2019 17:30",23.32235157,"tank2_control_yes_Yellow"
"11/24/2019","D3",40,"17:30","tank2","D3_C2","CNW","control","no","Yellow",223,0,"11/24/2019 17:30","week5","tank2_control_no_11/24/2019 17:30",23.12122712,"tank2_control_no_Yellow"
"11/24/2019","D3",40,"17:30","tank1","D3_C1","CW","control","yes","Yellow",226,-1,"11/24/2019 17:30","week5","tank1_control_yes_11/24/2019 17:30",22.86777743,"tank1_control_yes_Yellow"
"11/24/2019","D3",40,"17:30","tank1","D3_C1","CNW","control","no","Yellow",224,0,"11/24/2019 17:30","week5","tank1_control_no_11/24/2019 17:30",22.29386254,"tank1_control_no_Yellow"
"11/25/2019","D4",40,"17:30","tank4","D4_H1","HW","heating","yes","Yellow",250,0,"11/25/2019 17:30","week5","tank4_heating_yes_11/25/2019 17:30",24.67020249,"tank4_heating_yes_Yellow"
"11/25/2019","D4",40,"17:30","tank4","D4_H1","HNW","heating","no","Yellow",NA,NA,"11/25/2019 17:30","week5","tank4_heating_no_11/25/2019 17:30",24.53226263,"tank4_heating_no_Yellow"
"11/25/2019","D4",40,"17:30","tank3","D4_H2","HW","heating","yes","Yellow",NA,NA,"11/25/2019 17:30","week5","tank3_heating_yes_11/25/2019 17:30",26.27792268,"tank3_heating_yes_Yellow"
"11/25/2019","D4",40,"17:30","tank3","D4_H2","HNW","heating","no","Yellow",223,-1,"11/25/2019 17:30","week5","tank3_heating_no_11/25/2019 17:30",24.638337,"tank3_heating_no_Yellow"
"11/25/2019","D4",40,"17:30","tank2","D4_C2","CW","control","yes","Yellow",227,-1,"11/25/2019 17:30","week5","tank2_control_yes_11/25/2019 17:30",23.38066892,"tank2_control_yes_Yellow"
"11/25/2019","D4",40,"17:30","tank2","D4_C2","CNW","control","no","Yellow",223,1,"11/25/2019 17:30","week5","tank2_control_no_11/25/2019 17:30",23.24658029,"tank2_control_no_Yellow"
"11/25/2019","D4",40,"17:30","tank1","D4_C1","CW","control","yes","Yellow",225,-1,"11/25/2019 17:30","week5","tank1_control_yes_11/25/2019 17:30",22.99279114,"tank1_control_yes_Yellow"
"11/25/2019","D4",40,"17:30","tank1","D4_C1","CNW","control","no","Yellow",224,1,"11/25/2019 17:30","week5","tank1_control_no_11/25/2019 17:30",22.38023895,"tank1_control_no_Yellow"
"11/26/2019","D5",40,"17:30","tank4","D5_H1","HW","heating","yes","Yellow",247,7,"11/26/2019 17:30","week5","tank4_heating_yes_11/26/2019 17:30",24.93098621,"tank4_heating_yes_Yellow"
"11/26/2019","D5",40,"17:30","tank4","D5_H1","HNW","heating","no","Yellow",NA,NA,"11/26/2019 17:30","week5","tank4_heating_no_11/26/2019 17:30",24.51305937,"tank4_heating_no_Yellow"
"11/26/2019","D5",40,"17:30","tank3","D5_H2","HW","heating","yes","Yellow",NA,NA,"11/26/2019 17:30","week5","tank3_heating_yes_11/26/2019 17:30",26.42228109,"tank3_heating_yes_Yellow"
"11/26/2019","D5",40,"17:30","tank3","D5_H2","HNW","heating","no","Yellow",226,4,"11/26/2019 17:30","week5","tank3_heating_no_11/26/2019 17:30",24.72478665,"tank3_heating_no_Yellow"
"11/26/2019","D5",40,"17:30","tank2","D5_C2","CW","control","yes","Yellow",229,1,"11/26/2019 17:30","week5","tank2_control_yes_11/26/2019 17:30",23.40982759,"tank2_control_yes_Yellow"
"11/26/2019","D5",40,"17:30","tank2","D5_C2","CNW","control","no","Yellow",223,0,"11/26/2019 17:30","week5","tank2_control_no_11/26/2019 17:30",23.24658029,"tank2_control_no_Yellow"
"11/26/2019","D5",40,"17:30","tank1","D5_C1","CW","control","yes","Yellow",224,-1,"11/26/2019 17:30","week5","tank1_control_yes_11/26/2019 17:30",22.99279114,"tank1_control_yes_Yellow"
"11/26/2019","D5",40,"17:30","tank1","D5_C1","CNW","control","no","Yellow",224,0,"11/26/2019 17:30","week5","tank1_control_no_11/26/2019 17:30",22.41862846,"tank1_control_no_Yellow"
"11/22/2019","D1",40,"17:30","tank4","D1_H1","HW","heating","yes","Black",224,1,"11/22/2019 17:30","week5","tank4_heating_yes_11/22/2019 17:30",23.87819267,"tank4_heating_yes_Black"
"11/22/2019","D1",40,"17:30","tank4","D1_H1","HNW","heating","no","Black",250,0,"11/22/2019 17:30","week5","tank4_heating_no_11/22/2019 17:30",23.64891293,"tank4_heating_no_Black"
"11/22/2019","D1",40,"17:30","tank3","D1_H2","HW","heating","yes","Black",230,7,"11/22/2019 17:30","week5","tank3_heating_yes_11/22/2019 17:30",25.45026777,"tank3_heating_yes_Black"
"11/22/2019","D1",40,"17:30","tank3","D1_H2","HNW","heating","no","Black",243,25,"11/22/2019 17:30","week5","tank3_heating_no_11/22/2019 17:30",24.01397844,"tank3_heating_no_Black"
"11/22/2019","D1",40,"17:30","tank2","D1_C2","CW","control","yes","Black",223,-3,"11/22/2019 17:30","week5","tank2_control_yes_11/22/2019 17:30",22.40871311,"tank2_control_yes_Black"
"11/22/2019","D1",40,"17:30","tank2","D1_C2","CNW","control","no","Black",223,0,"11/22/2019 17:30","week5","tank2_control_no_11/22/2019 17:30",22.35946557,"tank2_control_no_Black"
"11/22/2019","D1",40,"17:30","tank1","D1_C1","CW","control","yes","Black",231,1,"11/22/2019 17:30","week5","tank1_control_yes_11/22/2019 17:30",22.23309242,"tank1_control_yes_Black"
"11/22/2019","D1",40,"17:30","tank1","D1_C1","CNW","control","no","Black",225,0,"11/22/2019 17:30","week5","tank1_control_no_11/22/2019 17:30",21.61244868,"tank1_control_no_Black"
"11/23/2019","D2",40,"17:30","tank4","D2_H1","HW","heating","yes","Black",223,0,"11/23/2019 17:30","week5","tank4_heating_yes_11/23/2019 17:30",24.61225055,"tank4_heating_yes_Black"
"11/23/2019","D2",40,"17:30","tank4","D2_H1","HNW","heating","no","Black",NA,NA,"11/23/2019 17:30","week5","tank4_heating_no_11/23/2019 17:30",24.21540893,"tank4_heating_no_Black"
"11/23/2019","D2",40,"17:30","tank3","D2_H2","HW","heating","yes","Black",224,4,"11/23/2019 17:30","week5","tank3_heating_yes_11/23/2019 17:30",26.76874128,"tank3_heating_yes_Black"
"11/23/2019","D2",40,"17:30","tank3","D2_H2","HNW","heating","no","Black",245,25,"11/23/2019 17:30","week5","tank3_heating_no_11/23/2019 17:30",26.37693546,"tank3_heating_no_Black"
"11/23/2019","D2",40,"17:30","tank2","D2_C2","CW","control","yes","Black",223,0,"11/23/2019 17:30","week5","tank2_control_yes_11/23/2019 17:30",23.02104527,"tank2_control_yes_Black"
"11/23/2019","D2",40,"17:30","tank2","D2_C2","CNW","control","no","Black",226,-1,"11/23/2019 17:30","week5","tank2_control_no_11/23/2019 17:30",22.99587395,"tank2_control_no_Black"
"11/23/2019","D2",40,"17:30","tank1","D2_C1","CW","control","yes","Black",230,0,"11/23/2019 17:30","week5","tank1_control_yes_11/23/2019 17:30",22.7619966,"tank1_control_yes_Black"
"11/23/2019","D2",40,"17:30","tank1","D2_C1","CNW","control","no","Black",224,-1,"11/23/2019 17:30","week5","tank1_control_no_11/23/2019 17:30",22.178694,"tank1_control_no_Black"
"11/24/2019","D3",40,"17:30","tank4","D3_H1","HW","heating","yes","Black",224,0,"11/24/2019 17:30","week5","tank4_heating_yes_11/24/2019 17:30",24.52532264,"tank4_heating_yes_Black"
"11/24/2019","D3",40,"17:30","tank4","D3_H1","HNW","heating","no","Black",NA,NA,"11/24/2019 17:30","week5","tank4_heating_no_11/24/2019 17:30",24.38823822,"tank4_heating_no_Black"
"11/24/2019","D3",40,"17:30","tank3","D3_H2","HW","heating","yes","Black",225,1,"11/24/2019 17:30","week5","tank3_heating_yes_11/24/2019 17:30",26.25867489,"tank3_heating_yes_Black"
"11/24/2019","D3",40,"17:30","tank3","D3_H2","HNW","heating","no","Black",250,26,"11/24/2019 17:30","week5","tank3_heating_no_11/24/2019 17:30",24.638337,"tank3_heating_no_Black"
"11/24/2019","D3",40,"17:30","tank2","D3_C2","CW","control","yes","Black",224,3,"11/24/2019 17:30","week5","tank2_control_yes_11/24/2019 17:30",23.32235157,"tank2_control_yes_Black"
"11/24/2019","D3",40,"17:30","tank2","D3_C2","CNW","control","no","Black",223,-1,"11/24/2019 17:30","week5","tank2_control_no_11/24/2019 17:30",23.12122712,"tank2_control_no_Black"
"11/24/2019","D3",40,"17:30","tank1","D3_C1","CW","control","yes","Black",230,0,"11/24/2019 17:30","week5","tank1_control_yes_11/24/2019 17:30",22.86777743,"tank1_control_yes_Black"
"11/24/2019","D3",40,"17:30","tank1","D3_C1","CNW","control","no","Black",224,-1,"11/24/2019 17:30","week5","tank1_control_no_11/24/2019 17:30",22.29386254,"tank1_control_no_Black"
"11/25/2019","D4",40,"17:30","tank4","D4_H1","HW","heating","yes","Black",224,2,"11/25/2019 17:30","week5","tank4_heating_yes_11/25/2019 17:30",24.67020249,"tank4_heating_yes_Black"
"11/25/2019","D4",40,"17:30","tank4","D4_H1","HNW","heating","no","Black",NA,NA,"11/25/2019 17:30","week5","tank4_heating_no_11/25/2019 17:30",24.53226263,"tank4_heating_no_Black"
"11/25/2019","D4",40,"17:30","tank3","D4_H2","HW","heating","yes","Black",224,2,"11/25/2019 17:30","week5","tank3_heating_yes_11/25/2019 17:30",26.27792268,"tank3_heating_yes_Black"
"11/25/2019","D4",40,"17:30","tank3","D4_H2","HNW","heating","no","Black",239,17,"11/25/2019 17:30","week5","tank3_heating_no_11/25/2019 17:30",24.638337,"tank3_heating_no_Black"
"11/25/2019","D4",40,"17:30","tank2","D4_C2","CW","control","yes","Black",223,0,"11/25/2019 17:30","week5","tank2_control_yes_11/25/2019 17:30",23.38066892,"tank2_control_yes_Black"
"11/25/2019","D4",40,"17:30","tank2","D4_C2","CNW","control","no","Black",230,5,"11/25/2019 17:30","week5","tank2_control_no_11/25/2019 17:30",23.24658029,"tank2_control_no_Black"
"11/25/2019","D4",40,"17:30","tank1","D4_C1","CW","control","yes","Black",233,4,"11/25/2019 17:30","week5","tank1_control_yes_11/25/2019 17:30",22.99279114,"tank1_control_yes_Black"
"11/25/2019","D4",40,"17:30","tank1","D4_C1","CNW","control","no","Black",224,0,"11/25/2019 17:30","week5","tank1_control_no_11/25/2019 17:30",22.38023895,"tank1_control_no_Black"
"11/26/2019","D5",40,"17:30","tank4","D5_H1","HW","heating","yes","Black",233,9,"11/26/2019 17:30","week5","tank4_heating_yes_11/26/2019 17:30",24.93098621,"tank4_heating_yes_Black"
"11/26/2019","D5",40,"17:30","tank4","D5_H1","HNW","heating","no","Black",NA,NA,"11/26/2019 17:30","week5","tank4_heating_no_11/26/2019 17:30",24.51305937,"tank4_heating_no_Black"
"11/26/2019","D5",40,"17:30","tank3","D5_H2","HW","heating","yes","Black",221,0,"11/26/2019 17:30","week5","tank3_heating_yes_11/26/2019 17:30",26.42228109,"tank3_heating_yes_Black"
"11/26/2019","D5",40,"17:30","tank3","D5_H2","HNW","heating","no","Black",232,8,"11/26/2019 17:30","week5","tank3_heating_no_11/26/2019 17:30",24.72478665,"tank3_heating_no_Black"
"11/26/2019","D5",40,"17:30","tank2","D5_C2","CW","control","yes","Black",221,-1,"11/26/2019 17:30","week5","tank2_control_yes_11/26/2019 17:30",23.40982759,"tank2_control_yes_Black"
"11/26/2019","D5",40,"17:30","tank2","D5_C2","CNW","control","no","Black",230,1,"11/26/2019 17:30","week5","tank2_control_no_11/26/2019 17:30",23.24658029,"tank2_control_no_Black"
"11/26/2019","D5",40,"17:30","tank1","D5_C1","CW","control","yes","Black",233,3,"11/26/2019 17:30","week5","tank1_control_yes_11/26/2019 17:30",22.99279114,"tank1_control_yes_Black"
"11/26/2019","D5",40,"17:30","tank1","D5_C1","CNW","control","no","Black",225,0,"11/26/2019 17:30","week5","tank1_control_no_11/26/2019 17:30",22.41862846,"tank1_control_no_Black"
"11/22/2019","D1",40,"17:30","tank4","D1_H1","HW","heating","yes","White",222,0,"11/22/2019 17:30","week5","tank4_heating_yes_11/22/2019 17:30",23.87819267,"tank4_heating_yes_White"
"11/22/2019","D1",40,"17:30","tank4","D1_H1","HNW","heating","no","White",250,0,"11/22/2019 17:30","week5","tank4_heating_no_11/22/2019 17:30",23.64891293,"tank4_heating_no_White"
"11/22/2019","D1",40,"17:30","tank3","D1_H2","HW","heating","yes","White",231,-4,"11/22/2019 17:30","week5","tank3_heating_yes_11/22/2019 17:30",25.45026777,"tank3_heating_yes_White"
"11/22/2019","D1",40,"17:30","tank3","D1_H2","HNW","heating","no","White",244,15,"11/22/2019 17:30","week5","tank3_heating_no_11/22/2019 17:30",24.01397844,"tank3_heating_no_White"
"11/22/2019","D1",40,"17:30","tank2","D1_C2","CW","control","yes","White",222,-2,"11/22/2019 17:30","week5","tank2_control_yes_11/22/2019 17:30",22.40871311,"tank2_control_yes_White"
"11/22/2019","D1",40,"17:30","tank2","D1_C2","CNW","control","no","White",228,-3,"11/22/2019 17:30","week5","tank2_control_no_11/22/2019 17:30",22.35946557,"tank2_control_no_White"
"11/22/2019","D1",40,"17:30","tank1","D1_C1","CW","control","yes","White",224,0,"11/22/2019 17:30","week5","tank1_control_yes_11/22/2019 17:30",22.23309242,"tank1_control_yes_White"
"11/22/2019","D1",40,"17:30","tank1","D1_C1","CNW","control","no","White",228,0,"11/22/2019 17:30","week5","tank1_control_no_11/22/2019 17:30",21.61244868,"tank1_control_no_White"
"11/23/2019","D2",40,"17:30","tank4","D2_H1","HW","heating","yes","White",237,2,"11/23/2019 17:30","week5","tank4_heating_yes_11/23/2019 17:30",24.61225055,"tank4_heating_yes_White"
"11/23/2019","D2",40,"17:30","tank4","D2_H1","HNW","heating","no","White",NA,NA,"11/23/2019 17:30","week5","tank4_heating_no_11/23/2019 17:30",24.21540893,"tank4_heating_no_White"
"11/23/2019","D2",40,"17:30","tank3","D2_H2","HW","heating","yes","White",230,1,"11/23/2019 17:30","week5","tank3_heating_yes_11/23/2019 17:30",26.76874128,"tank3_heating_yes_White"
"11/23/2019","D2",40,"17:30","tank3","D2_H2","HNW","heating","no","White",233,2,"11/23/2019 17:30","week5","tank3_heating_no_11/23/2019 17:30",26.37693546,"tank3_heating_no_White"
"11/23/2019","D2",40,"17:30","tank2","D2_C2","CW","control","yes","White",221,-1,"11/23/2019 17:30","week5","tank2_control_yes_11/23/2019 17:30",23.02104527,"tank2_control_yes_White"
"11/23/2019","D2",40,"17:30","tank2","D2_C2","CNW","control","no","White",227,-2,"11/23/2019 17:30","week5","tank2_control_no_11/23/2019 17:30",22.99587395,"tank2_control_no_White"
"11/23/2019","D2",40,"17:30","tank1","D2_C1","CW","control","yes","White",224,-1,"11/23/2019 17:30","week5","tank1_control_yes_11/23/2019 17:30",22.7619966,"tank1_control_yes_White"
"11/23/2019","D2",40,"17:30","tank1","D2_C1","CNW","control","no","White",227,0,"11/23/2019 17:30","week5","tank1_control_no_11/23/2019 17:30",22.178694,"tank1_control_no_White"
"11/24/2019","D3",40,"17:30","tank4","D3_H1","HW","heating","yes","White",224,5,"11/24/2019 17:30","week5","tank4_heating_yes_11/24/2019 17:30",24.52532264,"tank4_heating_yes_White"
"11/24/2019","D3",40,"17:30","tank4","D3_H1","HNW","heating","no","White",NA,NA,"11/24/2019 17:30","week5","tank4_heating_no_11/24/2019 17:30",24.38823822,"tank4_heating_no_White"
"11/24/2019","D3",40,"17:30","tank3","D3_H2","HW","heating","yes","White",235,7,"11/24/2019 17:30","week5","tank3_heating_yes_11/24/2019 17:30",26.25867489,"tank3_heating_yes_White"
"11/24/2019","D3",40,"17:30","tank3","D3_H2","HNW","heating","no","White",240,9,"11/24/2019 17:30","week5","tank3_heating_no_11/24/2019 17:30",24.638337,"tank3_heating_no_White"
"11/24/2019","D3",40,"17:30","tank2","D3_C2","CW","control","yes","White",223,0,"11/24/2019 17:30","week5","tank2_control_yes_11/24/2019 17:30",23.32235157,"tank2_control_yes_White"
"11/24/2019","D3",40,"17:30","tank2","D3_C2","CNW","control","no","White",226,-1,"11/24/2019 17:30","week5","tank2_control_no_11/24/2019 17:30",23.12122712,"tank2_control_no_White"
"11/24/2019","D3",40,"17:30","tank1","D3_C1","CW","control","yes","White",222,-1,"11/24/2019 17:30","week5","tank1_control_yes_11/24/2019 17:30",22.86777743,"tank1_control_yes_White"
"11/24/2019","D3",40,"17:30","tank1","D3_C1","CNW","control","no","White",227,0,"11/24/2019 17:30","week5","tank1_control_no_11/24/2019 17:30",22.29386254,"tank1_control_no_White"
"11/25/2019","D4",40,"17:30","tank4","D4_H1","HW","heating","yes","White",246,4,"11/25/2019 17:30","week5","tank4_heating_yes_11/25/2019 17:30",24.67020249,"tank4_heating_yes_White"
"11/25/2019","D4",40,"17:30","tank4","D4_H1","HNW","heating","no","White",NA,NA,"11/25/2019 17:30","week5","tank4_heating_no_11/25/2019 17:30",24.53226263,"tank4_heating_no_White"
"11/25/2019","D4",40,"17:30","tank3","D4_H2","HW","heating","yes","White",229,0,"11/25/2019 17:30","week5","tank3_heating_yes_11/25/2019 17:30",26.27792268,"tank3_heating_yes_White"
"11/25/2019","D4",40,"17:30","tank3","D4_H2","HNW","heating","no","White",NA,NA,"11/25/2019 17:30","week5","tank3_heating_no_11/25/2019 17:30",24.638337,"tank3_heating_no_White"
"11/25/2019","D4",40,"17:30","tank2","D4_C2","CW","control","yes","White",223,0,"11/25/2019 17:30","week5","tank2_control_yes_11/25/2019 17:30",23.38066892,"tank2_control_yes_White"
"11/25/2019","D4",40,"17:30","tank2","D4_C2","CNW","control","no","White",226,0,"11/25/2019 17:30","week5","tank2_control_no_11/25/2019 17:30",23.24658029,"tank2_control_no_White"
"11/25/2019","D4",40,"17:30","tank1","D4_C1","CW","control","yes","White",218,-9,"11/25/2019 17:30","week5","tank1_control_yes_11/25/2019 17:30",22.99279114,"tank1_control_yes_White"
"11/25/2019","D4",40,"17:30","tank1","D4_C1","CNW","control","no","White",227,0,"11/25/2019 17:30","week5","tank1_control_no_11/25/2019 17:30",22.38023895,"tank1_control_no_White"
"11/26/2019","D5",40,"17:30","tank4","D5_H1","HW","heating","yes","White",250,10,"11/26/2019 17:30","week5","tank4_heating_yes_11/26/2019 17:30",24.93098621,"tank4_heating_yes_White"
"11/26/2019","D5",40,"17:30","tank4","D5_H1","HNW","heating","no","White",NA,NA,"11/26/2019 17:30","week5","tank4_heating_no_11/26/2019 17:30",24.51305937,"tank4_heating_no_White"
"11/26/2019","D5",40,"17:30","tank3","D5_H2","HW","heating","yes","White",233,2,"11/26/2019 17:30","week5","tank3_heating_yes_11/26/2019 17:30",26.42228109,"tank3_heating_yes_White"
"11/26/2019","D5",40,"17:30","tank3","D5_H2","HNW","heating","no","White",NA,NA,"11/26/2019 17:30","week5","tank3_heating_no_11/26/2019 17:30",24.72478665,"tank3_heating_no_White"
"11/26/2019","D5",40,"17:30","tank2","D5_C2","CW","control","yes","White",224,2,"11/26/2019 17:30","week5","tank2_control_yes_11/26/2019 17:30",23.40982759,"tank2_control_yes_White"
"11/26/2019","D5",40,"17:30","tank2","D5_C2","CNW","control","no","White",227,0,"11/26/2019 17:30","week5","tank2_control_no_11/26/2019 17:30",23.24658029,"tank2_control_no_White"
"11/26/2019","D5",40,"17:30","tank1","D5_C1","CW","control","yes","White",220,2,"11/26/2019 17:30","week5","tank1_control_yes_11/26/2019 17:30",22.99279114,"tank1_control_yes_White"
"11/26/2019","D5",40,"17:30","tank1","D5_C1","CNW","control","no","White",233,0,"11/26/2019 17:30","week5","tank1_control_no_11/26/2019 17:30",22.41862846,"tank1_control_no_White"
